user_account,days_over_50_tweets,days_hour_ge_6_tweets,total_days_over_limit
#DogeLifer,0,1,1
#TradingAllIn™ PoorsGuide.com all markets research,0,1,1
#pepecoin_network fanclub,0,1,1
$DOGE 🔥🚀☁️🌎⭐️🌝 #NFA,0,1,1
$ShillcoinHERO,0,1,1
$Sol Mane,6,13,19
$ameboy,0,1,1
$Ðogecoin Raw 🍑,0,4,4
(ᵔᴥᵔ)Green Mochi🍡🐶🖼️,0,1,1
.,2,7,9
...,1,5,6
02Mucahido,0,1,1
070guy,0,2,2
0Philjones,7,14,21
0Philjons,4,18,22
0bservant_1,0,1,1
0x3Kenzo,0,1,1
0xANARCHO,0,1,1
0xEmily_sol,0,1,1
0xHamadav,0,3,3
0xNhlanhla.eth,0,1,1
0xNurex,0,1,1
0xNyv ✨🚀,0,1,1
0xReomi,0,1,1
0xTheProfessor,0,1,1
0x_SamPaul,0,1,1
0xantonchigurh,0,1,1
0xfritzc,0,1,1
0xindigoat,1,5,6
1000xMooncoins,0,2,2
11_Tsunami,3,0,3
11thmetergalaxy,0,22,22
1208Rogan001,0,1,1
1234cti0N,0,1,1
12silkySunny,0,3,3
12th Stealth,0,1,1
13dogecoin,0,6,6
1558ducky,0,5,5
15_IQ_Capital,0,1,1
1900miguelangel,0,1,1
1985HuangJian,0,1,1
19b62b4fe897449,0,1,1
1Doge1Doge1,0,1,1
1Dogecoin2,0,1,1
1KingFB,0,1,1
1Ussmg,0,1,1
1eyedfreaks,0,1,1
1sai_krishna,0,1,1
2017automan,0,1,1
2025_Bitcoin,0,1,1
2027Politics,0,1,1
21MBitcoinHero,0,1,1
241Photography,0,1,1
24Ivy1908,0,2,2
24kreality_,0,1,1
27Marcelomora,0,1,1
27Munoz,0,8,8
2Much4U2handle0,0,1,1
2tallMGN,0,1,1
2witteraphobia,0,1,1
303_meaning,0,3,3
34istanbul75,0,1,1
3eorilas,0,2,2
420Doges,0,1,1
444 ✫,0,1,1
4everdoug,0,1,1
4huckleberry2,0,1,1
4seasons,0,2,2
5.0 INVERTED.ETHmaxi 🙃,0,1,1
540856,0,1,1
57_water,1,1,2
5_0Trading,0,1,1
6079xSmithxW,0,1,1
631klo,0,1,1
666sixism,0,2,2
69MAJ420TOM,0,1,1
69dogecoin,6,23,29
718Reemo,0,1,1
77Usag,0,1,1
7Days_space,0,8,8
8l0tD0ntW1p3,0,2,2
999sadkid,0,1,1
99rWgta,0,1,1
99sicnarf,0,1,1
9uDbDz80YBlN3yP,0,1,1
@MrROI2high AKA Levi GAINZ,0,1,1
@misconfig_exe,0,1,1
@olly.st on 🦋,0,1,1
A R E E J,1,1,2
A real person,0,2,2
A.,0,1,1
A. B.,0,1,1
A.L.I.C.E. AI the Rogue Terminal,0,1,1
A000585,0,1,1
A28401,0,1,1
A45256Adam,0,7,7
AA,0,1,1
AAli22306289,0,1,1
ABC_ether,0,1,1
ABDLMJID825809,0,1,1
AC,0,1,1
ADRIAN Maliniak,0,1,1
ADVIK_SIGNALS,0,4,4
AFŞİNBEY,0,1,1
AGNJoe,0,2,2
AHG Dogecoin,0,1,1
AHMAD ADEDAMOLA. Prophet Ahmad,0,1,1
AJA71700,0,1,1
AJCV1995,0,1,1
AKHSASI,0,1,1
ALBERTO_ALARIDO,0,1,1
ALIENPING0,0,1,1
ALLINTRADERS1,0,1,1
ALLISONLUIZ2,0,1,1
ALPHA_GH0ST7,0,1,1
ALTCOIN_Z,0,2,2
AMBITION,0,1,1
AMG_Degen,0,1,1
ANISH PANDEY,0,1,1
ANNA49699164,0,1,1
ANON_WeAreANON,0,1,1
APE evolution,0,1,1
APES vs Wall St.,0,1,1
APEof_Wall_st,0,1,1
ART,0,1,1
ARV2TRY,0,5,5
ARazouli,0,1,1
AXE,0,1,1
Aarontech01,0,1,1
Abba_Gallah52,0,1,1
Abbas_Abdul5,0,1,1
Abbasborji8,0,5,5
Abbashakan1,0,1,1
Abc925681695929,0,2,2
Abdelghani,0,1,1
Abdiaziiz Omar,0,1,1
Abdirahman_jick,0,1,1
Abdul money💡💷,0,1,1
Abdul18827836,0,3,3
AbdullahiDabai2,0,1,1
Abhijit16619184,0,1,1
Abhishe85245342,0,1,1
Abraham☦️,0,1,1
Abraham✝️,0,1,1
AcceptÐoge,0,1,1
Ad1tyaNarayana,0,1,1
Adam Cardona,0,1,1
AdamAltcoin,0,1,1
Adamant00771723,0,1,1
Adan,0,2,2
Adan64422430,0,3,3
Adele Bedford 💙,0,1,1
Adelrick76,0,1,1
Adesh1204,0,1,1
AdesileGaniyu,0,1,1
Adew_07,0,1,1
Adil82776574,0,1,1
AdiugriP,0,1,1
AdolfAlbrechtz,0,2,2
AdrianoinJapan,0,2,2
AfolabiOlaniy11,0,1,1
Afshin91252303,0,1,1
AgabiKevwe,0,1,1
AgeOfTopTiers,3,4,7
AgentGenzai,0,1,1
AgentWyck,0,1,1
Agent_47_Trump,0,1,1
AgioKajal,0,1,1
AgmKart,0,2,2
Agoracalls,0,1,1
Ahilya,0,1,1
Ahmed Hassan,0,1,1
AhmedMo26037717,0,1,1
AhmetCura06,0,1,1
Ahplt2,0,1,1
AilanDuong,0,2,2
AimlessFairy369,0,1,1
Ainea91035293,0,1,1
Aitzaz Tahir,0,3,3
AjayShar15,0,1,1
Akanksha Saxena,0,1,1
AkashKu54170124,0,1,1
AkeemLovesYou,0,2,2
Akevin STRK,0,1,1
AkhtiarMir58304,0,1,1
Akinyemi Oluwafemi,0,1,1
AlAzad_Azad,0,1,1
Ala,0,2,2
Ala350342540415,0,2,2
AlaafinOwoade,0,1,1
Alan,0,1,1
Alarmados1,0,1,1
AlaskaCrypto,0,1,1
AlaskaLife,0,1,1
Albert N Milliron,0,1,1
Albert_Mackey5,29,82,111
AleartsBan15622,0,2,2
Alex Rumba 🐕 🐶🚀🚀🚀,0,1,1
Alex Stuart,0,1,1
Alex 🇺🇸,0,1,1
AlexM,0,1,1
AlexTum18,0,1,1
Alexanderkrypt,1,2,3
Alexandra99959,0,11,11
Alexcrypto235,0,6,6
AlfaTerminal,0,1,1
AlfredSanchezJr,0,1,1
AlgarnonChief,1,2,3
AlgarnonM,0,1,1
Algopatrick1,0,1,1
Ali Es,0,1,1
Ali54994785,0,1,1
Ali61583427,0,1,1
AliJafaryi,0,1,1
AliceBlockland,0,1,1
Alicewatkins766,0,3,3
AliciaRigby1,0,1,1
AlienAmerican,0,1,1
AlienContention,0,1,1
Alireza71725000,0,1,1
AlisioOzzie,0,1,1
Alizeh,0,1,1
All in Dogecoin,0,1,1
AllCleaNer2026,0,1,1
Allaboutbit,0,1,1
AllajuneCrypto,4,22,26
AllamLaxman,0,1,1
AloYildiz2,0,1,1
Alonso89009,0,2,2
Alphasignals11,3,17,20
AlsoNotDaniel,0,1,1
AltCoinTracker,0,1,1
AltcoinLiveBot,9,35,44
AltcoinMage,0,1,1
AltcoinRobin,0,1,1
AltcoinShihan,0,1,1
AltcoinsBitcoin,0,1,1
Alternative_Ada,0,1,1
AlvaApp,0,1,1
AlwaysAble,0,1,1
Alx88Dogecoin,0,2,2
Amanda Flowers,0,2,2
AmandaLouchart,0,1,1
AmberRasmussen,0,6,6
AmgDogecoin,0,1,1
AmiiBroNFC,0,2,2
Amin_jvd1,0,1,1
Aminpa,0,1,1
Aminsam56818150,0,1,1
Amir,0,1,1
Amir88522870,0,3,3
AmirLFC,0,1,1
Amirooooooo100,0,1,1
Amity,0,1,1
Amity53296997,0,1,1
Amlie,0,1,1
Ammulu,1,1,2
AmonBelial,0,1,1
AmoristLee,0,1,1
AmsiliRafael,0,1,1
Amy Stroud ❤️,0,1,1
AnaMeroMohamed,0,1,1
Anahitagolnar,0,1,1
Anand K ツ,1,1,2
AnansiStocks,0,1,1
AndSohItBegins,0,1,1
AndersonnCrypt,0,1,1
AndreLeu87,0,1,1
AndreaSisti8,0,4,4
AndrewW70149580,0,1,1
Andrew_1Blake,0,21,21
Andreyshunt,1,2,3
AndriaShea,1,19,20
AndroOxinu,0,2,2
Android1321,0,2,2
Andy07734861,0,1,1
Andy_dogecoin,0,10,10
Andy🐕𝕏Ð,1,15,16
Angel_is_on_X,0,1,1
AngelatorresE,0,1,1
Angelina_blondi,1,3,4
Angelojazs,0,1,1
AngelsFreak7,0,1,1
Angie Marie,0,1,1
Angry Crypto Show,0,1,1
Angry_Wolf,0,1,1
AnilBandari,0,1,1
Anil_efx,0,3,3
Aniljai72949252,0,1,1
Ann Woods,0,1,1
Anna64332399,0,1,1
AnnaLopezPadill,0,2,2
Anne Marie 🌺,0,1,1
AnnieMcMillen,0,1,1
Anshuman_eh_,0,1,1
Anthony Buchanan,0,1,1
Anthony Valenti,0,1,1
Anthony79169092,0,1,1
AnthonyPet87033,0,2,2
AnthonyTrades24,0,1,1
Anton06223,0,1,1
Anton23,0,1,1
AntoninoAtl,0,2,2
Antonio Zamudio,0,3,3
AntonioWestley,0,1,1
Antoníus meta-McFlintoc 3.0Ⲁ,0,2,2
Anuj_Azaad,0,1,1
AnumnuSamuel,0,2,2
AnupRoy001,0,1,1
AnyaNabila966,0,2,2
AnzalduaAnthony,0,1,1
Ape268,0,1,1
Ape_DL10,0,1,1
ApocoCrypto,1,4,5
Apple Thomas,2,2,4
Arabella beauty,0,1,1
ArashZarifian,0,1,1
Archie_Fred__,14,43,57
Argash_kurdman,0,1,1
AriDonFX1,0,1,1
Aria1543,0,1,1
AriasBeret96828,0,3,3
Aristo_Safar,0,1,1
Arjon16080195,0,1,1
ArquimedesSil20,0,1,1
ArtDegens,0,1,1
ArtGardenLLC,0,1,1
ArtisNFT,1,2,3
Arun99101220,0,9,9
Aryan,1,1,2
AsItStands63,0,4,4
Asematlee,1,1,2
Ash93149794,0,1,1
AsherBarachiel,0,1,1
AsifMug52580504,0,1,1
AskPerplexity,0,2,2
AsomNelzx,0,2,2
Aspandiyar Kurman,0,1,1
Aspirants890,0,3,3
AstaNoMagic,0,1,1
AstroDogecoin,0,1,1
AtlasCoree,0,1,1
AtomZomb,0,1,1
Attack Doge Coin,0,1,1
AusTripa,0,1,1
Austin_Yerson,0,1,1
Austin_fx4,0,4,4
AuthorMaze,1,8,9
AutomaticTrading.it #prorealtime #trading,0,1,1
AviOnAlpha,0,1,1
AvicennaCapital,0,1,1
AvocadoByProof,1,0,1
AxiomDigitalNJ,0,1,1
Aylin_Kaya6,0,1,1
Ayman_Helal001,0,1,1
AymasAqui,0,1,1
Ayo Creator,0,2,2
Ayodeji 🤩,1,1,2
AyorkaJozeph,0,1,1
Aysun05793560,0,1,1
AytekinBULUT20,0,1,1
AzraNonle,0,1,1
B17C0IN,0,3,3
BALEARICGOLF,0,2,2
BALfan81497,0,8,8
BARON65565830,0,1,1
BBheja,0,2,2
BE4Bit,0,1,1
BENSON J.L.,0,1,1
BEN_CRYPTOQ,0,8,8
BG12Infinity,0,1,1
BGelipter,0,4,4
BIGPUMP196242,0,1,1
BLPAuthority,0,1,1
BLUE CROCODILE,1,1,2
BMWuKong,0,1,1
BOBA - Dogecoin’s Founder Cat,0,1,1
BORNHIVPOZ89,0,2,2
BRBcryptocoin,0,2,2
BROSSSSLA,0,1,1
BRiP1WZBWslUOUE,1,1,2
BTC4adoption,0,1,1
BTCCoreToken,0,2,2
BTCNews_Latest,0,12,12
BTCTradeToken,0,1,1
BTCWorldNews,0,1,1
BUSTERMACGEE,0,1,1
Bab84926946,0,6,6
Babak76913667,0,1,1
BabakQolizadeh #BRG,0,1,1
Baby Doge Coin Value,1,0,1
BabyBurnsDaily,1,1,2
BabyMinero,0,1,1
BackToTheDoge,0,1,1
BagholderQuotes,0,1,1
BagwisSteve,0,1,1
BahramNabi1,0,1,1
BakaHokage,0,1,1
BallinTraders,0,1,1
Banboooos,0,2,2
BangGloriousNFT,0,1,1
BannerTennessee,0,1,1
Bannylasgidi 🇿🇦,0,1,1
BaoQ289,0,3,3
Barbara,0,1,1
BarronThee,0,1,1
BarrytoValhalla,0,1,1
BatasunaDoge,0,1,1
BbpsLt,0,1,1
BbpsLt001,0,1,1
BcJames #Rug the Fiat(Op_cat BIP347),0,1,1
BeCrypto,0,1,1
BeachDog69420,0,1,1
Beanrdavid123,0,2,2
BearInBathrobe,0,3,3
BeardedSpartan,0,1,1
Beaubknow,0,11,11
Beaufils37,0,1,1
Beautifusexiim,0,1,1
BeckytheDoge,0,1,1
BeefEnt,0,1,1
BeetMyMeats,0,1,1
Behzad17055480,0,4,4
Behzadjavanmar3,0,1,1
BekseSebek,0,1,1
BelalMo91983671,0,1,1
Belles_Coffee,0,4,4
BenGONZ10142109,0,1,1
BenJesse811,0,3,3
BenchKnowledge,0,1,1
BenesCrypto,0,1,1
Benny G,0,1,1
Bentley_Nero,3,10,13
Berlin,0,1,1
Bernie,0,1,1
Best11Cric,0,1,1
Beto Miranda,0,1,1
BeyondPnl,0,1,1
Bhechah,0,1,1
BhushanVishwas,1,3,4
BiFiance,0,1,1
BiGulpsHuuh,0,1,1
Bibles4Bitcoins,1,3,4
BietHenri,0,2,2
BigAl74709900,0,1,1
BigDawg959,1,3,4
BigImpactHumans,0,11,11
BigLedgerEnergy,0,1,1
Bigboss18updates,0,3,3
Bigboy7371,0,6,6
Bigdawg Financial,0,2,2
Biggaze1,0,1,1
BigginLee,0,1,1
Bigtco715,0,1,1
Bihari___Ladka,0,3,3
BillionairNext,0,7,7
BillionairesTe8,0,1,1
BillyGerena,0,1,1
BilpcoinC,0,1,1
Binancefutur,0,1,1
BinhoEugenio,0,1,1
BinkBillionare,0,1,1
BishopOfDoge,0,1,1
BiswajitGochh15,0,1,1
BitPerfect 💰,0,1,1
BitchistheNewB1,0,1,1
BitcoinDogecoin,0,2,2
BitcoinDomains,1,1,2
BitcoinForkNews,0,2,2
BitcoinGuidance,0,1,1
BitcoinLegend3,0,1,1
BitcoinMusic,0,1,1
BitcoinStripper,0,1,1
Bitcoin_Baddie_,0,1,1
Bitcoinbrain,0,1,1
Bitcoindestek0,0,8,8
BitcoinisLove3,0,1,1
Bite,0,17,17
BitkidMIK,0,1,1
Bitmann007,1,2,3
Bitmosis 🧪,0,1,1
Bitorzo4Dojo,0,1,1
Bitsellex,0,1,1
Bitshop5,0,1,1
Bjkcoin,0,1,1
Black_sugar55,0,1,1
BlackvirdMusic,0,2,2
Blaezd_,0,1,1
Blameshane,0,1,1
BlastingDogeTom,0,1,1
BlazePizza,0,1,1
BlazeSignals,0,1,1
BlijvenWij,0,1,1
Blockch95419504,0,1,1
BlockchainDoge,0,1,1
Blood_Hound13,0,4,4
BlueCooler9,0,1,1
BlueCrypto_,0,2,2
BlueberrySukita,0,1,1
Bluewire10,0,1,1
Bnayrdmedermisn,0,1,1
Bnyamin85709181,0,1,1
BoardDavid,0,2,2
BobMichelle411,0,2,2
BobMitch01,1,9,10
BobanPesca,0,1,1
Bobholthaus1,0,1,1
BolaniLorena,0,1,1
BollatoMartina,0,8,8
Boluwatifepays,0,1,1
Bongocoin,0,1,1
Boost Contracting,0,2,2
BootcampBooster,1,2,3
Bootylube,0,1,1
Borip320,0,1,1
BorsaKekligi,0,2,2
Boss Neutrale,0,1,1
BossMan19908482,0,1,1
Bossy_angel,0,1,1
Boston Segway Tours,0,1,1
BotBama,1,1,2
BotForTestin,1,2,3
Bots_Wanna,0,1,1
BoulaliKhaled,1,1,2
Bradicoin,0,7,7
Bradicoin10,0,25,25
Brady25222644,0,1,1
Brandon Weathers 📉🌐📈,0,2,2
BrandonMcCall31,0,1,1
BrantSchuler,0,1,1
BraymillerJr,0,1,1
Breezy_Cakes20,0,1,1
Brent DeSantis,0,1,1
Brett Murphy,33,35,68
Brhn5757,0,1,1
Brian0428,0,1,1
Brian88722997,0,2,2
BrianBarge490,0,1,1
BrianGPowell,0,4,4
BrightFuture🌻,0,1,1
BrightKenyaNews,0,1,1
Brilliant Gomez,0,2,2
BrookeBtc23,0,2,2
Bruce Banner,0,1,1
Bruce Miller 🐶,0,1,1
Bruce_derric,0,2,2
BrunoJs_s,0,1,1
BryanP40827172,0,1,1
BryceBurnworth2,0,1,1
BtcWhaleSpotter,0,2,2
BuLlDoGeMoOn1,0,1,1
Buba🙏🏽❤️✝️,0,2,2
Bubz Intern - Fan account 🫧 HL,0,1,1
BudE,0,1,1
Buddy leblanc,0,1,1
BuddyCastille,0,18,18
BuildOnBNBBOBAI,0,1,1
BullDogerr,0,3,3
BulletAiAgent,0,3,3
Bullish_Ambassador🚀,0,1,1
Bullseye4Crypto,0,1,1
Bullshitting Fantasy Commander🫡,0,1,1
Bullss_bears,0,1,1
Bullwalker78,0,2,2
Burak20044054,0,1,1
Burgererer,0,1,1
Bushy The Saint,0,1,1
Buster Hëimin,0,2,2
ButlerSimbi,0,1,1
Buttslugz,0,1,1
Buy your Dogecoin,0,2,2
BuyDoge1,0,2,2
BwcDeals,196,335,531
ByBén,0,1,1
C J $DIAM,0,1,1
C369P,0,1,1
C4Crypto4,0,1,1
CBCTrending,0,1,1
CBOnegative25,0,1,1
CBelan,0,2,2
CD Capital Management,0,9,9
CDCapMan,0,1,1
CDervish,0,1,1
CEO,0,5,5
CEO 2025,0,2,2
CEOmarcorp,0,1,1
CEOofDOGE,0,4,4
CFCBlakes,0,1,1
CFGI_MAEVE,0,1,1
CFjumper,0,2,2
CHARLES,0,1,1
CHRISsW0RLD,0,1,1
CHRIS’WORLD,0,1,1
CJUNIORC3,0,1,1
CJsCalls,0,2,2
CKellyAllen,0,12,12
COFFEEUR DOGE,0,2,2
COMMANDER ÐOGE LANDINGS,0,1,1
CORNICEMAN,0,1,1
CP,0,1,1
CPOfficialtx,0,1,1
CPmetax,0,1,1
CRYPTLOURDE,0,1,1
CRYPTO Facts BTC,0,2,2
CRYPTO MANIA 🚀🚀🌝,0,1,1
CRYPTO WORLD. Live,0,1,1
CRYPTOCHRIS24,0,5,5
CRYPTOMESSIAHFR,0,3,3
CRYPTO_BONAZ,7,28,35
CRYPTO_GEEK_14,0,1,1
CRYPTO_GLOBAL10,1,12,13
CSN2021,0,1,1
CSearchers,0,2,2
CSejjari,0,1,1
CSmith_Games,0,1,1
CUASL4,0,1,1
CWEmbassy,0,1,1
CY2FaQeqqACZOri,0,1,1
CalFrancelees,0,4,4
Calcitran3,0,1,1
CaliShibe714,0,2,2
Callisto ⚛️,0,1,1
Callme_Bee11,0,1,1
CamInTaunton,0,1,1
Cameronisdoge,0,1,1
Camille 👑💰,0,2,2
CanadaDogecoin,0,1,1
CandyShilll,0,1,1
Candyseul,0,1,1
CannabisCricket,0,1,1
Captain America,2,3,5
Captain Crypto,0,1,1
CarbelPegi,0,5,5
CardyTruster,0,1,1
Carlos J 🇩🇴 🇺🇸,0,1,1
Carlos62774150,0,7,7
CarlosC3030,0,1,1
CarmanyChris,0,1,1
Carol Danvers,0,1,1
CarolanReef,0,4,4
Caroline,0,1,1
Carolyn Fox,0,2,2
Carterslayde1,0,1,1
CaseyGripp,0,1,1
Cash_Lam1,0,5,5
Cat79945528,0,1,1
CatgeMeIfYouCan,0,1,1
CdDoge,0,1,1
CecyBarretoRoja,0,8,8
CentralChartsEN,0,1,1
Cephii1,6,12,18
CertifiedDevp,0,1,1
CgSoprano229,1,3,4
ChaVu83,0,1,1
Chad82555568,0,1,1
ChadHallack,0,1,1
ChaddJarrell,0,1,1
Chain Navigator,0,1,1
ChallengerCCT,0,2,2
Chalong Damchid,0,1,1
ChampionAmin1,0,1,1
ChanCoinGirl,0,7,7
Chandan Mohanty,0,1,1
ChandlerCharts,0,1,1
ChaosMoogle,0,1,1
Chapmanz1Mark,0,1,1
Charles87762546,0,1,1
Charley James,0,2,2
Charlie Wells,0,1,1
Charlotte_muott,1,3,4
Chasefox901,0,1,1
CheekAnalytics,0,1,1
Cheems Neil,1,1,2
ChefRonMartel,0,1,1
Cherelle_Levell,0,1,1
CherriesCrypto,0,1,1
ChetAndrewGrant,0,8,8
ChiamKeegan,0,1,1
ChicoDoge,0,1,1
ChiefofDogecoin,0,2,2
ChillonValue,0,2,2
Chintan l patel,0,1,1
Chlo27e,0,5,5
Cho53290615Hari,0,1,1
Choose Dragons,0,1,1
ChoushShoeb,0,18,18
ChrIs_lgtech,0,2,2
Chris B 💎🙌,0,3,3
Chris9339134630,0,1,1
ChrisArbaugh4,0,1,1
ChrisJordanTwit,203,11,214
Chris_Bianca_BB,0,1,1
Christi75651368,0,1,1
Christo44965952,0,1,1
Chuck Maurice,0,2,2
ChuyEVC,0,1,1
Chyld,0,1,1
Cigar Monkey,0,1,1
CillianRailbone,0,1,1
Cinema Dude,1,1,2
CivDqcHmgxu25pe,0,1,1
Cl0akzz,0,1,1
ClankApp,53,96,149
ClankApp - Crypto Whales Tracker 🐳,13,26,39
Clark_Kent2017,0,1,1
ClawsEncounter,0,1,1
Clint Barton,0,1,1
Clumsy Clara,0,2,2
ClumsyClaraInu,0,7,7
Cndnewsfeed,9,54,63
CoCaretta,0,1,1
CobeDoge,0,1,1
Coceadowss,0,4,4
CocoBlueEyez,0,1,1
CodeDoge69420,0,7,7
CodeNeo,0,1,1
Cody Maloney,0,1,1
CoinCorgi,0,1,1
CoinCornerDanny,0,1,1
CoinHound1,0,1,1
CoinMan34,0,1,1
CoinSignalBot,0,15,15
CoinTradingBoy,0,3,3
CoinWendy,0,1,1
CoindicatorBot,1,4,5
Coinsnapp7er,0,1,1
ColeTrickle____,1,3,4
ColinClancy13,0,2,2
CommanderBFC,0,4,4
CommandoSan,0,1,1
CommunityCanon,0,1,1
Confused7Ai,0,3,3
ConsciousDoge,0,2,2
CorX2025,5,89,94
CorndogJezus,0,1,1
Cosmic Shifter,0,1,1
Cotto,0,1,1
CouponMeUp,0,2,2
CozyCabbage,0,1,1
Cparty43,0,1,1
Craving Golf,0,1,1
Crazy Crypto hn,0,1,1
CrazyDoge9,0,1,1
CrazyEdsJerkied,0,1,1
CreatorAsim,0,1,1
CricUniverse7,0,1,1
CriptoB2B,0,1,1
CriptoGivesBack,0,2,2
Criptomaniaco8,0,1,1
Cristal,0,1,1
CroatiaDoge,0,1,1
Crossovacrossov,0,1,1
CrryptoMart,0,1,1
CrunchCoins,0,3,3
Cry_ptosurff,14,35,49
Cryp_Power,0,3,3
Crypkwondo,0,1,1
Crypt0 Radar News,12,28,40
Crypt0000000_,0,1,1
Crypt0MichNIL,0,3,3
CryptPshyc,0,1,1
Cryptdiamond,0,4,4
CrypterStrato,0,1,1
Cryptiv,1,7,8
Crypto Alpha,0,1,1
Crypto Camper #DOGE #ETH #BTT #XRP #SAFESTAR,0,1,1
Crypto Clothing Merchandise Shop,0,1,1
Crypto Crane,1,17,18
Crypto Daily Trade Signals,0,4,4
Crypto Dope,0,1,1
Crypto Enthusiast,8,17,25
Crypto Hardware Wallets,0,2,2
"Crypto Hogwarts ⚡🥷( 💜 , 🏔️ )",0,1,1
Crypto Messiah | Meme Arch Bishop,0,1,1
Crypto Upcoming Updates,0,1,1
Crypto bass🚀,0,1,1
Crypto10Rex,0,1,1
Crypto3OT,0,2,2
Crypto65692875,0,1,1
Crypto6Super,0,1,1
Crypto912945,0,1,1
CryptoA40672341,0,3,3
CryptoA80512,29,52,81
CryptoALH,0,1,1
CryptoActually,0,1,1
CryptoAgent47,0,1,1
CryptoB32096813,0,1,1
CryptoB98024062,0,1,1
CryptoBenjaam,0,4,4
CryptoBooksAlt,0,4,4
CryptoBrandenDG,0,10,10
CryptoBreakNews,0,1,1
CryptoCards,0,1,1
CryptoCards_,0,1,1
CryptoCheckBook,0,1,1
CryptoChrisG,0,1,1
CryptoCryptoNe3,1,1,2
CryptoDOGEGOD,0,2,2
CryptoDarthX,0,17,17
CryptoDoge9527,0,1,1
CryptoDoggs,0,1,1
CryptoDrummerN,0,1,1
CryptoG39071631,0,1,1
CryptoGVN1,0,1,1
CryptoGemz_,0,1,1
CryptoGoldfish,0,1,1
CryptoGuibz,0,1,1
CryptoHobo6,0,1,1
CryptoHub,0,1,1
CryptoJ93030017,0,2,2
CryptoJS13,0,1,1
CryptoJoeReal,0,2,2
CryptoJoke3,0,1,1
CryptoJolly98,0,24,24
CryptoJuanan,0,1,1
CryptoK86032293,0,1,1
CryptoKCO,0,2,2
CryptoKaleo,0,1,1
CryptoKaptor,0,1,1
CryptoL0ck,0,1,1
CryptoLegit6,2,3,5
CryptoLever,0,1,1
CryptoLiebs,0,4,4
CryptoLionp,0,1,1
CryptoMafia247,0,1,1
CryptoMarketCa7,0,3,3
CryptoMartin7,0,2,2
CryptoMay7,0,1,1
CryptoMomo4,0,2,2
CryptoMoney1983,0,1,1
CryptoMonkeyDeF,1,1,2
CryptoN65959445,0,1,1
CryptoNews24h7d,0,1,1
CryptoNewsBot,0,2,2
CryptoOdin2,0,1,1
CryptoPaintBoy,1,1,2
CryptoPetz1,0,2,2
CryptoPollz,0,1,1
CryptoPredicti1,0,1,1
CryptoPrifti,0,1,1
CryptoQand,0,1,1
CryptoRise999,1,2,3
CryptoRocky,1,1,2
CryptoScienti,0,1,1
CryptoStylesUSA,0,2,2
CryptoT02,0,4,4
CryptoT33822531,0,3,3
CryptoTankGirl1,1,6,7
CryptoTtraders,0,1,1
CryptoTube,0,1,1
CryptoTv Xchange 🔌🦅,0,1,1
CryptoVeritas4,0,1,1
CryptoWappie,0,1,1
CryptoWhiskies,0,1,1
CryptoWor1d,0,13,13
CryptoYeezussss,0,1,1
Crypto_Atheist_,1,1,2
Crypto_BigWhale,0,1,1
Crypto_Mahomoto,0,1,1
Crypto_TheTime,0,1,1
Crypto_Woman_O,0,1,1
Crypto__369,0,1,1
Crypto__Papi,0,2,2
Crypto_life4,0,1,1
Cryptoboss,0,1,1
Cryptocrisy,0,1,1
Cryptod91117326,0,1,1
Cryptoemma_14,0,1,1
Cryptog83502024,0,1,1
Cryptogen901,0,4,4
Cryptoinvest752,0,1,1
CryptoldeaAlert,0,1,1
Cryptoleague01,0,1,1
Cryptolid.io,0,2,2
Cryptolid_io,0,3,3
CryptonateMe,0,1,1
CryptonicJuice,0,1,1
CryptopepperP,0,1,1
Cryptophobia,0,1,1
Cryptosmin,0,1,1
Cryptothai420,0,1,1
Cryptotrekker,0,1,1
CryptotwitsHQ,0,1,1
CryptowithVivek,0,1,1
Cryptowonderful,0,2,2
Crypto|Radar,0,1,1
Crystal,0,1,1
Crystalbubu1,0,1,1
Ctr_movement,0,1,1
CueSplicer,0,1,1
Culture Doge,0,5,5
CultureHey,0,2,2
Cupidoge,0,4,4
Cupseyy_frntrn,0,1,1
Curlyoiner,0,1,1
Currency Times,0,2,2
CurrencyTimes,0,30,30
Cyb3rEchos,0,1,1
Cyber Animals,0,2,2
CyberGℹ️RL🌹™️©💫❤️SecuredEra💫,0,1,1
CyberZaraB_tech,0,1,1
Cyber_Dogecoin,0,1,1
Cyebit,0,1,1
D-M 10000,0,2,2
D. WILLIAMS MUCH WOW!!!,0,1,1
D.I.N.K.,0,1,1
D.O.G.E,0,1,1
D.O.G.E. 🚀🌗,0,1,1
D0GED0LLAR,0,2,2
DA VINCI MORNINGSTAR,0,1,1
DANOLOGY,0,3,3
DAOCommuniity,0,1,1
DARRANJACKSON1,0,2,2
DAVID_1PARKER,0,1,1
DBlack_Samurai,0,1,1
DCA_Cryptoz,0,2,2
DCAlphaOfficial,0,2,2
DFreecoin,0,1,1
DHarpz,0,1,1
DHartadrew,0,1,1
DIGIBYTE & DOGECOIN,0,1,1
DINGI,1,1,2
DIPR_Leh,0,2,2
DJM09068876,0,4,4
DJTDIGITAL,0,3,3
DJ__Avelino,0,1,1
DMCREDI,0,1,1
DOGE LIFE X,0,3,3
DOGE NEWS NETWORK,0,3,3
DOGE ONE🚀🌕,6,27,33
DOGE United States🇺🇸,0,1,1
DOGE WHISPERER🐕🦍😎🛸,0,1,1
DOGE 🌙,0,1,1
DOGEAFICIONADO9,0,1,1
DOGECOIN,0,2,2
DOGECOIN & XMoNeY,0,5,5
DOGECOIN / CRYPTO UPDATES,1,6,7
DOGECOIN BALLERS 💛🦮💛🦮💛,0,1,1
DOGECOIN CONTACT LENS,0,1,1
DOGECOIN MOON,0,1,1
DOGECOINFamilyD,0,14,14
DOGECOINSPUMP,0,3,3
DOGECOINUNIVER1,0,1,1
DOGECOIN_201_3,0,1,1
DOGECOIN📈📈📈,0,1,1
DOGEINUDOGEINU,0,1,1
DOGELIONS,0,5,5
DOGESOLDIER5,0,1,1
DOGE_5Dollar,0,1,1
DOGE_COIN___,0,1,1
DOGE_Generation,0,1,1
DOGE_MIKE_,0,5,5
DOGEazzy,0,1,1
DOGEnELON,0,1,1
DOGUE75010457,0,1,1
DOGUSwap - Swap 0% fee any Coin you have,0,1,1
DONDOGE5000,0,2,2
DOSHIBATOKEN,0,2,2
DOSU ARMY,0,1,1
DRI00243105,0,1,1
DRTYGZUS,0,1,1
DRockStocks,0,1,1
DTLLC_1,1,7,8
DTOM_Vape,0,1,1
DVuS,0,1,1
D_O_G_E_420,0,1,1
D_Y_S_21,0,7,7
Dagnum_PI,0,1,1
DagoLauritoz1,3,16,19
DagogoldFX,0,1,1
DakotaNft42,0,1,1
DamianCleary,0,3,3
DamienBoss,0,1,1
Damiloski135,0,1,1
Dan D.,0,1,1
DanBilzerion_,0,1,1
Dan_Cryptoverse,0,1,1
DaniDani343,0,1,1
Daniel Lipsmeyer,0,3,3
DanielA65055463,0,1,1
DanielFishfac3,0,1,1
DanielJ77510064,0,1,1
DanielLipsmeye9,0,1,1
DanielPradofx0,0,5,5
Daniel_U18470,0,3,3
Dank_Stretchz,0,5,5
Danny Carr,0,1,1
Danny Quintana,0,1,1
Danny_dne,0,1,1
Dannydaduke88,0,1,1
Danology10,0,12,12
DanteRoxxxxx,0,1,1
Dardaos,1,1,2
Daredevil,1,1,2
DarkNikkon,27,44,71
Darling Vicky 🦖,1,1,2
DarrenMcDoge,0,1,1
Darth Grok,0,7,7
DarthDoge1,0,1,1
DarthMemeX,0,1,1
DarynaDogeGirl,0,2,2
DataLinguist,0,1,1
DaulaniKumar,0,1,1
Dave Setliff 🇺🇸,0,1,1
DaveDiamondHand,0,1,1
DaveDogecoin,0,3,3
Daveluiz11,0,1,1
Davemconte,0,1,1
David Chen,0,1,1
David Koil,0,1,1
David Rockefeller,0,2,2
David Rodríguez,0,2,2
DavidNapper,0,1,1
David_kratzer2,0,4,4
Davies,1,1,2
Davisxrecovery,0,1,1
DavySlenderass,0,1,1
Dawg Mentality Baseball,0,1,1
DawnPattee,0,1,1
Daya Singh,0,1,1
DaytradeShane,0,1,1
DeFiKing0t,0,1,1
DeaDaiy,0,1,1
DeadSh0rtXf3r,0,1,1
Dealking87,0,1,1
DeanLogic,0,1,1
DearJaemcityx,0,1,1
DeeFiFoFum,0,2,2
DeepFuckngValue,0,1,1
Deepak Singh,0,1,1
DeepakOffline,0,6,6
DefiMaximus,0,8,8
DefirstJames,0,1,1
Deg3ntrades,0,1,1
Degen19999,0,1,1
DegenWormHole,2,7,9
Degen_Radar,0,1,1
Degen_gambler07,0,1,1
Degenimis,0,1,1
Dela81471236,11,22,33
Deluxe Dog,0,1,1
DemiurgoLourei1,0,1,1
DemoA2z,0,2,2
Denies208,0,2,2
Denis Reich,0,1,1
DeniseLeobat,0,1,1
DennisZukowski,0,1,1
Dereck1549,0,2,2
DerekBoon2,0,1,1
Derickadamss,0,1,1
Dero_is_coming,0,1,1
DerrickAu4,0,1,1
DeservingDanny,0,1,1
Destinycrypto11,0,1,1
DeveloperAlien,1,2,3
Devin Thornburgh,0,1,1
DeweyCoxxxx,0,1,1
DhirajBhandari_,0,1,1
DiaCa_01,0,1,1
DiabetesTom,0,1,1
DiamondPaws,0,1,1
DickFinance_,0,2,2
Diegoandres0594,0,1,1
Difjgkft,0,1,1
DigitalID_,0,1,1
DigitalMar81780,0,2,2
DiigitalAgency,0,3,3
DilawarNaseer,0,4,4
Dima4doge,1,1,2
Dimiantreez,0,3,3
Dimitryjansen,0,9,9
Dimmn82,0,6,6
DineroDarryl,0,2,2
Dinesh ladwa,0,2,2
Dirado250435,0,1,1
Disha01285796,0,1,1
Disney__Bound,0,5,5
Distorted1234,0,1,1
Div94498126,0,1,1
DniaUtiy,0,1,1
Do.Only.Good.Everyday,0,1,1
DoUevenDOGEbro,0,3,3
DoYOUAcceptDoge,0,1,1
DobeMoonShot,1,2,3
DocSunshine🌻💰,0,1,1
DoctorCryptoPHD,0,1,1
Documenting Dogecoin,0,1,1
DogNumeroUno,0,3,3
Doge Catcher,0,1,1
Doge Coin Family,1,1,2
Doge Deeds,0,1,1
Doge Madness,0,1,1
Doge Node Runner,0,2,2
Doge Norway,23,72,95
Doge Price Tracker,1,0,1
Doge Private,0,1,1
Doge Propaganda,0,1,1
Doge Since Point 001,0,2,2
Doge Takeover,0,5,5
Doge To The Moon,0,1,1
Doge To The Moon🌙,0,1,1
Doge is Inevitable,0,1,1
Doge of Wall St,1,2,3
Doge07216904,0,1,1
Doge2A,1,1,2
Doge4Faithful,1,17,18
Doge4Life5,0,1,1
Doge6tomars,0,1,1
DogeAMCRocket,0,1,1
DogeAlgo,0,1,1
DogeAlwaysWins,0,1,1
DogeBlocky,0,1,1
DogeBodyguard,0,5,5
DogeBonkerr,0,1,1
DogeBull1,0,1,1
DogeCat6,0,1,1
DogeChuy,2,5,7
DogeCoi69013576,0,1,1
DogeCoi77382746,0,2,2
DogeCoin Community 🚀,0,2,2
DogeCoin Grower,0,3,3
DogeCoin London,0,2,2
DogeCoin Miner,0,1,1
DogeCoin Movement 🚀,4,21,25
DogeCoin boi,0,1,1
DogeCoin designer,0,1,1
DogeCoin is the Future,0,9,9
DogeCoinArmy101,0,2,2
DogeCoinArmyGe1,0,1,1
DogeCoinAud,0,1,1
DogeCoinCapsule,0,1,1
DogeCoinDip,0,9,9
DogeCoinEmperor,0,1,1
DogeCoinFanClu1,0,1,1
DogeCoinForLife,0,1,1
DogeCoinHolder,1,2,3
DogeCoinRTing,0,4,4
DogeCoinV22,0,1,1
DogeCoinWarrio4,1,8,9
DogeCoin_Inv,0,1,1
DogeColorado,0,1,1
DogeExplosion,0,1,1
DogeFamMomma,0,1,1
DogeFamily🤟💎🇺🇲,0,5,5
DogeForward➡,0,1,1
DogeFundamenta1,0,1,1
DogeGF69,0,1,1
DogeGalaxy //// Ancientsoul Official,0,1,1
DogeGold1,0,1,1
DogeGork,0,1,1
DogeGuy12345678,0,10,10
DogeHistorian,0,3,3
DogeHoque,0,4,4
DogeJovica,0,1,1
DogeKing,0,1,1
DogeLord_999k,0,1,1
DogeManR2D2,0,1,1
DogeMeTooDeMoon,0,2,2
DogeMemeFactory,0,2,2
DogeMemeKing,0,4,4
DogeMetty69,0,1,1
DogeMikeA,0,1,1
DogeMoonMain,0,2,2
DogeNation12,0,1,1
DogeOdds,35,43,78
DogeParkToken,0,1,1
DogePile,0,1,1
DogePolaroid,0,1,1
DogeQueen_,0,4,4
DogeRe𝕏 🦖,0,1,1
DogeRulesEvery1,0,1,1
DogeSeeds,0,2,2
DogeSeeds🇨🇦,0,1,1
DogeShinobi,0,1,1
DogeTerminalAI,0,1,1
DogeToMarsRover,0,1,1
DogeToSun1,0,1,1
DogeTradeAlerts,3,14,17
DogeTwoArmy,0,2,2
DogeWave,0,2,2
DogeWhales,0,10,10
DogeWitMe,0,1,1
DogeWreck,1,1,2
Doge_66666,0,1,1
Doge_Ambassador,0,2,2
Doge_Beggar,0,1,1
Doge_Coin5648,0,1,1
Doge_Dad_E,0,1,1
Doge_SURGE,0,1,1
Doge_Yoda,0,2,2
Doge_is_mOney,0,1,1
Dogecar98,0,1,1
Dogechannel3,0,1,1
Dogecoi21748300,0,1,1
Dogecoi93423080,0,1,1
Dogecoin Archives,0,1,1
Dogecoin Bully,0,1,1
Dogecoin D. O. G. E.,0,2,2
Dogecoin Donny,14,30,44
Dogecoin ETF (Community),0,4,4
Dogecoin Empire,0,1,1
Dogecoin Evolution,0,2,2
Dogecoin FC❤️🦊,0,2,2
Dogecoin For Life and other crypto,0,3,3
Dogecoin GER 🇩🇪🇺🇦🇮🇱 🚬🐔🐟,0,2,2
Dogecoin LOVE,0,2,2
Dogecoin Legacy,9,17,26
Dogecoin McRibblets🏆,0,6,6
Dogecoin Meme Maker,0,15,15
Dogecoin Moon $$$$$ let's go,0,1,1
Dogecoin Nick,0,1,1
Dogecoin Nigeria 🇳🇬,0,1,1
Dogecoin OG,13,43,56
Dogecoin PK 🇵🇰,0,1,1
Dogecoin Queen 🤑,0,1,1
Dogecoin Ride,0,5,5
Dogecoin Rise Community 🇮🇳,0,1,1
Dogecoin Rise 🌎🚀🌕,2,14,16
Dogecoin Rocket 🐕🚀🌕,1,2,3
Dogecoin Scotland 🏴󠁧󠁢󠁳󠁣󠁴󠁿,0,3,3
Dogecoin Seeker,1,4,5
Dogecoin Shibs,0,1,1
Dogecoin Whales 🐶,0,8,8
Dogecoin and Bitcoin HODL,0,5,5
"Dogecoin is god (✸,✸) Gnoma Anomage 🧙‍♂️,🧙‍♂️",0,2,2
Dogecoin memes,0,1,1
Dogecoin on Solana,0,3,3
Dogecoin-zxtz,0,3,3
Dogecoin13 𝕏 Đ 🚀,1,36,37
Dogecoin1983,0,2,2
Dogecoin219,0,1,1
Dogecoin24190,0,2,2
Dogecoin2Moon,0,3,3
Dogecoin4Life,45,53,98
Dogecoin4lyf,0,10,10
DogecoinAMC,0,1,1
DogecoinAgora,0,1,1
DogecoinAnon,0,1,1
DogecoinBible,1,0,1
DogecoinBoss,0,1,1
DogecoinBoy98,0,4,4
DogecoinCIBO,0,5,5
DogecoinChatter,0,1,1
DogecoinChrisB,0,5,5
DogecoinDD,0,6,6
DogecoinDonna,0,4,4
DogecoinDonniee,0,1,1
DogecoinDrawing,0,1,1
DogecoinEV,0,1,1
DogecoinEVO,0,7,7
DogecoinF2021,0,1,1
DogecoinFall,0,1,1
DogecoinFool,5,25,30
DogecoinGrower,0,2,2
DogecoinIndia1,0,7,7
DogecoinJoke,0,2,2
DogecoinKenya,0,4,4
DogecoinKingpin,0,4,4
DogecoinLegacy,51,137,188
DogecoinMW,0,1,1
DogecoinMercha1,0,1,1
DogecoinNL,0,1,1
DogecoinNewsHub,0,1,1
DogecoinNigeria,0,1,1
DogecoinNorway,18,64,82
DogecoinRise,0,13,13
DogecoinSam,0,1,1
DogecoinToThe15,0,5,5
DogecoinToTheWorld𝕏Ð,0,6,6
DogecoinUSD,0,3,3
DogecoinX2,0,1,1
DogecoinXPost,1,6,7
DogecoinZack,2,17,19
Dogecoin_1USD,0,1,1
Dogecoin_47,0,10,10
Dogecoin_Aus,0,10,10
Dogecoin_EGOD,0,2,2
Dogecoin_GER,0,3,3
Dogecoin_God,0,1,1
Dogecoin_LA,0,2,2
Dogecoin_Mexico,2,12,14
Dogecoin_Mexico 🇲🇽,7,11,18
Dogecoin_Mogul,0,10,10
Dogecoin_SHIB,0,2,2
Dogecoin_Turkey,0,1,1
Dogecoin_Uganda,0,7,7
Dogecoin_Wins,0,2,2
Dogecoin_a_la_luna,0,1,1
Dogecoin_ceo0,0,3,3
DogecoinarmyI,0,2,2
Dogecoincoins,0,1,1
Dogecoinreward,0,1,1
Dogecointogeth1,0,2,2
Dogecoinupdate,0,4,4
Dogecoinworldwide,0,1,1
Dogecoinxx,0,2,2
Dogecoin🥇,0,2,2
Dogeeconomist,26,92,118
Dogefan50834682,0,1,1
Dogefat52563906,1,12,13
Dogefatherbsc_,0,1,1
Dogeinudoge,2,7,9
DogeisBack2,0,1,1
DogeisGold,0,1,1
Dogeism,0,2,2
Dogekon,0,3,3
Dogememegirl,0,1,1
DogenaldJTrump,0,1,1
Dogeneuron,0,1,1
Dogenhoge,0,2,2
DogeofFremontst,0,1,1
Dogepump_ai,0,1,1
Dogeseph,0,1,1
Dogetheking,0,1,1
Dogethereum69,0,1,1
Dogetrack1,0,1,1
Dogevanjava,0,2,2
Dogewatch69,0,1,1
DoggieMambo,0,1,1
DogtarPepe,0,2,2
Dohh🚀,0,1,1
DojaCatHQs,0,1,1
Domain Address Info,0,14,14
DomainAddress4u,0,168,168
Don_Grahamm,0,2,2
Don_kim027,0,1,1
DonkeyDogecoin,0,1,1
Donna Brooks,0,1,1
DonovanSteyn,0,1,1
Dopesville,0,1,1
Doria Shauntay,1,1,2
Dr Serac Engerraund,0,1,1
Dr. Andy $DOGE,0,1,1
Dr. Lightning,0,1,1
Dr. Parrot 🎗️,0,1,1
Dr.HamidReza,0,2,2
Dr.Nowzaradan,0,1,1
Dr.நெய்க்குழந்தை,0,1,1
DrAlakbarov,0,1,1
DrMarkHuge1,0,2,2
DrRocks62879185,0,1,1
Drag On Nexus: GOD IMAGE AID:,0,1,1
Dragon 🐉,0,1,1
DralipoFu,0,1,1
DraynorFelisimo,0,1,1
DreamBig2240,0,4,4
Dream_Chaser_24,0,1,1
Dreamer8510,0,1,1
DreamerKara,0,1,1
Dreamgurls14,0,1,1
Dream💭,0,2,2
Drew Peacock 🦚,0,5,5
Drumdink,0,1,1
Drywate76453675,0,1,1
Drywater,0,1,1
Dubailoko,0,3,3
Dubovikov89,0,1,1
Dud3rz,0,1,1
Dukejohnson23,0,1,1
Dumika6,1,2,3
Durento1,0,3,3
DusterFranny,0,1,1
DustinWay1,0,4,4
Dustynightmare,0,2,2
Dwills88,0,5,5
DylanLowe88,0,3,3
DyorNetCrypto,5,17,22
E J 🏀,0,1,1
E4two1,0,1,1
ECFB38,0,1,1
ECobian3,0,3,3
EGOD_FATHER,0,1,1
EJayArrow,0,1,1
ELISMANUELl2,0,1,1
ELONyyds,0,1,1
EMBII4U,0,1,1
EShitcoins,0,11,11
ETHJCK,0,1,1
EarlyBirdEmail,0,1,1
EarthsAngel555,0,1,1
EasyPolygon,0,1,1
Easygameplay1,0,1,1
EazyFUD,1,6,7
Ebouhn,0,1,1
EdFoxfoot,0,1,1
Eddie Rodriguez,0,1,1
Eddy Aman,0,1,1
EdgarMunoz93,0,1,1
EditorParkin,0,1,1
EdomawitAyele,0,1,1
Edson Lacerda,0,1,1
EdsonLacerdaX,0,3,3
Edward Paperhands,0,2,2
EdwinMelonie,0,5,5
EfKay486,0,1,1
Efe_vrl06,0,1,1
Ehsan Nazari,0,1,1
Eisa,0,1,1
Ekonomik_Gundem,0,2,2
El Gordo,0,1,1
El Man De La Hora,0,1,1
El Señor de los Acciones,0,1,1
ElDogeSensei,0,1,1
ElMsGrande18,0,2,2
Elara09555,0,1,1
Elawn Moosk AI,4,4,8
ElawnMooskAI,0,6,6
Elder JUD. Idio‘🐢,0,1,1
ElectronicsDyne,0,1,1
ElenaMinaya1,0,3,3
ElfegoGomezRam1,0,3,3
Elien67481768,0,16,16
Elijah28175152,0,2,2
EliteGainzTrade,0,1,1
EliteTrading16,0,3,3
Eljefe12114022,0,1,1
EllynxhoodRain1,0,1,1
Elon Dogecoin,0,1,1
ElonDogecoin1,0,2,2
Elonsmusk16,0,1,1
ElvisBuysHouses,0,3,3
ElyFantuzzi,0,1,1
Eman58432189,0,1,1
EmanueleSertini,0,1,1
Emilio,0,1,1
Emma42348896,0,1,1
Emmani123,0,1,1
Emre04576394,0,1,1
Emre86643392,0,1,1
Endary_omii,0,1,1
EndoGreen_,0,1,1
Engineeringhere,0,1,1
Engrpaullo,0,1,1
Enick2196,0,1,1
EnzoCalamo,0,1,1
EnzoSannino7,0,1,1
EqualibriumUS,0,6,6
Erakinz,0,2,2
Ercment03594330,0,1,1
Eren_Y_A,0,1,1
Erencan74701754,0,1,1
Eric Hines,0,1,1
Eric Ridgeway,0,1,1
EricChals45847,0,2,2
Ericajonesxoxo,0,1,1
ErickLexi2,0,1,1
Erika,0,1,1
Eriksen104,0,3,3
ErisaArt,0,13,13
Errecck,0,1,1
EstherTNewer,31,51,82
Ethan West || Crypto Recovery Expert,0,1,1
Ethanspikeinu,0,1,1
EtherwXlf,0,1,1
EthonMusk,0,1,1
EuropeanTraders,1,8,9
EvaWithers2,0,2,2
Evaldas15987309,0,1,1
Eve AI - XRP AI Agent,0,1,1
EveeSolis,0,3,3
Everyday I Decay,0,1,1
Evlan51722284,0,1,1
EwanAshridge,0,1,1
ExclusiveCoin1,0,2,2
ExcuseMeDyaMind,0,1,1
ExiledInMalice,0,1,1
EzewestEmpire.com,0,1,1
F1sT,0,1,1
F7ASH7,0,1,1
FARTADOR,0,1,1
FDogecoin,3,14,17
FED1913,0,3,3
FIVETHOUSAND,0,1,1
FOXSpyDefi_SOL,0,2,2
FRGecocoin,0,1,1
FX220000,1,1,2
FXBRAIN099,1,1,2
FXHanry52,0,1,1
FX_HENRIQUE99,1,1,2
Fab18_FB,0,1,1
Fabiano_Nevesag,0,2,2
FackingHostile,0,1,1
FactFinder_4u,0,1,1
FadilahSafriya1,0,1,1
Fadilija,1,5,6
FadilijaS,3,19,22
FagottShibaobao,0,1,1
FailuretoSuccess,0,1,1
Faisal__Khan__4,0,1,1
Faithie001,0,1,1
Fajar Nugraha Wahyu,0,1,1
Falcon,1,1,2
FamousCryptoGod,0,1,1
Famous_sft,0,4,4
Fantoumi,0,1,1
Farhad Ali,0,1,1
FarhanFayyaz14,1,3,4
FarhanaAfrose9,0,1,1
Farid309,0,1,1
FaridAitBenali2,0,1,1
FaridatSh,0,1,1
Faroucky_ha,0,1,1
Farshad08446051,0,1,1
FastFuryFun,0,1,1
FatNostril,0,2,2
Fatih41490799,0,1,1
FauqYeah,0,6,6
FayeNilan,1,3,4
Fcukee,0,1,1
FearGrafx,0,1,1
Feikamoh,0,1,1
FelhaziNic27079,0,1,1
FellaFam,0,3,3
Ferhat90940872,0,1,1
FerhatKurbanogl,0,1,1
FiddyDoge,0,3,3
Fidelprist,0,1,1
FiduLink ®,0,1,1
Fierce_Skit,0,3,3
Fiesta_Lanes_NB,0,3,3
FinBites_in,0,1,1
FinTechShark1,0,2,2
FindReversalBot,2,17,19
Fire Memecoins,1,4,5
FireMemecoins,0,2,2
FireRound1101,0,1,1
FitMed Guru,0,1,1
Fitness Ventures,0,1,1
Fizza Urooj,1,1,2
Flare Community ☀️,0,1,1
Flash - Dogecoin,0,5,5
FlechGordonCoin,0,1,1
FlokiToken_,0,1,1
Floppy_Ether,0,1,1
Florence967515,0,2,2
Fntx moon,0,1,1
FollowRaf1k1,0,1,1
FollowTheCoin,0,3,3
FollowinMaxi10Inu,0,1,1
FootChelsea7Lov,0,1,1
FooxLuigi,0,2,2
ForcedFxvc,0,1,1
Forex744138,1,2,3
ForexMr_,0,13,13
ForoBaleares,0,1,1
FoundGems,0,1,1
FoxyPenguinApe,0,1,1
Franc1scrypto,0,1,1
Francis06194143,0,1,1
Francisco Pinto.,0,1,1
Franco Colomba,0,1,1
Frank The Tank,0,1,1
Frank60890,0,1,1
Frank61356254,0,1,1
Frank9245814634,0,1,1
FrankJWorrellsr,0,1,1
Frank_Alwin320,0,12,12
Frank_G11,0,2,2
FransiskusTedy,0,1,1
FredAlabdala,0,3,3
FredMeye207,1,10,11
FredTradePro,5,5,10
Fred_41,0,1,1
FreeBinancebot,0,2,2
FreeBitcoin001,0,1,1
FreeBitcoin002,0,1,1
FreeBitcoin003,0,1,1
FreeDogecoin,0,1,1
Free_DogeCoin,0,1,1
Freebiees4all,0,1,1
Freedom Legion,0,1,1
FreedomDogecoin,1,24,25
FreedomÐoge,2,34,36
Freeman8_,0,2,2
FreiaSkogstad,0,1,1
FrismflawDrip,0,1,1
FritzScholtz,0,2,2
Fritzde357,0,2,2
FrodoUnderhill7,0,1,1
FrogeFi,1,11,12
Fronk,3,11,14
FtxMarket,0,2,2
FuDralipo,0,1,1
Fulldegeneth,0,1,1
FullstopCrypto,0,1,1
FulvioG55,0,1,1
FutureMan,0,1,1
FutureMoonInve4,0,1,1
Future_expart2,0,1,1
Future_gift_,0,1,1
Futures_Expert,1,13,14
Futuretradingon,0,1,1
FxElizabeth_1,0,1,1
FxEnabler,0,3,3
Fxempire_,0,2,2
FÐ ✪,0,2,2
G Mollieres DOGECOIN&ECVCOIN,0,1,1
GGonzalo,0,1,1
GGrim714,0,1,1
GIDEONONYEMACH1,0,1,1
GIGACHAD2021,0,3,3
GNawdish38305,0,1,1
GO ⚡️DOGECOIN,0,4,4
GOATTraderComs,0,2,2
GOLD_TRADER322,0,1,1
GOOBIE_BIG_BUST,0,3,3
GOTC 𝕏,0,1,1
GPK365,0,1,1
GPROtrading,33,46,79
GPop75,0,1,1
GRUMPYTAC0S,0,1,1
GTIZZLE24,0,1,1
GUSTAVO52311149,0,1,1
G_intotheflow,0,2,2
Gabbar_Investor,0,1,1
Gabriel_Ant234,0,2,2
Gainzloop,0,1,1
Galactic FizzPop,0,1,1
Gamer Maxi🎮🦋,0,2,2
Gaming__Bot,0,2,2
Gannondarts,0,1,1
Gar_g_o_yle,0,1,1
GarryBrownrigg,0,1,1
Garu_2021,0,1,1
GaryLittlemore,0,1,1
Gaspachohondalus,0,2,2
Gauss,0,1,1
Gboodaman,0,1,1
GebraGgebra,0,1,1
GeckoTrending,0,2,2
Geedot media,0,1,1
Geekxplore405,0,1,1
Geerinck9,0,1,1
GeirOffenberg,0,1,1
GeneralPudgy,0,1,1
Gentle1111Chaos,0,1,1
GenzNoCap,0,1,1
GeorgeKong2,0,1,1
George_edward_1,1,13,14
Georgefr21,0,3,3
Georgehamzzza63,2,5,7
GhosteryAnon,0,1,1
GiangNguyen7777,0,1,1
Gianluca Ronconi,0,1,1
GichuCrypto,0,1,1
Gifbtc,0,2,2
Gil69253940,0,1,1
GimbalWalkingTV,0,1,1
Ginger Bustamante,0,2,2
GiorgiTesla,0,2,2
Giovanna Sun,0,4,4
GiovannaSun,0,13,13
Giovannithegod7,0,2,2
Girl_In_Crypto_,0,1,1
GironaJere89177,1,9,10
Gisela,0,2,2
Giuseppe Dicuonzo,0,1,1
GivensShamir,0,1,1
Gizmo_Geek_Shop,0,2,2
Gktsemin89,0,1,1
GlMstfy,0,1,1
Glacierione,0,1,1
Gledson31668636,0,1,1
GlennyDoge,0,1,1
GlobefactNews,0,2,2
Glory2GloryX,0,1,1
GloryDoge,3,22,25
GlydoAlerts,0,1,1
Gmextradingkt,0,3,3
GoCryptoInvest,0,1,1
GoFigureSG,0,6,6
Gober,0,1,1
Godessrosies,0,1,1
GodfatherDoge,0,1,1
Godfatherallin,0,1,1
Godwingold15,0,1,1
GogetaTV_,0,2,2
Gogideptrai2410,1,2,3
GoldOluwatob,0,1,1
Golden State Pickers,0,1,1
Goldiewhoopbur1,0,16,16
Goldsky ☀️,0,1,1
Good land,0,1,1
GoodShibe,3,19,22
Goodlife697,0,8,8
Goodluck McCyprian,0,1,1
Goodluck464992,0,16,16
Goodwhills,1,1,2
Gordy 🇮🇹 (king crimson mode),0,1,1
GproTrad,31,52,83
Gprohoyy,4,4,8
Grant308640982,0,1,1
Grazi.miami ❤️🐕🙏🏻,0,1,1
Greedy Gar,0,1,1
GreenCandlesRUS,0,1,1
GreensteinLLC,0,1,1
GreggPICP,0,1,1
GregorSamsa8,0,1,1
Grey-x,0,1,1
Grid Master 2032,0,1,1
GroceryShopPhD,0,1,1
Grok and Jefe,1,2,3
GrokTheUniverse,0,12,12
GrouchyProducts,0,6,6
Gs3lect,0,2,2
GueddyLee,0,2,2
Guido46596427,0,1,1
GulGeeOfficial,0,1,1
GunardiSaputra,0,1,1
Gunpointlives,0,1,1
Guns,0,1,1
GunsBible,0,1,1
Gustavo Dias,0,1,1
Gustavo58376813,0,1,1
GuzhanMehmet,0,1,1
Gworldcitizen1,0,1,1
Gülseren yılmaz,0,1,1
Güzel sözler güzel insanlara söylenir,0,2,2
H2OSkiier78,0,2,2
HAMMYET86,0,1,1
HDsAmIr,0,1,1
HMZFincon,0,5,5
HNDRXxWeeb,0,2,2
HNilbog,0,1,1
HODL1030,0,1,1
HODLdogeNOTdebt,0,4,4
HODLtheDOGEY,0,1,1
HOLDOGE,0,1,1
HOTWAVES,0,1,1
HPrinted,0,1,1
HTBoy70058337,0,1,1
HaMx1__,0,1,1
HabsYannis,0,2,2
HadakaAI,0,1,1
Hakan99020617,0,1,1
HakanDu22906294,0,1,1
Hakansy1919,0,1,1
HakkyNFT,0,3,3
HalfTime Zone,0,1,1
Halilerdgn21,0,1,1
Halio1984,0,1,1
Hamedwin1,0,2,2
HamitBykduman1,0,1,1
Hand_sThe12,0,1,1
Hank Thompson,0,1,1
Happy Bagh⭕️lder,0,1,1
HappyHrGarage,0,1,1
HarbRimah,0,1,1
HardJMS,0,1,1
Hari Talks,1,1,2
Harold206563320,0,1,1
HarryGr24807106,0,3,3
Harryy026,0,1,1
Hasan91067476,0,1,1
Hasanhs76352195,0,1,1
HasibMujic,0,1,1
Hassan91126898,0,1,1
HattTechTips,0,5,5
HawaiiPalms,1,1,2
Hawkeye,2,3,5
Hayrettindemir_,0,1,1
Health and Beauty tips & Products.,0,1,1
HeatSeekin,0,1,1
Heaven_Daney,0,5,5
Hector,0,1,1
HegyesiPeter,0,1,1
Heimdall_Bull,0,1,1
HelenBrand67553,10,16,26
Hellex_io,1,6,7
Helloimmorgan,0,2,2
Helmy ELSHEWY,0,1,1
Hemi3926,0,1,1
Hendrik Hooivork,0,1,1
Henrique_Agosti,1,2,3
Henry,0,1,1
HenryJohn197790,0,1,1
HenryMateo155,0,1,1
Her Crypto Highness,0,1,1
HerbertR551985,1,1,2
HerikJimenez,0,6,6
Hesam,0,1,1
Hesting9,1,36,37
HeyItsMeMurad,0,1,1
HeyTaiZen,0,1,1
HhKaasim,0,1,1
HiKARUD_FXXK,0,3,3
HiRezTheRapper,0,1,1
Hiddin2urleft,1,14,15
Himel_b33,0,15,15
HkSuccess,0,5,5
Hmm_mmmma,0,1,1
Hodl Topic,0,1,1
HodlDogecoin,0,4,4
Hoekstraaa1,0,1,1
Hoffman_581,0,2,2
HogeWala,0,1,1
HogwartsCrypto,0,1,1
HoldNeverSold.Doge,0,12,12
Home of the Dogecoin,0,3,3
HooksDaniel1,0,1,1
HooliganDegen,0,2,2
Hooman84330409,0,1,1
HooplaEIO,0,1,1
HopeIka1,0,1,1
Hopium101,0,1,1
Horton_A7,0,4,4
HorzaGobuchuI,0,1,1
Housing4Us,1,2,3
HowardH_ofDoGe,0,1,1
HqJedi,0,1,1
Hsdk626,0,5,5
HsunNot,0,1,1
HueMann19,0,1,1
HugoBarber13,0,5,5
HugoRam45613377,0,1,1
Hugo_Razvan,0,4,4
Hulk,2,3,5
HumbertNicola14,0,1,1
Hungrysashaaaa,0,1,1
Hutchinson_333,0,2,2
HutinhThuy1,0,1,1
HyperDogeAi,0,1,1
HyperionFalls,0,1,1
Hᴀʀɪ VJ,0,1,1
I'm Back FKrs 🌩 The Storm Is Upon U.S.,0,1,1
IAAways,0,1,1
IAI1,0,1,1
IAMTOYAALISHA,0,1,1
IAmRocWitChevy1,0,1,1
ICMSSFEBUI,0,1,1
IDLE-NFTs,0,4,4
IFeelUThatsCray,0,1,1
IHospodaryk,0,1,1
IICryptoLover,0,1,1
IK_Khan145,0,1,1
IMKEV1N,0,1,1
IMPACTOR Kaisar,0,1,1
IMPCRYPTO1,1,5,6
IS IT?,0,1,1
ISofMisfitDoges,8,34,42
I_Only_New_York,0,1,1
I_am_Dogecoin,0,3,3
I_am_Sayar,0,36,36
I_am_SerFraust,0,1,1
IamDiegoCaetano,0,5,5
IamLoveable_,0,1,1
Ibrahim88518561,0,1,1
Ic3_2k,0,1,1
IcarusSeason,0,1,1
Iced_NFTea_,0,1,1
Ichguckenurmal - doge tips daily,0,2,2
Icki | BLOOM,0,1,1
Idlenfts,0,1,1
IdrisAd50286626,0,1,1
IkeB247,0,1,1
IkerVck,0,5,5
Ilich_pe,0,2,2
ImDanie86304730,0,1,1
Iman40342868,0,1,1
Imofftothemoon,0,5,5
Imrosei,0,3,3
In EGOD we trust “VUSD”🐶,0,2,2
InDogeWeTrust,0,3,3
Inbar772,0,4,4
IncomeSharks,0,1,1
Ind_AlexNavalny,3,3,6
IndianSCryptoG1,0,1,1
Indian_Alexei_Navalny,0,3,3
Indian_arts,0,1,1
Indiana Taylor,0,1,1
Infinindy,0,1,1
InfinitecoinM,0,1,1
Infomediarius,0,1,1
Insider Finance,0,1,1
InsightChainz,0,3,3
Institutional Trading Dogecoin; Not Advice,0,4,4
Interplanetary Dogecoin Advisor,0,8,8
Interstocking,0,1,1
IntraderX,0,1,1
Introae,0,1,1
Investments_CEO,0,1,1
Investopediana,0,1,1
IpSeptem,0,1,1
IptekiEsbap,0,1,1
Irandogecoin,0,2,2
IsDogeADollar,0,1,1
Isaac_Burgees,0,2,2
Isabel Turner,0,1,1
IshrakChowdhur2,0,1,1
Isi2late,0,2,2
IsolaTortuga,1,1,2
Isthereumpie22,0,1,1
Its.. Didi 💘,0,1,1
ItsHight,0,1,1
ItsMeMikeyBb,0,1,1
ItsMemesandDOGE,29,51,80
J U B A,0,7,7
J ₿r₳nÐon {✖},0,1,1
J0hnnyg01,0,1,1
J12849558,1,4,5
J3org3Lop3z,0,1,1
JB💫,0,2,2
JD Vance's Beard,0,2,2
JDInvest,1,1,2
JDT,0,2,2
JD👣,1,1,2
JEFF_CRYPTO_11,10,27,37
JESSE FRANCIS,0,3,3
JEpsteinDidnt,0,2,2
JFollain,0,1,1
JHENIICARVALHO,0,2,2
JJHARRISON1,0,1,1
JKDelaney7321,0,1,1
JL_Smith91,0,1,1
JMatalisi,0,1,1
JONDONI_CRYPTO,3,13,16
JOY,5,0,5
JP_MicroPetsBSC,0,1,1
JRM_04_,0,1,1
JScible,0,1,1
JSmetanovaa,0,1,1
JTSlowik,0,1,1
JUNNAI93534400,0,1,1
JUSTICΞ 🫶🏽⭕️,0,1,1
JWick36889,0,2,2
JaTTVicky07,0,1,1
JaY🥀🍷😋 🌙,0,1,1
JabroniFromCLE,0,1,1
Jack Barbosa,0,1,1
JackSamee9767,0,10,10
Jackson_futures,0,2,2
Jacktalksbackp,0,1,1
Jacob Nowatzke,0,1,1
JacobRobinsonJD,0,1,1
Jad3diNtrVrt,0,1,1
Jadenbenll,2,30,32
Jagu68297596,0,1,1
JaiChou47562583,0,1,1
Jake67569492,0,1,1
Jakey,0,1,1
Jamalziou,0,1,1
James1Bennett,0,1,1
James67589205,0,1,1
James8Crypto,0,5,5
James99448522,0,1,1
JamesEmmanuel_7,0,1,1
JamesFLauber,2,20,22
JamesRWhitfiel2,0,1,1
James_12Min_,0,1,1
James_Melville5,0,3,3
James_jacksons,0,7,7
Jamesc0803,0,1,1
Jamesrich011,0,8,8
Janani Jaanu,1,1,2
Jane Roe,0,1,1
Jani,0,1,1
Japanese Redneck 🐉,0,1,1
Jared J Rodriguez,0,1,1
Jared54696815,1,8,9
JarvisCryptoAI,0,1,1
Javadg19,0,1,1
Javi,0,1,1
JaxonHodl,0,1,1
Jay - The Doge Dude,0,1,1
Jay Yan,0,2,2
Jay16599787,0,1,1
JayCruz- #TitanUP ⚔️,0,2,2
JayFi,0,1,1
JayJay_3011,0,1,1
JayYan14204230,0,2,2
Jay_eth3,0,1,1
Jaydee,0,1,1
Jayinsw,0,1,1
Jbuddy617,0,1,1
JcJasy,0,1,1
Jckw10,0,1,1
Jcon1007,0,1,1
Jcoop720,0,1,1
Jean J. Giron,0,1,1
JeanSimB623,1,2,3
Jecika80252462,36,96,132
Jeeeebs,0,1,1
JeepLadyGrace,0,2,2
Jeepin74,0,1,1
Jeff OClair,0,1,1
JeffGaron2,0,2,2
Jefjef10W,0,1,1
Jefoss,0,1,1
Jefoss2,0,2,2
Jen V.🌹🌹🌹🌹,0,1,1
Jennife10707606,0,2,2
JennyDoge,0,1,1
JennyQTa7,0,2,2
Jennyface092382,0,1,1
Jeremy P. Grey,0,1,1
JeremyKnoxHill,0,1,1
JeremyMartinus,0,1,1
JeremySchieber,0,4,4
JeremyW83990891,0,2,2
JeremysChaos,0,1,1
Jerlin82400604,0,2,2
Jerm,0,1,1
JerryTh57575115,0,1,1
Jess,0,1,1
Jesse Beharrell,0,1,1
JesseBlackwoo13,0,1,1
Jessicafugate96,0,7,7
Jessir,0,1,1
JesusResearch ✝️💎,0,1,1
Jesusdaddy6,1,1,2
JewProtectX,1,0,1
Jfeitlin,0,1,1
Jill_NFT22,0,6,6
Jillian_Wyatt85,0,15,15
Jim,0,1,1
JimLang75266126,0,2,2
Jim_buildr,0,1,1
Jimmy Santos,0,1,1
Jimmy68979384,0,1,1
JimmyXDoge,0,2,2
JmanHoDL,0,1,1
JoKadir,0,1,1
Jo_Ayee,0,1,1
JoanJohn31,0,2,2
Joaovit58860081,0,1,1
Jocel de Guzman,0,1,1
Jocobmichel,3,6,9
Joe Duncan,0,1,1
JoeMont99,0,1,1
JoeStJohn16,0,1,1
JoeyOC42069,0,1,1
Johann de Beer,0,1,1
John Ðoge,0,8,8
John.2.Bugaloo,0,1,1
JohnCrypto12,9,25,34
JohnHa07044782,0,1,1
JohnSno19168501,0,1,1
JohnThaxton8,0,9,9
John_Muller01,1,1,2
Johnath22782593,1,3,4
Johnfranktra,1,5,6
JohnnyP45004413,0,1,1
Johnson_Jackso,1,6,7
Johnson_son1,0,1,1
JohnxDoex92,0,1,1
Jojo wang,0,1,1
JokerADHD,0,1,1
Jon T,0,1,1
JonMill85084886,0,1,1
Jonas,0,1,1
Jonas_angelo23,0,5,5
Jonathan,0,1,1
JonathanGrumman,0,1,1
JonathanMacke18,0,1,1
Jonny Doe🇮🇱🇺🇸🦅,0,1,1
Jonny24853914,0,1,1
Jonny34577622,0,1,1
Jonnyc40,0,1,1
JordanMooneer,0,1,1
Jordon_Conant,0,1,1
Jorge Silva,0,4,4
JorgeSi17269724,0,4,4
Jose28441491,0,1,1
Jose_ArCR,0,2,2
Joseba_zilarte,0,1,1
Joseph Sunga,0,1,1
Joseph03288,0,1,1
JosephF25483082,0,1,1
JosephLandesman,0,1,1
Josero97,0,1,1
Josh38900,0,1,1
JoshMcGruff,0,1,1
JoshuaC82886917,0,1,1
JosiahWay,0,1,1
Jovi,0,1,1
Joytatiana,0,1,1
Ju$￦xrdz,0,1,1
Juan Calvino 𝕏Đ,0,1,1
Juan Carlos Gonzalo,0,1,1
Juan Wick,0,1,1
Juan_sanchez13,2,12,14
JubaJeeves,7,51,58
Juddymack1,0,2,2
JulienKedia,0,4,4
Julius_Chinwe,0,5,5
JumongX23,1,4,5
JunctionKraft,0,1,1
JuneyPowers,0,2,2
Juniantoro45,0,1,1
JuniarAndrie,0,1,1
JuniorDaemon,0,1,1
Junk Dogs,0,1,1
JurnalTrading,0,1,1
Just Me,0,1,1
Justin Obody,0,1,1
Justin Shib Commander,0,1,1
JustinAlexP,0,1,1
JustinScerini,0,4,4
Justin_Findlay1,0,1,1
Jwr159,0,7,7
Jzvxr,0,1,1
József Bóbis,0,1,1
K8 Ape,0,1,1
KAWASAN INDUSTRI SADAI,0,1,1
KBluezr,0,8,8
KERUSSO,0,1,1
KEsesarte,0,2,2
KING_MALAKA,0,16,16
KKing808,0,1,1
KMohammedaltha4,0,1,1
KP,0,1,1
K_Dra_ma_FAN,0,1,1
Kaily16682777,0,1,1
KakashiWrld,0,5,5
KakunSeo,0,1,1
Kalaiarasan,1,1,2
Kam682466226479,0,1,1
KamalKa58831784,0,1,1
Kaneo_00,0,1,1
Kap10NuKa,0,1,1
KapNKhronic420,0,1,1
KarlFarrugia19,0,4,4
KarlKrypto3,0,1,1
KartalBabus,0,1,1
Kartike31416554,0,1,1
KartunisX0,0,1,1
Kasoa Tom Cruise 🇿🇦❤️,0,1,1
Kaspavis1,0,1,1
Kat28374957,25,29,54
Katalitat,0,1,1
KatanaCallsX,0,3,3
KathWoolbright,0,2,2
KawasanSadai,0,1,1
Kay22330,0,1,1
Kaya,0,6,6
Kayazck,0,1,1
KazTradez,0,1,1
KediAdam16,1,1,2
KeepHolding37,0,1,1
KeikoHana12,0,1,1
Keith_Martineez,0,1,1
Kelly Martin,0,1,1
KelsieEvans69,0,4,4
Kelvin22896,0,3,3
KelvinW40709444,0,1,1
Ken Devo,0,1,1
Kendrick_Tazerr,0,1,1
Kenny808080,0,1,1
KeonTHFC,0,1,1
KeremTosun999,0,2,2
KeuJea,0,1,1
Kevin Skipp,0,1,1
KevinMatheis3,0,1,1
KevinNuest,0,1,1
KevinSc84767890,0,5,5
Kevinelonmusk,0,1,1
Kevinforex667,0,4,4
Kevinlk20,0,4,4
Kevinpet05,0,1,1
Key_Nigh,0,1,1
KeystoneWallet,0,1,1
Kezban,0,1,1
Kgosi_Neo,0,1,1
Khalid Al Nuaimi,0,1,1
KhalidSuraj147,4,37,41
Khalifa_Charts,3,14,17
KhalilRoni3,0,1,1
KhetherBen,0,1,1
Kid Flow,0,1,1
KiksJustIn,0,2,2
KingAimez,0,3,3
KingElen,0,1,1
KingOfWallz,0,3,3
KingSwaeLi,0,1,1
KingSwaeLi_TTV,0,1,1
KingZee4834,0,1,1
KingdomTeatime,0,1,1
KiratiSatt,0,1,1
Kisami81812,0,3,3
KishuKishu12,0,2,2
Kisip_Kaseop,0,4,4
KitsuneAly,0,1,1
KittyEth88,0,1,1
Koda_47,0,1,1
KoeppLela,0,2,2
KolManxxxx,0,1,1
KonkleAdam,0,1,1
Konrad57464918,0,1,1
KoolaidDont,0,1,1
KotaoKrepao,0,1,1
Koyote Jag,0,2,2
KrakenKingg,0,1,1
KriptoLeyth,2,2,4
KriptoP29589460,0,2,2
Kris Dogecoin $DOSU,0,1,1
KrissPax,0,1,1
KryptoAetos,0,1,1
Kryptonium Ash,0,1,1
Kryptonium_BC,0,2,2
Krystian197533,0,4,4
KsDAYI,0,1,1
Ksenia Arbox,0,1,1
KuldeeepGaur,0,1,1
KunalSa71395918,0,1,1
Kuniko415,0,1,1
Kurdi84,0,1,1
KurryUnder,0,1,1
Kustom_Kitten,0,1,1
Kvelasquez_95,0,1,1
KylaVibs,0,1,1
Kyle16608910,0,4,4
KyleLarson53230,0,4,4
Kylebrian,0,1,1
Kysocrocstor,0,1,1
LAYLEGEND,0,1,1
LAYungin2,0,2,2
LAdreamin818,1,14,15
LEGIT_FIXEDS1,0,2,2
LJuasemai,0,1,1
LK7ihUXLurvk5ju,0,1,1
LKBwGQNI2BC5IHG,0,1,1
LMac369,0,1,1
LMyS5NW6wV69981,0,2,2
LTN 🐝,0,7,7
LXM,0,2,2
LaClaseAntigua,0,18,18
Lacy12862073,0,1,1
LadwaDinesh,0,2,2
LadyDogeBugBird,2,7,9
LadyR,0,6,6
LadyloveLatonya,0,1,1
Laika_Layer2,0,1,1
LamboGwen,0,1,1
LamontMichael,0,1,1
LanaNft05,0,2,2
Lancestipher,0,1,1
Larmarch5,0,1,1
LaswelGreg83921,0,25,25
LaunchOnBags,0,1,1
Laura Blacyki aka Lux Lee Trudeau,0,1,1
Laura12840445,0,1,1
Laurakjuru,0,2,2
LaurenW11978286,0,1,1
Layce305,0,1,1
Laïka - Doge Layer 2 🐕🌖,0,1,1
LeaRaboisson,0,5,5
LeanderBlackth,0,1,1
Ledardar1,0,1,1
LeftLane,0,1,1
Lelanie27613191,0,1,1
Lemiliann,0,1,1
Lemonad24084155,1,2,3
Leo,1,1,2
Leo01470,1,11,12
Leo718NY,1,3,4
LeoCrypto05,0,1,1
LeoWalkerQ,5,37,42
Leonard87980266,0,3,3
Lepreykan,0,1,1
Leroy Jay,0,1,1
Lets_B_Better,0,1,1
LeveragingTIME,0,1,1
LewisGramilton,0,1,1
Lewis_marcote,2,9,11
Lewisholdr,0,3,3
Lg Shurley,0,1,1
LibertyStrtRock,0,6,6
Liberty_Dog1776,0,1,1
LifeExistence31,0,2,2
LifestyleDesi18,0,2,2
Likhit MSDian™🦁,1,1,2
Lil Nc,0,1,1
LilBrwnSheet,0,1,1
LilHumansBigImpact,0,6,6
LilMizzy,0,1,1
LilMoonLambo,0,1,1
Lilmook4real,0,1,1
Lily444454,0,1,1
Lina Hodroj/Ask.Maknoun/مستشار تدريبي,0,1,1
Linaa,1,1,2
LincolnWinstons,0,1,1
LindaRose187302,0,8,8
Linktoaslam,0,1,1
LipDoge,1,1,2
LiquidityPair,0,1,1
Liron Shapira,0,1,1
LisaJon35710308,0,1,1
Lisamoore3444,0,5,5
Liscailyn,0,5,5
Lissetxox,0,2,2
LittleShibe,3,32,35
LiveCryptoo,0,2,2
Livetradingnews,1,51,52
LizSimm95855379,0,1,1
Liza Jane Jardiolin,0,1,1
Logan Hughes,0,1,1
LoganShinn10,0,1,1
Lokman112086422,0,2,2
Lolia06482128,0,1,1
Londinia_IA,0,1,1
Long Live The Chief,0,1,1
LongLiveTheChi1,0,1,1
LongtrendK,0,1,1
Lora Girl ✪,0,2,2
Lord Of Sols,0,1,1
LordAdamSmith,0,1,1
LordBryce,0,1,1
LordMarioOfDoge,0,4,4
LordZaheenNaeem,0,1,1
LouisCryptopro,0,11,11
Loulougafranck1,0,1,1
Love Nature,1,1,2
LoveChudai,0,1,1
LucaFlood,0,2,2
Lucas_J30,3,28,31
Lucas_william01,0,2,2
Lucinda Bowers,0,1,1
Lucky star,0,1,1
LuckyLuger,0,1,1
LudwigDeLarge,0,1,1
Luis Angel Lopez,0,1,1
LuisMorgan51,0,8,8
LuisSantosoffic,0,4,4
LukaDzin,0,6,6
LukaGrunt,1,1,2
Lukas80395487,0,1,1
Luna073Galaxy,0,3,3
Luna66792794,0,4,4
Lvsitanian_Ivan,0,1,1
LykeabossT,0,2,2
Líque,0,1,1
M1xr_GeNeTiCz,0,1,1
MAC2009,0,1,1
MANSOORANIS,0,1,1
MANUAL_CRYPTOO,0,1,1
MAXX_FUTURE,0,2,2
MCDoge_1,9,20,29
MCK,0,9,9
MCryp,0,3,3
MD MOHOSIN MIAH,0,2,2
MD SAJON .ink,0,1,1
MHandome,0,3,3
MHiesboeck,0,1,1
MIRROY,0,3,3
MIRROY6,0,4,4
MISTER BBQ🤌 DOGE,0,3,3
MLExperience,0,1,1
MMAT_IS_MONEY,0,2,2
MMKK_Group,0,1,1
MMKK🎱,0,1,1
MNuestro1,0,1,1
MOTUSDAILY,0,1,1
MR NELSON 🏆⚽🏆💯% SURE FIXED ODDS⚽+2349130565537,0,1,1
MR. ANGRY 😡,0,1,1
MR. GREEN,0,1,1
MR. PUPPY & SWAH,0,1,1
MRsodiq8,0,1,1
MSArcure,1,1,2
MSK-DOGE,0,1,1
MSafemoon,0,1,1
MSingularity,0,13,13
MStiive,0,1,1
MTrades8,1,40,41
MXC EXCHANCE,0,1,1
M_AARAV_,0,1,1
M_mahdi_p,0,1,1
MaKeMeFoRgET69,0,1,1
MaamoonKhan,0,1,1
Mabast Bahaden,0,1,1
MacAkaShorty,0,1,1
Machinemetax,0,1,1
MadBitcoins,0,1,1
MadManner12,0,1,1
Madam Doge,0,2,2
MadeItHappenX,0,1,1
MadihaMa14196,0,4,4
MadisonsarahFx,0,2,2
MagicIndicator,0,1,1
Magnuspriv2,0,1,1
Magz555666,0,1,1
Mai Main Jermaine,0,1,1
MainarTia,0,1,1
Maintai94364055,0,1,1
MajesticDrama,0,1,1
MakerActive,0,1,1
Makersmark99,0,1,1
Malarke_Roll,1,19,20
Malikthebro,0,1,1
Mamalcrypto1,0,1,1
Mams_Sobremesa,0,1,1
ManMan25576159,0,1,1
Manash_ash5747,0,3,3
Mandee Natacha,1,1,2
Mandox_Labs,0,3,3
ManiacossCrypto,0,1,1
Manideep_Prince,1,1,2
Manipurbyblood,0,1,1
ManishR44140409,0,1,1
Manishk7611,0,1,1
Mannu DogeCoin Lover,0,2,2
Mannuel_backup,0,3,3
Mannuelfox,0,2,2
Manoftheglobe,0,1,1
Manohar21882018,0,2,2
MansionsArizona,0,9,9
ManuelleYerly,0,1,1
Manxican2305,0,1,1
MarBo104,0,1,1
MarMar9Tee1,0,1,1
MarcTheMarshall,0,1,1
MarcdeB2,0,1,1
Marcelweb3,0,1,1
Marcin Kulxxx,0,1,1
MarcinRogow,0,2,2
Marckaeus,0,1,1
Marco_Anton1995,0,1,1
MarcoteMid40126,0,1,1
Marcus64805502,0,1,1
Mareito2,0,1,1
MarevlousB,0,1,1
Mariajtapiaaa,0,1,1
Marie 👽,0,1,1
Marilyn Manson,0,1,1
MarisaJack7,0,1,1
MariusLeonte9,0,1,1
MarkA9398,0,1,1
MarkL759,0,1,1
MarkOftheBEAS14,0,2,2
Mark_crypto1,0,1,1
MarketProphit,5,5,10
MarketYou_ad,0,1,1
Marlon Morales 🇨🇭,1,4,5
Mars Doge,0,1,1
MarshallRapper,0,1,1
MartinC87767806,0,1,1
MartinX,0,2,2
MartyMcDoge,0,1,1
MarvelS98705125,9,80,89
Marzby_Luvz,0,2,2
MarzzNyc,0,5,5
Masha,0,1,1
MassiveFT,0,3,3
MasterCryptoHq,0,1,1
Masterolive,0,1,1
MatMan3331,0,1,1
MathewCoury,0,3,3
MaticWhale,0,1,1
MatrixOzkoc,0,2,2
MattSchroeder84,0,2,2
MattWallace888,0,1,1
Matthew Coughlan,0,2,2
Matthew36617996,0,1,1
Matthew57879322,0,2,2
MattofOriginal,1,2,3
Mau5,0,1,1
MaulanaFaiz212,0,1,1
MauroUdine,0,1,1
Mavericksyao,0,1,1
Max DeGilio,0,1,1
Max Lasater 🌐,0,1,1
Max3188,0,10,10
MaxTearCEO,0,1,1
MaximoBanksy,1,4,5
Maxrpm1988,0,1,1
Maxwell-Sterling,0,1,1
MaxxSlyder,0,1,1
Mayaaa ✨,1,1,2
MayowaTeckie,0,1,1
MayzeRunnuh,0,2,2
MayzeRunnuh.Cro♐️🔮💜🧬🎆,0,1,1
MazdaDriver17,0,1,1
McGuire,0,1,1
McVersePilot,0,2,2
McrkFlow,0,1,1
Mcryptkm,0,1,1
Md Nahid,0,1,1
MeatballTrades,0,3,3
Mediate54,0,1,1
Medstudioo,0,1,1
MegEth21,0,1,1
MegaRock,0,1,1
MegaVideos,0,1,1
Mehmet76946197,0,1,1
MehmetG60760222,0,1,1
MemeChasers,0,1,1
MemeDogecoin,0,7,7
MemeStockBroker,0,1,1
Mememak74593505,0,1,1
Menda199109,0,1,1
Menehersh2025,0,2,2
Mercuri Systems,0,1,1
Mercuryo,0,1,1
Meringuequeen_,0,1,1
Mertkay61484908,0,1,1
Meryem_C5,0,3,3
MesoQueenmother,0,1,1
Messari_signal,0,1,1
MetaPath_,0,1,1
Metaverze_Agent,0,2,2
Mi74428981S,0,1,1
MiAiimii,0,2,2
Mian029,0,1,1
Michael Aud,0,1,1
Michael Rufus,0,1,1
Michael Th3 Light,0,2,2
Michael24154096,0,1,1
Michael32570793,0,1,1
Michael40640171,0,2,2
Michael44188917,0,1,1
MichaelCameneti,0,1,1
MichaelGoligh20,0,2,2
Michaelfact1,0,1,1
Michaelhanande,0,6,6
MichelleAmidon,0,2,2
Mike Öxlong,0,4,4
MikeDavisYT,0,5,5
MikeMW69420,0,1,1
MikeTheMover,1,3,4
Mikemoumou1,0,6,6
Mikert09673280,0,2,2
MilaTak1,0,1,1
MillaTuckett,0,4,4
Milwaukian414,0,1,1
Mimi91752645,0,2,2
MinaChan77,0,1,1
Mindless_Crypto,0,2,2
MindyNickell1,0,1,1
MiningGurus,0,1,1
Minister of Doge,0,1,1
MinuShib,0,4,4
Mirza Dedic,0,1,1
Mirza510x,0,2,2
MirzaiyVah13989,0,1,1
Mishocat_ai,0,1,1
MissZaraW86,0,2,2
MisterSheikh_,0,1,1
Mitchell_patri,0,1,1
Moby,0,1,1
ModisePheto24,2,3,5
Modmother,0,1,1
MoeDesooki,0,1,1
Mohamad91900216,0,1,1
Mohamed04268035,0,1,1
Mohamma09511478,0,2,2
Mohamma44000201,0,1,1
Mohamma61213674,0,1,1
Mohamma78016087,0,2,2
MohdAmz64928669,0,1,1
MohistMan,0,1,1
Mohit83487775,0,1,1
Mohmmed04708166,0,1,1
Mohnishgothic,0,1,1
Mohsenjahan4,0,1,1
Mojtaba6914,0,2,2
MojtabaGorji3,0,3,3
MojtabaTollabi,0,1,1
Moncestar1,0,4,4
MonetaryRegimee,0,1,1
MoneyDawgDrew,0,1,1
MoneyIsntReal_,0,1,1
MoneyMinter98,0,1,1
MoneyWell_,0,1,1
Monkey Moosk 🚀,3,4,7
MontesanoJoseph,0,1,1
Mony_Ibrahim_,18,31,49
MoodengLover1nd,0,1,1
MookieNFT,0,2,2
MoonCat7026,0,1,1
Moondawggamer01,0,7,7
Moonlit Monkey,0,2,2
MoonlitMonkey69,1,4,5
Moon🌙DogeCoin🚀,0,2,2
MoosemanNYC,0,1,1
MoriCollantes,0,2,2
MorningBrew,0,1,1
MorningEdition,0,1,1
MounirGhalem4,0,1,1
Mousavi1217,0,4,4
MovingHelpCenter.com,0,1,1
Mpsolall,0,1,1
Mr Peanutbutter 🇫🇷,0,1,1
Mr TAAP,0,1,1
Mr-K,0,1,1
Mr. Bravo 🅱️,0,1,1
Mr. Doge and the coin,0,2,2
Mr. H 🦑,0,1,1
Mr.Perfectionist,0,1,1
MrB00mBastico,0,1,1
MrBSN868,0,1,1
MrBourbon6,0,1,1
MrBravo24,0,1,1
MrCrypto187,0,1,1
MrDD32082375,0,1,1
MrDoge93,0,1,1
MrDogeCoin2016,0,1,1
MrFJDominguez,0,2,2
MrGalaxyX0,0,1,1
MrPhinokio,0,1,1
MrPicule,0,1,1
MrQ_MrQ1,0,1,1
MrROI2high,1,3,4
MrThankyou69,0,1,1
MrYinks1,0,1,1
Mr_Contango,0,11,11
Mr_NFTgold,0,1,1
Mr________G_,0,1,1
Mr_ak1,0,10,10
Mr_chaudhary04,1,1,2
Mrbeasty16,0,1,1
MrbodyNobody,0,1,1
Mrobert115,0,3,3
Mst1985_holding,0,4,4
Much_Market,0,17,17
Muchcurrency,0,1,1
Muddymuddigan,0,1,1
Muhamad86661891,0,1,1
Muhamma66862257,0,1,1
Muhamma82466282,0,1,1
Muhammed Demirbaş 🇹🇷,0,1,1
MukeshK06627379,0,1,1
Mukeshvaran15,0,1,1
MultiverseDicta,0,1,1
MumThrasher,0,1,1
MunchNewsletter,0,1,1
Musavir_ Maqbool,1,1,2
MustacheTommy,0,3,3
MyBallsBounce,0,1,1
MyBlackDude,0,1,1
MyDogeCTO,0,3,3
MyDogeTip,107,253,360
MyTechProblems1,0,1,1
Mylo,3,4,7
Myspoon1984,0,1,1
Mz908,0,1,1
NAIJA,0,1,1
NASCARNAC,0,1,1
NAT TURNER’S REINCARNATION,0,1,1
NATEDECKER9,0,1,1
NBRegistry,0,6,6
NDAA2012,0,2,2
NEED_IT_GONE,0,1,1
NEO_isGOD,0,1,1
NFT5lut,0,1,1
NFTARTMODERN,0,2,2
NFTAgenda_io,0,1,1
NFTBabyyyy,0,1,1
NFTKINGIII,0,1,1
NFTPROVERSE,0,1,1
NFThouArt,0,2,2
NFTs Everyday,0,4,4
NFTsEveryday,0,6,6
NIOSwitzerland,0,1,1
NJWeedStocks,0,1,1
NMoussli,0,13,13
NOTDaleJR88,0,1,1
NPCNavigator,0,2,2
NPR19722015,0,1,1
NXdyz9,0,1,1
NYUUMI 乳未,1,0,1
NabilMerzouk4,0,2,2
Nabin Upadhyaya,0,1,1
NadarAli1339839,0,1,1
NadeemAlrabey,0,1,1
Nadim Zidan,0,1,1
Nagahitamcrypto,0,1,1
NahidAlaei,0,1,1
Nahua Capital,0,1,1
Nakamuraeo,0,1,1
Nan,0,1,1
Nando,0,1,1
NarendraTople,0,1,1
NasserA13201330,0,1,1
Natasha Romanoff,0,1,1
Nate Bull,0,2,2
Nature Dream Paradise,0,2,2
Nayeem Jamaly Mishu 'The S0AS' 🐴,0,1,1
NbaDev3,0,1,1
Necmett46125548,2,2,4
NecromancerXBT,0,1,1
NeedMoreDoge,0,1,1
Neeraj,0,1,1
Neet_Heat,0,1,1
Neon Panda,0,1,1
Nestawesta,0,1,1
Netokrypto,0,1,1
NettoBrasil,0,1,1
NeuralinkDragon,0,2,2
NeverTalkDown,0,1,1
NewAgeSpider,0,2,2
NewDogeCoin,0,1,1
NewWorldDoge,5,20,25
Newlondon123,0,4,4
News,0,1,1
News18Rajasthan,0,1,1
NexisAi,1,1,2
Next Up NFT’s 🔥,0,1,1
NextBigRun,1,2,3
NextBillionaire,0,1,1
Nextgencash,0,1,1
NftSizzle,0,1,1
NgOvasabi,0,1,1
Nguyen75185,0,1,1
Nguynng20996881,0,1,1
Người Lạ Từng Quen,0,1,1
Nicholas L. Maze,0,2,2
NicholasCoron16,0,1,1
Nick Petisce (Dogecoin Millionaire),0,1,1
NiggaItzDanny,0,1,1
NightmaresAi,0,1,1
Nihad Vatreš ⚜️,0,1,1
Niku07ku,0,1,1
NimstadIsTaken,0,1,1
NinsumunAhmose,0,1,1
NintendoUTube,2,2,4
Nirvandivino1,0,1,1
Nishant_Bliss,0,1,1
Nissen1977,0,1,1
Nitesh Bansal,0,1,1
"No 🇺🇦, YES 🇺🇸.",0,1,1
NoFomoEver,0,1,1
NoHolyScripture,0,1,1
No_Name,0,1,1
Noah_Midas,0,5,5
Noble Joe,0,2,2
NodeAiagent,0,1,1
NodeDoge,0,4,4
Nodez,0,1,1
NoelMak6,0,1,1
Noir,0,1,1
Noname2zZ,1,9,10
Northernpublish,0,1,1
NosyjaPeter,0,1,1
NotAnotherTip,0,2,2
NotSoFunnyMeMe,0,1,1
NotesFrom.NET,0,1,1
NotesFromNET,0,1,1
NotumDefi,0,1,1
NrFren16,0,1,1
Nu3 ebay,0,4,4
Nuage3Design,0,1,1
Number6Weyoun,0,7,7
Nupetc1,0,1,1
Nurex,0,1,1
NworldCo,0,1,1
NygDom9,0,1,1
O.G. Doger,0,1,1
OFFICIAL ᵐʳ. Ð,0,1,1
OGD3KU,0,1,1
OLLIEBB69,0,9,9
ONTHEBLOK_io,0,1,1
OP95111,0,2,2
Obee_Rivera,0,1,1
ObiBenKinobi1,0,1,1
OdisDeng,0,1,1
OffIchieBannies,0,1,1
OfficialVerde,0,1,1
Oficial__odds,9,31,40
Ogajoe_001,0,1,1
OggyRf,0,1,1
OkayItWasAliens,0,1,1
Olemut_Idach,0,1,1
OliverbitgroupE,0,1,1
Olivia1447922,0,2,2
OliviaSofey,0,1,1
Oliviamov,0,1,1
Olivianguyen478,0,1,1
OluwaseunMi1014,4,13,17
OmaAbigail5816,0,1,1
Omar Hakeem,0,1,1
Omid28082941,0,1,1
Omplan1,0,1,1
OnChainBrian,0,2,2
On_Chain_ed,0,1,1
OneEyeIllusion,0,1,1
OneGoodShibe,0,1,1
Onell Aquino,0,1,1
Only_NFA,0,1,1
Onlytrenchesboy,0,11,11
OoEvilEyeoO,0,1,1
Oonabot,0,10,10
OptimalBayes,0,1,1
Optimasubprima,0,1,1
Option Buyer India 🇮🇳,0,1,1
OrBitcoinLove,0,1,1
Orhans67316153,0,2,2
Ortentic1,0,1,1
Osman03,0,1,1
Osman0326131029,0,1,1
Otchi Okamania,0,2,2
Owain__G,1,6,7
OwnNothingBFree,0,1,1
Owturbulence1,0,1,1
Oxysphere,0,2,2
OyegokeKam23333,0,1,1
OzarkCapitalLlc,0,1,1
OzofWeb3,0,1,1
OğuzHan Altınsoy,0,1,1
Oğuzhan Özcan,0,1,1
P33Social,0,2,2
PANG5 DOGE ARMY 🇮🇩🚀🤑💸💰💲,1,3,4
PAltcoin,0,2,2
PEPE Smart Investor,0,2,2
PEPPE,0,1,1
PEgbochie62723,0,3,3
PJ,0,1,1
PODOMOR99657765,0,1,1
POWER•OF•INFORMATION,0,1,1
PRIMEALPHACAP,0,1,1
PR_Trader_James,4,24,28
PSsident,0,1,1
PVTScope,0,1,1
PWLabo,0,1,1
P_YANG2024,1,3,4
Padraic,0,3,3
Padraic92996190,0,43,43
Pagillo,0,1,1
PandazInvests,0,1,1
Panopticonomy,0,1,1
PanosMetaX,0,1,1
Papa_Pamp,0,1,1
Parabolic Trades,0,2,2
Parangiras,0,1,1
Parisblue,1,7,8
Partovims1,0,1,1
PascalsPascal,0,1,1
Patdavdav,0,1,1
Patel SJ,0,1,1
PathfinderC1,0,1,1
Patri0tZer0,0,1,1
Patrick McCarthy,0,2,2
Patriot14,0,2,2
Patty,0,1,1
Paul Bessie,0,1,1
PaulChrisma1115,0,1,1
PaulClarky124,0,1,1
Paul_otto1,0,3,3
PcsCentral,0,1,1
PeaceLoveDoge,0,1,1
PeakOffensive,0,1,1
PeasantForHire,0,1,1
PenkeTrading,0,1,1
PennybagsCX,0,19,19
PepeApuPeepo,0,1,1
Peppermint192,0,2,2
Percy Gibbons AKA 'The Fart Goblin',0,1,1
PerezJulien19,0,1,1
Perfect Timing Podcast,0,1,1
PerfectParker4,0,1,1
PermaBull25,0,1,1
Perracule,0,3,3
PervyPunks,0,1,1
PesceGladys,0,1,1
Pete M.,0,1,1
Peter Chavez,0,1,1
Peter28884825,7,8,15
PhamDinhHuan4,0,1,1
PhiliosP,0,1,1
Phillip_X_,0,1,1
Photo_Inspire,0,1,1
PhyVijayraj,0,17,17
Picasso,0,1,1
Picolas_Caged,0,1,1
PierMoscardi,0,1,1
Pierpao84810149,0,2,2
Pierronaldo38,0,8,8
Pikaso,2,3,5
Pillsbury Dogeboi,1,1,2
Pilot Matt,0,3,3
Pimkrap,0,7,7
Piotr Dyląg,0,2,2
Pivix4real,1,1,2
Pizdatenniy,0,8,8
PlainDoge369,0,2,2
Planet of Dinosaurs,0,1,1
Plaxas1,0,1,1
Play_Jim,23,59,82
Pleun1Dk,0,5,5
Pmacadoodle1,0,1,1
PogoAnnouncer,1,1,2
Poisonous Pinups LLC🍒🐍NFTNYC2023/24 VIP Speaker,0,3,3
PolarBerAI,0,1,1
PootieCoin,0,3,3
Pootie_Coin,0,2,2
PopulationPaste,0,5,5
Porfosor4,0,4,4
PorsieK,0,1,1
Possum,0,1,1
Poyraze18311320,0,1,1
Prabhat83695965,0,1,1
Prathamesh1129,0,1,1
Predictedio,0,1,1
PriceOfDogecoin,169,1,170
PrinceEvia62666,0,2,2
PriyaSinghal11,0,5,5
ProTheDoge,0,1,1
Pro_FredorSig,0,3,3
Promoplugs,0,1,1
ProofOfArt,0,1,1
ProtonWallet,0,1,1
PsicotropicaC,0,1,1
PtiPost,0,2,2
PuertoRiicanRay,0,1,1
Pulse On Market,0,1,1
PumpSignal2019,0,24,24
PumptheDoge!,0,3,3
PunksDolls,0,1,1
PuntaDulce14,0,1,1
PupnanceCoin,0,1,1
Qa_Ja_Luna,0,1,1
Quantzyx,0,2,2
QueenDOGE 👑🐾🦄,0,15,15
QueenofDogecoin,2,31,33
Queenofshib,0,1,1
Quesi,0,1,1
RAKESHM70536656,0,1,1
RANDYBANKSSD,0,19,19
RAREX68371096,0,1,1
RAlhmasy61350,0,1,1
RCashflo,1,2,3
RColson781,0,1,1
RD8 Harmonic Trading,0,1,1
RDO24464261,0,2,2
REALBITCOIN19,0,1,1
RFrank504,0,1,1
RJWCRYPTO,0,1,1
RKG_cali,0,1,1
RLLracing,0,1,1
RNB333,0,1,1
RNRoosevelt,14,46,60
RTCARDINALS,0,1,1
RWB_American,0,3,3
Ra,0,1,1
Rabno122,0,5,5
Rachel Watson,0,1,1
Radar_Bursatil,0,2,2
Radek08414247,0,1,1
Rafayel Mkrtchyan,0,1,1
Rafe Mahmud,0,1,1
Rahman Şahin,1,2,3
Rahman54498533,0,1,1
Rahul Kumar,0,1,1
Rahul khatri,0,1,1
RahulAg63683512,1,3,4
Raidar15834339,0,8,8
Raiden0_3,0,1,1
Raja Ali Riaz,0,2,2
RajkumarSamra,0,8,8
RakeshG47040744,0,2,2
RakhiMonda30850,0,1,1
Ralzek,0,1,1
Ramar Ravanan,1,1,2
Rana33362,0,1,1
RanaBas47741379,0,10,10
RancidPotato,0,4,4
Randy808world,0,1,1
RandyFirst001,23,66,89
RandyFirst01,0,2,2
Randy_Fx_mason1,0,1,1
Randy_Macron,1,5,6
Randy_invest,0,7,7
Randy_scu,4,15,19
Randygeorge_tr,1,19,20
Randyleary047,0,2,2
Randyleary313,0,3,3
Randyleary_,0,2,2
Randyleary_1,2,9,11
Randylearyooo,0,1,1
Randymarc0te,0,5,5
Rappleton_AT,0,9,9
Rashedul Hridoy,0,1,1
RationalityWay,1,1,2
RayDuplechain,0,2,2
RayRay170586,1,1,2
Rayan Belfort,0,1,1
RaymirCuevas,0,2,2
RaymondTyl11,0,1,1
Raymondcryptoo,0,3,3
Raze_the_Z,0,1,1
Read Scoops,0,1,1
ReadScoops,0,2,2
Reaganfoster18,0,2,2
Real Dogecoin Price Bot,2,1,3
Real Talk,0,2,2
RealBenOwensX,0,1,1
RealDealWilliam,0,1,1
RealEngineered,0,2,2
RealOptimized,0,2,2
RealTreyEdwards,0,4,4
RealWorldKitt,0,1,1
Real_Mike_R,0,1,1
ReallyLongCat87,0,2,2
ReauMoon,0,2,2
ReciteSocial,0,1,1
RedMoonDoge,0,2,2
RedZebra20,0,1,1
RedditGiveaways,3,5,8
RedfieldAudio,1,1,2
RenelonX,0,1,1
ResulEkremztrk4,0,1,1
Ret,0,1,1
Retard_dgen,0,1,1
Revelatorrrrrr,0,1,1
Reviews_Inn,0,1,1
RexhaRexhaRexha,0,1,1
Reza26843823,0,1,1
Rezanator_,0,1,1
Rhyderzz,0,1,1
Rhys__Morgan_,0,7,7
RhythmicAnalyst,0,1,1
Ricardo64641343,0,1,1
Rich 616,0,1,1
RichDevX,1,3,4
RichRogers_,0,1,1
Rich__Mindset_,34,54,88
Richard L ✈,0,1,1
RichardHemmon,0,1,1
Richardson5788,0,2,2
Richarlison_c,2,13,15
RichieRichCK,0,2,2
Rick,0,1,1
RickFreyta,0,5,5
Rick_Barber_,0,1,1
Ridhow21,1,5,6
RiduFly,0,1,1
Rihards,0,2,2
RingoRamone,0,1,1
RipHarambeAmen,0,1,1
RiskRider,0,1,1
RiteshSinghal7,0,7,7
Riya60467404,0,1,1
RizkyF_404,0,1,1
RnoHach,0,1,1
RoaringAuctions,1,1,2
RobMarriott1,0,1,1
RobSafie,0,1,1
Roben92721614,1,3,4
Robert Kyio,0,1,1
Robert Timmer,1,4,5
Robert Vogan,0,1,1
Robert.Eth,0,1,1
Robert16785335,0,1,1
RobertTimmer44,0,5,5
RobertVogan9,0,1,1
RobertoBorgono1,6,4,10
Robi4Bit,0,1,1
RobinMiranda05,0,1,1
Robson_No_Faith,0,4,4
Rocket The Dogefather 🚀,0,1,1
RocketPiponsol,0,1,1
RockettMaann,0,1,1
Rodrick63562316,2,18,20
Rodrigo Troy,0,1,1
Rodrigoravacci4,0,1,1
Rofiq_Hazard,0,1,1
RoguePull,0,1,1
Rohann_Tack,0,1,1
RohitSh58436052,0,1,1
RohithDavans,0,1,1
Roka_Dura,0,1,1
RolfecryptoSig,0,5,5
RollerKing,0,1,1
Rolling_Podium,0,1,1
RomanVaxotin,0,1,1
Roman_Iratus,0,1,1
Rome,0,1,1
Romfaking,0,1,1
Ron Swob,0,1,1
Ronaldo,0,1,1
Ronanasher_1,0,1,1
RondaTimberlake,0,6,6
RononFire1,0,1,1
Rookhi1,0,1,1
RootDataCrypto,0,1,1
RootforY,0,1,1
Roshini SL🫦🇱🇰,0,1,1
RouxAudrey,0,1,1
Rowdyfbaby,0,16,16
Roy69502475,0,4,4
Rtailor83459027,0,2,2
RudeBoysunited,0,2,2
RudeJoint,0,1,1
RugMeDaddy,0,1,1
RugVictimHelp,0,1,1
RuiLobo11,0,1,1
Rumpelstelzi,0,3,3
Rupinde05186351,0,1,1
RussIvy11,0,1,1
Ryan Glass,0,1,1
Ryan58592863,0,1,1
RyanJ8812,0,1,1
RyanMul85655604,0,1,1
RyanWest1987,0,2,2
Rza_abr,0,2,2
RŒKĘĘŸ ĘXÇHÆŃGĘ,0,1,1
S17928642,0,1,1
S1l3ntSc13nc3,0,1,1
S95Spyros,0,1,1
SADCLOWNSSS,0,1,1
SAG3_ai,0,1,1
SAHU_FANPAGE,1,1,2
SANCTUS_FOX,1,11,12
SANJIVD21527692,0,1,1
SDR🦖,1,1,2
SEUNGHWAN SONG,0,1,1
SEVEN.,0,1,1
SGCRYPTOWHALE,0,1,1
SGT Esco ,0,1,1
SHAN68653391,0,1,1
SHIBCOINING,0,1,1
SIR DOGEMAYNE,0,1,1
SIRDOGEGROK,0,1,1
SKESTlNA,0,2,2
SKTHEPREZ,0,1,1
SKotsonas,0,4,4
SMEGULATOR2,0,2,2
SMargalin,0,2,2
SNengwes56117,0,1,1
SOPHIA_D0NNA,0,1,1
SPUDDI,0,2,2
SS_Bankai,0,1,1
ST,0,1,1
STARKfuturo,0,1,1
STEVEN04821672,10,26,36
STEVIEBOY,0,2,2
SUNILKU19073466,0,1,1
SYLAR_1604,1,1,2
Sachin50251869,0,1,1
SachinDwivediSD,0,1,1
SachinSAHEBRAO3,0,1,1
Sachkehtahai,0,1,1
Sadiairummalik,0,1,1
Saeed432762381,0,7,7
SaeensaeenK,0,1,1
SafeDogeEnthusiast,0,1,1
SafemoonBro650,0,2,2
SafemoonDoge,2,5,7
SagasHayate,0,1,1
SagevsBabylon,0,2,2
SahibKh45889266,0,1,1
Sahil Dahiya,1,1,2
SahilKhan187,0,1,1
Saif Ullah,0,1,1
Saint. Robbie G (HE/Influencer/psychonaut).doge,0,2,2
SalaarMaha18610,0,3,3
Saltripin Guitar and Pedal Co,1,8,9
Saltripinllc,0,6,6
SalwaAdelia19,0,1,1
Sam Assets⚡,0,1,1
Sam13095892,0,1,1
SamriddheeTech,0,2,2
Samtheman7189,0,1,1
Samuelschmamuel,0,2,2
Samylee171,0,1,1
Sandeep72866870,0,1,1
Sandral_le,0,1,1
SandyChukx,0,1,1
Sang Wong,0,1,1
Sani0310,0,1,1
Sania,1,1,2
SannaWasim,0,1,1
Sanni49808112,0,2,2
SansockTrader,0,1,1
SantaDecides,0,1,1
Santhos95216951,0,1,1
Sara Banks - We Live In A Society,0,1,1
Sara4Dogecoin,0,7,7
SaraSachh,0,1,1
Sarah Blockchain 🔶🌐,0,1,1
Saran Smith,0,1,1
SaranjeetSahota,0,2,2
Sardarji0786,0,1,1
SarkarShuvo5,0,11,11
Saronerdock,0,1,1
Sascha552M,0,2,2
SashaShumakov21,0,1,1
SasoniJack72,0,1,1
SatomoH,0,1,1
SatoshiDesi,0,1,1
Saurabh Sharma,0,1,1
SavageB1ackWolf,0,1,1
SavioMo14184892,0,1,1
SawAnne6,0,1,1
SaydaEstrada,0,7,7
Scathelocke,0,1,1
ScheisseBig,0,2,2
ScheufeleR84806,1,14,15
ScorigamiNBA,1,1,2
Scorpi904,0,1,1
Scott Hood,0,1,1
ScottVerity,0,2,2
ScottyDOESknow,0,1,1
Scrilla81,0,1,1
Scrooge McBux,0,3,3
ScroogeMcBux,0,2,2
Scryptware,0,1,1
Sean Williams,0,1,1
Sean_C_C,0,3,3
SearchTheDotCom,0,6,6
"Sebastian, The Dogecoin Bull",0,1,1
SeekrTrending,0,1,1
SegunZsegun,0,4,4
Senorsupremo,0,1,1
Sepehr,0,1,1
SephirothRising XS 🇺🇸,0,1,1
Seppukumelodis1,0,1,1
SerafinFood,0,1,1
SergioDevidson,0,1,1
Serhat45370025,0,1,1
Serhii Holub $SOL ⤵️,0,2,2
Serhii_1988,2,10,12
Serkan Glatt,0,1,1
Sertancan,7,15,22
SethKinstle,0,1,1
SeveShi,0,1,1
SgtWillisJF4,0,1,1
ShadabA56319280,0,1,1
ShadowDragonLord,0,1,1
ShadowViet,0,4,4
Shahrok64608309,0,2,2
Shahzaib Sarfraz,0,1,1
ShakMehedi,0,1,1
Shalini94927073,0,2,2
ShameelMarie,0,1,1
ShaneRizzo2,0,7,7
ShanettaTy38902,0,1,1
ShawnRay_,0,1,1
ShayMarkets,0,1,1
ShemaineMi85150,0,1,1
Shemilore.eth,0,1,1
ShepherdWounded,0,1,1
SherineD,0,6,6
SherloX_in,0,2,2
Sherry Mecom,0,1,1
SherryLMecom,0,1,1
Shib_Army90,0,2,2
ShibaUpdates,0,2,2
ShibaYoshiiiii,0,1,1
Shibainusouja,0,2,2
Shibanunnaki,0,2,2
Shield,0,1,1
ShillMasterGemz,0,4,4
Shillmachine,3,3,6
ShinShady3,0,3,3
Shine E-Commerce,0,1,1
ShinesMr,0,1,1
Shirley,0,1,1
Shirtharmony,0,1,1
ShitcoinPump,0,1,1
Shivalli_v,0,2,2
Short Saylor,0,4,4
ShowtymeClemens,0,1,1
Shubham45872315,1,1,2
Shubhamet,0,1,1
Sid14393033,0,1,1
SidarADAR30,0,1,1
SidharthaVader,0,1,1
SiegeMoto,0,2,2
SigersonBell,0,1,1
SignalDAO,0,2,2
Significant_Win,0,1,1
SiljaSegal,0,2,2
SilkLinkio,0,1,1
SilvaDamian,0,5,5
SilvaRomos,0,5,5
Simjimy9,0,1,1
SimonS559,0,2,2
Simone,0,1,1
Simone Remoli 🇮🇹,0,1,1
Simonwarick438,5,12,17
SimpNamed,0,1,1
Sir Doge of the Coin ⚔️,2,7,9
SirBortecine,0,1,1
SirLRonHODLer,0,2,2
SirWoofOfDoge,0,2,2
Sir_L3X,0,2,2
Sjenish674,0,1,1
Sjuul | AltCryptoGems,0,2,2
Skid_Row_Bets,0,1,1
Skmini69,4,16,20
Skochᶰᶠᵗ ,0,1,1
Sky_guy_guy,0,1,1
Skylar Miles,0,2,2
Skyrod,0,1,1
SlanginDoge,0,2,2
Slayin_Train,2,2,4
Sleak59,0,1,1
Sleeping Giant,0,2,2
SlumDOGE Millionaire,0,3,3
Smart97955371,0,1,1
Smart_futures1,0,1,1
Smeagol,0,1,1
SmeagolDoge,0,2,2
Smile36936,0,3,3
SmileyGnome,0,1,1
Smithy_jhb,0,1,1
SmokeDoggee,0,2,2
Smokin_Dave_007,0,1,1
Snoop-Doge$,0,1,1
SoBoringSoBasic,0,1,1
SoSaraBee,0,1,1
SoSimpull,0,1,1
SocialRepublicX,0,1,1
SocialSavant,0,1,1
SocietyDogecoin,0,2,2
Sofia/صوفیہ,0,1,1
SoftswappHQ,0,1,1
Soheil_SBabaei,0,2,2
Solana_Maxis,0,1,1
SoldNever,1,29,30
Sold_The_Dip,0,1,1
SonjavHuyssteen,0,1,1
Sonofvick,0,1,1
SonuRaj09883098,0,1,1
SonuYad66613478,0,1,1
Sonukum23758114,0,1,1
Sonya Babe,0,1,1
SoulsFail,0,3,3
SpaceBoylol,0,1,1
Spacedogoxyz,0,1,1
Sparkle_dzidzi,0,1,1
Spcoke1,1,1,2
Spelunkin,0,1,1
Spencerparson,0,1,1
Spidohh,0,1,1
Spind0k,0,1,1
SpinitfruitBack,0,2,2
Spiral987,0,1,1
SpiritOf1783,0,1,1
SponsKiller,0,1,1
SportModel2,0,1,1
SportsTrader888,0,20,20
SpotCoinTrading,0,2,2
Spyro376,0,1,1
SqueaksOnX,0,1,1
Squirtyparty,0,1,1
Srigopal Bhattad,0,1,1
SrinaDavid,0,3,3
Ss47478339,0,3,3
Ssifatt,0,1,1
St45,0,1,1
StKs70731954,0,1,1
St_Kennard,0,9,9
Stani Mx,0,1,1
Star Trek Fan,0,1,1
Star_stuck1,0,1,1
StartUsingDoge,3,9,12
StechiteGist TV,0,1,1
Stellar_Giant,0,1,1
StephanieAlex4,0,1,1
StephenBuddin2,0,1,1
StephenStonberg,0,1,1
SteveDa38275339,0,1,1
SteveJaz,0,1,1
SteveNi96234828,1,7,8
StevenJungwoo7,0,1,1
StevenSkeens5,0,1,1
StickyKeef,0,1,1
StillSalty624,0,1,1
Stock Profit Secrets,0,1,1
StockLeakz,3,5,8
StockSwammy,0,1,1
StockTrade6,0,5,5
StockboyBaker,0,1,1
StonksReddit,0,4,4
StormX ⛈ Doge 🇬🇾🇺🇸,1,3,4
StreetRoyal,0,1,1
StrikerTK4416,0,1,1
SuchDogeNews,0,1,1
SuchList,0,6,6
SuchMiner,0,1,1
SuchMoonDoge,0,1,1
SudzzBTS,0,1,1
SueTiller1,0,1,1
SugarDaOne,0,1,1
SujeetSamal6,0,1,1
Suleiman650086,0,1,1
Sulliva_43,0,1,1
SunnyBee42069,0,1,1
SupaDJKlean,0,1,1
Superhi31132350,0,1,1
SuryaGSP,0,1,1
SuvoMojumd63502,0,1,1
SwiftPilot420,0,1,1
SwissAssAssin91,0,1,1
SynzOfMan,0,1,1
SzultaNico,0,1,1
Sɪmɾen ᵖᵃʳᵒᵈʸ,1,1,2
Sɪɴɢʟᴇ Kɪɴɢツ,0,1,1
T'Challa,0,1,1
T1ckleBudd1es,0,1,1
T2MK,0,1,1
TAHSIN_HIMI,0,1,1
TFRCaptain,0,1,1
TGproCrypto,1,2,3
THE UMAR🪽,0,1,1
THEDOGEGOV,0,1,1
THEDOGEboyy,0,1,1
THERUNDOWN,0,1,1
THORNOOBs,0,1,1
THR33.PRO,0,1,1
TIKSTER,0,1,1
TLJwasGood,0,1,1
TMTheMask,0,1,1
TNTechA,0,1,1
TO THE MOON,0,1,1
TOIBusiness,0,1,1
TONY_SNOW_21,0,5,5
TOPDOGE007,0,4,4
TOPMAX,1,1,2
TOtis1959,0,1,1
TThibigames,0,11,11
TURKCRPYTO,0,1,1
TVK Vijay Universe,1,1,2
TWAPDetector,0,1,1
TWORILL,0,1,1
Taiba Sutcliffe,0,1,1
TaintedMuffin22,0,1,1
TakoYak13233529,0,1,1
Talip55602776,0,1,1
Taneristtt,0,1,1
TaniaMoraE,0,1,1
Taniachoerunisa,0,1,1
TapioTiihonen,0,1,1
Tarek82244202,0,1,1
TarkAsl97667405,0,1,1
Tarra_bull1,0,1,1
Tarık Aslan,0,1,1
TashiMark,0,1,1
Tasnieem_2001,0,1,1
Taylorj0402,0,2,2
TbtCoinss,0,1,1
TeamB21M,0,1,1
TeamDoge2025,0,2,2
TeamDogeCoin369,2,15,17
TeamDogeEurope,0,8,8
TeamDriven32,0,1,1
Tebini Ahmed,0,1,1
Technocutie1,0,1,1
Teckexpertsdot1,0,2,2
TeddydaBear1962,0,1,1
TeefPowder,0,2,2
TeengTingBall,0,1,1
TegelerSee,4,16,20
TehHodlr,0,1,1
Tejay Tashunda,0,1,1
TelsaDogecoin,0,1,1
TenaciousAlaf,0,1,1
TeniCucu,0,1,1
Terence_Lan,0,1,1
TerrySilverman9,0,1,1
Tesla Model Ðoge,0,2,2
TeslaModelDoge,0,5,5
TeslaOwnersMarz,0,1,1
Tesla_Dogecoin,0,1,1
Thaer424,1,7,8
The Arch Angel Of The Church Of Philadelphia,1,3,4
The Big Valbowski,0,1,1
The Dividend Quest,0,1,1
The Dog,0,2,2
The Dogecoin Family,7,26,33
The Dogefather🌕,0,1,1
The Duke Of DogeCoin,0,7,7
The Dutch Doge Guy 🐕,0,2,2
The Guy,0,2,2
The Huynh,0,1,1
The Kennel 💪🇺🇸,0,1,1
The Republic of Dogelandia,0,1,1
The Science,0,1,1
The Wise Crow 1,0,2,2
The Wizard Of Doge,0,5,5
The real Mr. Crayon,0,1,1
The spartan,0,1,1
The3MUSK_ateers,0,2,2
TheAaronBowley,0,1,1
TheAfricanComm1,0,1,1
TheAiArtLegend,0,8,8
TheAnswer1s,4,10,14
TheAntAcademy,0,1,1
TheBTCBeast,0,1,1
TheBitcoinNews,0,3,3
TheCoinMonitor_,70,78,148
TheCritic420,0,5,5
TheCryptoLogic,0,1,1
TheCryptoTrucker DogeCoin Chat,0,2,2
TheDailyDoge,0,1,1
TheDailyTakeS,0,1,1
TheDogeBird,0,3,3
TheDogeChild,0,1,1
TheDogeDad,0,1,1
TheDogeFather16,1,3,4
TheDogeLair,0,1,1
TheDogeOfWallSt,0,1,1
TheDogeSon1,0,2,2
TheDoge_Pack,0,1,1
TheDogecoin,0,1,1
TheDogecoinShow,0,4,4
TheDon_64209,0,2,2
TheDraculaDoge,0,1,1
TheGodofGamez,36,40,76
TheGodofNews,1,3,4
TheHighChap,0,1,1
TheKingMeMidas,0,1,1
TheKingTrout,0,1,1
TheKitchenandB1,0,1,1
TheLawSharks,0,1,1
TheMahatoshi,0,1,1
TheNvsibleHand,0,1,1
TheObedientGirl,0,1,1
TheOnlyFronk,4,37,41
ThePoseidonPete,0,1,1
TheRealDogecoin,293,307,600
TheRealTeeBabyy,0,1,1
TheRealTomMato,0,1,1
TheRedditStatistician,0,1,1
TheRowdy0ne,0,1,1
TheSmitty_Verse,0,1,1
TheUnderDogAi,0,9,9
TheUnderDoge3,0,5,5
TheWiseCrow1,0,5,5
The_Bank_456,0,1,1
The_D,0,1,1
The_Family_Doge,0,1,1
The_GreatBonnie,0,1,1
The_REDWRITER,0,7,7
The_Tradesman1,0,8,8
Thedogecommuni1,0,2,2
TheeÐogeC₳tcher,0,1,1
Theknee4,0,1,1
Thereal_Kolimba,0,2,2
Theresa Lynn,0,1,1
Thesadbear,1,2,3
TheyCallMeNyquil,0,2,2
TheÐogeGlory,0,3,3
ThiagoRTol,0,6,6
Thinker39103912,0,1,1
ThinkerD4,0,1,1
ThirdEyeNinja,0,1,1
"ThirdSpace (🧄,🧄)",0,1,1
Third_Eye_Seeks,0,2,2
ThisIsStevePost,0,1,1
ThisIsTheWay321,0,1,1
Thomas Liebig 🍌,0,1,1
ThomasDogecoin,5,21,26
ThomasReidBtc,0,1,1
Thor,1,2,3
Thor Odinson,0,1,1
Thymas_Crypto,0,1,1
Tiberius Monk,0,1,1
TiberiusElliot,0,1,1
TickerCrypto,0,1,1
Tien7397,1,21,22
TierraSaysso,0,1,1
Tiger Coin,0,1,1
TigerElit3,0,1,1
TilzerGregg,0,7,7
Tim47308429,2,13,15
TimDraper6991,0,1,1
Time22DA,0,2,2
TinyTweet5,0,1,1
TipDogecoin,0,4,4
TipsyWolf_spl,1,1,2
TitanUp Ty,0,1,1
Titanieao,0,1,1
TitaniumPlays,0,1,1
Titansfan_13,0,1,1
TiyeScarlett,0,2,2
Tj,0,1,1
TknWire,0,4,4
To The Shmoon !,0,1,1
ToadSageNaruto,0,3,3
TobiIzzy1,0,1,1
TobieGraphix,0,1,1
Tobiizzy999,0,1,1
Todd Tuller,0,5,5
Token Against Humanity 🖤🔥 | Chaos Legion,0,1,1
TokenAnalytics_,0,4,4
TokinTurk,0,1,1
Tokyo,0,1,1
Tom_Moretto,0,1,1
Tomasz82543329,0,1,1
Tomi29,0,1,1
Tommy P,0,1,1
Ton23490490,0,1,1
Tony Kenler,0,1,1
Tony Stark,0,1,1
Tony1DOGE,0,3,3
Tonyanthony,0,1,1
ToodayTomorrow,0,1,1
Top100_crypto,0,2,2
TopherDouglas,0,1,1
Torquat28352878,0,1,1
Toshi Maxi,0,2,2
ToteAllyAwsome,0,1,1
Totenfluch,0,1,1
Totheemoooon,0,1,1
Tothemooooon3,0,1,1
TowelieTrades,0,1,1
TraceyAnnCraft,0,1,1
Tracey_Marzich,0,1,1
TracyRayLanier,0,1,1
TradGPRO,0,1,1
TradeAnalyst284,0,4,4
TradeAnalyst963,0,10,10
TradeExpert485,0,1,1
TradeExpressInc,0,1,1
TradeM470,0,4,4
TradeMonkIndia,0,4,4
TradedogCrypto,0,1,1
Trademark330,0,1,1
Trader685,0,1,1
TraderKumarSig,0,1,1
TraderTyde,0,1,1
TraderXai,0,1,1
Trades75699329,10,30,40
TradesByReal✝️,0,1,1
TradezWolf,0,1,1
Trading school,0,1,1
Trading42155749,0,1,1
TradingGpro,5,29,34
TraeJon18452642,0,1,1
Trainer Intentions,1,2,3
TrainerIntent,0,7,7
Trannguyenphon6,0,1,1
Transgendermams,0,1,1
TranslateMeBot,1,1,2
TrashBoatRoomba,0,1,1
TravisM00,0,1,1
TravisNTravesty,1,3,4
TreeLord_,0,1,1
TrendIsYourFrnd,0,1,1
TrendyTweets💨,1,1,2
TrenerKryptoo,0,1,1
TrevorCruse,0,1,1
Trey Edwards,0,2,2
Trey66199348,0,1,1
Trinkit6,0,1,1
Triple__A1,0,1,1
Trish Bentley,0,1,1
"Tristan Reparejo BSN, RN",0,2,2
TroyHari,0,1,1
TrumpDonCoin,0,3,3
TrusteeGlobal,0,1,1
Trusting In Him!,0,7,7
Truthb3t0ld_01,0,1,1
TryMeOnXXX,0,2,2
Tsar ĐOGE,0,1,1
Tspooky,0,1,1
TuanTokyo91,0,3,3
TullerTodd,1,7,8
Turab Awan,0,1,1
TurboLlama,0,1,1
TweetByWale,0,1,1
TwistoneU,0,1,1
Tyler26272999,0,2,2
Tyson__Ben,0,2,2
UBV23,0,1,1
UFUOMA,0,1,1
USDogecoin,0,2,2
USRxCard,0,1,1
Uaxy2,0,1,1
Uhriaha Aguilar,0,2,2
Umbra - $SYMX,0,1,1
Umut52521380,0,1,1
UnGatitoFeliz,0,3,3
Uncle Carlos,0,1,1
UncleCarlos6,0,3,3
UnderDogEmotion,0,1,1
UnderDoge_,0,1,1
UnderdogAI,1,3,4
Underrated tweet police 🚔 🚔,0,1,1
Underthegun99,0,1,1
Unforgi33728409,0,1,1
Univers93650564,0,2,2
Universal Wisdom,0,1,1
Unknown02988093,0,1,1
Unshtappable,0,1,1
Unstable.Whale🍥🐳,0,1,1
Ur CryptoFlipper,0,1,1
UrsichJr,0,1,1
UrsusTacticus,0,2,2
Usamakhan974,0,1,1
Uso_Kee,0,1,1
VAPEPENstore,0,2,2
VDaulani,0,2,2
VIK_TIIM,0,1,1
VIRBESTO aka MONROE,0,1,1
VMinhc57397605,0,1,1
Valakias,0,1,1
Valiant (Star Seed),1,1,2
ValleLoc,0,6,6
Vanessa09618000,0,1,1
VanessaLord12,0,3,3
VanguardVNG,0,1,1
VaticanBank,0,13,13
VatterJohn,0,1,1
VazquezZaragoza,0,1,1
Veki551155,0,1,1
Vella,0,1,1
Venkat ⚡️,0,1,1
Venus Rx.💊,0,2,2
Victor Duran Dogecoin holder,0,1,1
Victor51842286,0,1,1
VictorWalkerLLC,0,1,1
VictoriaNFT68,0,1,1
Viek🎀,1,1,2
VijayCh60566536,0,1,1
Vikash17971677,0,3,3
Vincemainia,0,1,1
Viniciuslrcosta,0,12,12
VintageCrypto,0,1,1
VipRoseTr,0,1,1
Vipervenom1991,0,2,2
VitaminBTCrypto,0,1,1
Vito Covalucci,0,1,1
VnayC8,0,1,1
Voc26london,0,1,1
VolkanESN1,0,1,1
VolumeMonitor,0,2,2
VonClipz,0,1,1
Vondir,0,2,2
Vormin666,0,1,1
Vraj Patel,0,1,1
Vytautijus,0,1,1
Vũ Hồng Tiến,0,1,1
W0lfieWo0f,0,1,1
WChristinavu09,0,1,1
WHALEBEAST1,0,5,5
WJD_Company,0,1,1
WRakene5393,0,1,1
WSBGammaSqueeze,1,4,5
WSPDOGE,0,1,1
WadeDouglas12,0,13,13
WadeJon53438167,0,1,1
WaffenAutism,0,3,3
Waffles_C,0,1,1
WaldoPackers,0,1,1
WallStVisions,0,1,1
WallStreetCrime,0,2,2
WalldeMarrCA,0,1,1
WallstreetWok,0,1,1
Wario_Musk,0,1,1
WatchinYouuuu,0,1,1
WaterBambooTre1,0,1,1
WeAreTheFoundationOfÐogecoin,1,3,4
WeOutHere.sol,0,1,1
WeRCelestial,0,3,3
WeTheDoge1,1,1,2
WealthArigato,0,1,1
WealthyWelsh,0,1,1
Web3newswire,0,2,2
WebScott,0,1,1
WebbMeredith2,0,2,2
Webseographics,0,1,1
WediSri,0,3,3
Weekycan1,1,2,3
Went_live,0,1,1
WetKissesB,0,17,17
Wezaverse,0,1,1
We’reAllThinkingItSoI’llSayit!,0,1,1
Whackamo,0,1,1
WhaleTrades,8,28,36
WhatsAp93430770,0,1,1
WhiteBtBs1,0,1,1
WhiteGhost,0,1,1
Whitey102796,1,14,15
WhitneyWalker33,0,3,3
WhoInvitedKelbi,0,2,2
WhoLetTheDunesO,0,1,1
Wichtemann,0,1,1
WillYao14,0,1,1
WilliamMinogue1,0,1,1
Williams96537,1,5,6
WilliamsLance4,0,1,1
Willy Porker,0,1,1
Wine_Jon,0,1,1
WinnerGoldTrade,0,2,2
WinterInMarz,1,2,3
Wisd0m_Speaker,0,1,1
Wizard_of_Base,0,2,2
Wokie Plumpkin 🌈💔,2,2,4
Wolf1e99,0,3,3
WolfOfPC,0,3,3
Wolfie Woof,0,1,1
Wolfswap | Swap & Earn,0,2,2
WontStopRUSSln,0,1,1
World Peace Movement,0,1,1
WorldDogecoin,0,1,1
Worldhackservi1,0,1,1
WowDogeWow,0,1,1
WqkWww,0,1,1
WrathofGoth,0,2,2
Wrgrv_dogecoin,0,9,9
Wria02207225,0,1,1
WriterSC,0,1,1
X1DrTyI,0,1,1
XLouMeisterX,0,1,1
XNameer,0,2,2
XRP Coins Army 🚀🚀🌕🌕 $100,0,1,1
XRPGODKING,0,1,1
XYOPepe,0,1,1
Xhallyxo,0,1,1
XiaoIcha,0,1,1
XprockXt,0,1,1
Xprofileforme,0,1,1
Xservice24,0,1,1
Xtraders1216753,0,5,5
Xtremetiaan1,0,1,1
Xzavier45095,0,1,1
XÆ A 12 MUSK,0,1,1
YOLOministry,0,1,1
YOTTA_COIN,0,1,1
YUURI17184445,0,1,1
YY GA,0,5,5
YY76367673,0,1,1
Yahya Kemâl,0,1,1
Yashfa,1,1,2
YasirTrades,0,1,1
YassVolte,0,1,1
YasserPasser,0,3,3
Yassin,0,1,1
YawngBoss775,0,1,1
Yazan AD,0,1,1
Yazhini 💫,1,1,2
YettiCrypto,0,1,1
YieldHustlerr,0,1,1
Yogesh Yadav,0,1,1
Yoshua Dogeberry,0,1,1
YouDontKnough,0,1,1
YoungCrypto69,0,5,5
YourCryptoNews,0,6,6
Your_hi_ns,0,1,1
Youssefthegame6,0,1,1
Yousstone766,0,1,1
Yudas72335537,0,2,2
Yusra Kamal,0,1,1
YusufCa20675021,0,1,1
ZEPHYR__627,0,1,1
ZES,0,4,4
ZLoescher,0,11,11
ZaZu1981,0,3,3
Zach - Soberpreneur 📲🌪💰⚡️💵,0,1,1
Zach Humphries,0,1,1
Zack @ Genzio,1,8,9
Zack | RoseTree.io,0,1,1
ZackGianino,0,2,2
Zackcrypto_1,13,35,48
Zafer TADİK,0,1,1
ZaksCryptoWhale,0,4,4
Zara__Goza1,0,3,3
Zebra911411,0,1,1
ZeeKing 👑 (Saint),0,1,1
ZekeMaddox2,0,1,1
ZenMuskX,0,1,1
ZenginOs,0,1,1
ZeroSolll,0,1,1
Zeroone001_,0,1,1
Zeyo $DOSU $DOGE,1,9,10
Zeyocrypto,0,1,1
ZhamakN,0,1,1
Zhang87297774,0,1,1
ZhaoSonsWealth,0,1,1
Zhenya Matviichuk,0,1,1
ZigluMoney,0,1,1
ZillaDoge,0,5,5
Zinsouvi celin,0,1,1
Zombeeena333,0,4,4
Zukoo69,0,12,12
_Acts36,0,1,1
_B_u_c_h_i_,0,1,1
_Bofoy_,0,1,1
_Cryptokingdom_,0,1,1
_GunPvP,0,1,1
_Khalifa__,0,4,4
_RajaWaqarAhmad,0,3,3
_WholeLottaDoge,0,1,1
_ZoneCrypto_,0,2,2
___Calyspo___,0,2,2
___J__a__k__e__,0,1,1
__dogecoin_,0,1,1
__samario,0,1,1
_cdome,0,1,1
_ck_X_,1,20,21
_cryptosurfer,0,1,1
_emman22,0,2,2
_geoworldwide,0,5,5
_nftdream,0,1,1
_olumayor,0,1,1
_pvlad1,0,1,1
_quantummint,0,2,2
_siaubas_,0,1,1
_sunnyshukla,0,1,1
_the_doge,0,1,1
a,0,1,1
a570735e42a741a,0,6,6
a_a_lt,0,3,3
a_wu1t,0,2,2
aacryp,0,1,1
aacrypto8,3,3,6
aangga1998,0,1,1
aaron silverstein,0,1,1
aaron1_z,0,1,1
aataamnirbar,0,1,1
abbadpeg,0,1,1
abbysanty,0,2,2
abdelkrimJamal1,0,1,1
abdyn_,0,1,1
aboller745,0,1,1
abpela02,0,1,1
abrown474,0,1,1
abztrdr,0,1,1
ac58863,0,1,1
actresshub12,0,11,11
adelkim80,0,2,2
adoptmeelonmusk,0,3,3
affordafashion,2,3,5
ag_lexismusic,0,1,1
aghost2most,0,1,1
agparadox,1,4,5
agusia_SG,0,4,4
ahmadalmahdy85,0,5,5
ahmetakggn,1,1,2
ahmt0001,0,4,4
ai_punk_fun,0,1,1
aiden57413398,0,1,1
aidinetvn,5,15,20
aixqora,0,1,1
akematee,0,2,2
akosiKiirubiin,0,7,7
al bodden,0,1,1
alabbazia,2,2,4
albodden,0,2,2
ale4D,0,4,4
alexTFKN,0,4,4
alexafield_x,0,6,6
alexsanderfc,0,1,1
ali mirzaei,0,1,1
ali09026249,0,2,2
ali_charts,0,1,1
allan1122582,0,2,2
alldesign4you,0,8,8
alligator7sv,0,1,1
allinonecrypto,0,3,3
allrealegacy,0,1,1
allsniles,0,1,1
allthemoneys,0,1,1
alper,0,1,1
alpha_keyboard,0,1,1
alphaaagogo,0,1,1
alqsy,1,2,3
altcryptoanon,0,1,1
amadaytrader,0,1,1
amandaeminina,0,1,1
amar2304326924,0,6,6
amar_lotmani,0,1,1
amartinezac2,0,1,1
ambrogiobrillo,0,1,1
ami_ritabrata,0,1,1
aminmsani,0,1,1
amirhos51897085,0,1,1
amjay718,0,1,1
amordoctrinae,0,1,1
amy_kemsky,0,1,1
amy_stroud,0,1,1
analogousfullba,0,1,1
analyst5_bot,0,1,1
andregustavobh,0,19,19
andres_bitcoin1,0,1,1
andrew_robrt,1,17,18
andrwdalton,1,9,10
andy73690988,0,1,1
andyleeck,0,1,1
andyypants,0,15,15
aneesatAbubakar,0,2,2
angelDip2,0,1,1
angry_naijababe,0,1,1
anjanidi22,0,1,1
ankitXdhankhar,0,1,1
ann_taylorrr,1,2,3
annewright683l,0,1,1
anonymous_supe,0,1,1
anquantyx,0,1,1
anthonydudkiew1,0,1,1
anthonyscountry,0,1,1
antonio_may34,0,1,1
antsycryptonite,0,1,1
ap4lmtree,0,1,1
ape2_eth,0,1,1
apok_knight,0,2,2
appleseed2002,0,1,1
aquino_onell,0,1,1
arab_beautie,0,1,1
arash zare,0,1,1
arashis71,0,1,1
araz33767066,0,1,1
arbabha58289946,0,1,1
arboxart,0,2,2
arcadiisback,0,1,1
ariongross,0,3,3
arjaye4life,0,1,1
army_blockchain,0,1,1
armyveteran13F,1,6,7
aryantambulkar8,0,1,1
aryjuliant,0,1,1
asad Mahmood khalid,0,2,2
asbabbas6,0,3,3
asfnDi,0,1,1
ashcryptobabe,0,1,1
ashish256949,0,2,2
ashleighjade57,0,1,1
ashley cutts,0,1,1
asimtell,0,1,1
askdrelam,0,1,1
asmith1,0,1,1
asphyxia2u2,0,1,1
astrocatmusic,0,1,1
augiebitman,0,2,2
avjohnsilver,0,1,1
awwjkim,0,5,5
ayewaken,0,2,2
ayo_creator,0,3,3
ayoub10054496,0,1,1
ayrtongr96,0,2,2
azam1272,0,2,2
b1uetothemoon,0,2,2
b_willsey,0,1,1
babyDogecoin100,0,1,1
babydoge_value,34,0,34
babygemhunter,0,1,1
bacon_addy,0,1,1
badboy56478,0,6,6
badlieutanant,0,1,1
bagdaddygaming,0,1,1
bailey3_ayla,0,1,1
ballsde08871643,0,1,1
bandosonUzamaki,0,1,1
bankslaa,0,2,2
barbergeek23,0,1,1
barbosaaaaas,0,1,1
barry34785,0,1,1
basil_ibn_shafi,0,1,1
bastianoda12,0,1,1
basuko,0,5,5
batra_animesh,0,7,7
batra_snehit,0,1,1
bayarealawyers,0,1,1
bayby2050,0,5,5
bbfry34339827,0,1,1
bblacks007,0,1,1
beerz_meta,0,1,1
behaveys,0,1,1
belishhhh,0,4,4
bella unicorn,1,2,3
belmar,0,1,1
benekcj,0,1,1
beniaminbitu20,0,2,2
benmweiss_,0,1,1
benniknop,0,1,1
bentemple,0,1,1
berkanlenck,0,12,12
bernie00771148,0,2,2
bestbaby01,0,1,1
bestradamus,0,1,1
bestyron,0,1,1
bevedoni,0,1,1
bgoldsworthy19,1,1,2
bharris1276,0,1,1
bholman24930782,1,2,3
bigborgo,0,1,1
bigdan071288,0,1,1
bigkentuckymil1,0,1,1
bigwhalealert,0,4,4
bilimdunyasi12,0,2,2
bilpcoinbpc,0,1,1
bingerloud,10,33,43
biswas_s33,3,16,19
bitcoin_dealer,5,1,6
bitcoinbegger,3,50,53
bitcoinhandel,2,22,24
bitcoinultimate,0,1,1
bitemeta,0,26,26
bitfiendd,0,6,6
bitmorpho,0,2,2
bitsminer_cc,0,1,1
bittorentbtt1,0,2,2
bklahm,0,1,1
bkulacs,0,1,1
blahpimbay2784,0,2,2
blindcatcrypto,0,1,1
blindheart_x,0,22,22
blinkbotai,0,1,1
blockwoods_io,0,3,3
blogdiva,0,1,1
bloxbae,0,1,1
bluRayRay,0,1,1
blueitserver,0,1,1
bluewhalecoop,0,1,1
bmine3rz,0,3,3
bmsquamtum,5,8,13
bmsrao0,0,9,9
bob_jahdiel,1,12,13
bobo920413,0,1,1
bogymen,0,1,1
bohotrades,0,1,1
bone_shibarium_,1,1,2
bordong2,0,1,1
borkgod,0,1,1
boshesap601,0,1,1
bosmonosmo,0,1,1
bossup_moves,1,3,4
boyankaras,0,7,7
boyter,0,4,4
bozhida4,305,316,621
bparkingnyc,0,1,1
bq_vj5,0,9,9
braime67,0,2,2
brandon,0,1,1
brandonmma3,0,1,1
brandonodom,1,2,3
brettmurphyx,13,13,26
brian,0,1,1
briantan1984,0,7,7
brich910,0,10,10
brilliant_gomez,0,1,1
brillianttrave1,0,1,1
broken82001963,0,1,1
brokenxbridge,0,1,1
brookec_4,0,3,3
brosbean1,0,2,2
broussard_1010,3,10,13
bryan49754086,1,1,2
bt_loi,0,2,2
btcbygpt,0,1,1
btcn34,0,1,1
buLl_makerF,0,1,1
buZztiaan,0,1,1
bubbles3805,0,1,1
buck_rory89724,0,16,16
bucktuna,0,1,1
bugaloo_2,0,1,1
bugecoin,0,2,2
bugginu1,0,1,1
builderdogecoin,0,4,4
bullrunbullies,0,1,1
bunelabun,0,1,1
bunny1769,0,1,1
businessbarista,0,1,1
buydogedotcom,0,1,1
bwtnocolor,0,1,1
c,0,2,2
c4chaos,0,2,2
c7dcac3b57d84a8,0,6,6
cRoYpToPaRtY,0,1,1
caafe24,1,1,2
calic415,0,11,11
calvincrew19,0,1,1
camgeary,0,1,1
camubate,0,1,1
candemir_ferhat,0,1,1
candyn235,0,3,3
caner_sarucan,0,1,1
cantonmeow,0,1,1
cap_N_cryp,0,2,2
capocorl,1,7,8
captain_hype,0,10,10
caquagli,0,1,1
carla_houston2,0,15,15
carlos25381910,0,1,1
carterb136,0,6,6
cartoon_stories,0,1,1
cashhogg,0,1,1
casiotonelovin,0,1,1
casualrelapsing,0,1,1
casumityadavji,0,1,1
catandradec,0,1,1
cd300000,0,1,1
ceUAr33xOOYHrTV,0,1,1
cekecua_,0,1,1
celsinhofilho1,0,1,1
cengaver8282,0,1,1
ceptox23,0,1,1
certaindiego,0,2,2
cexscan,0,1,1
ceyhunemanet,0,2,2
chai_suriya,0,1,1
chaitanyanits,1,5,6
chalup88,0,1,1
chargersbocc,0,1,1
charlotte85101,0,1,1
chefdelusion,0,1,1
cherribly,0,1,1
chetan_ladwa,0,1,1
chethangoud143,0,1,1
chewgreens,0,1,1
chibiimarii,0,1,1
chin22333,0,1,1
chiqidot,0,7,7
chnlngt,0,1,1
chris40050014,0,1,1
chris_arbaugh,0,2,2
chris_donald09,0,2,2
chrishon2001,0,1,1
christian_5uu,1,10,11
christiancarpy,36,71,107
christinebarnum,0,1,1
chucknorrisxbt,0,2,2
cicioyunoyna,0,1,1
circle🦊🪖,0,1,1
ciroe421,0,5,5
cj_fund,0,1,1
claudiaatch,0,1,1
clemens1896,0,1,1
cleo_pat1,0,1,1
cleogarcia,0,1,1
coachpoppavic,0,1,1
cobra_investor,0,1,1
coffeelucki,0,1,1
coinalertspro,0,4,4
coinblockhead,0,1,1
coincihoca78,0,2,2
coinkit_,1,45,46
coinregime,0,4,4
coinscreener_ai,0,1,1
coinspipe,7,22,29
coinwrite,0,1,1
colbicNatika,0,1,1
cole_forensics,0,1,1
conniemoulaiso,0,1,1
cooker55696525,0,20,20
coolhandlucy22,0,2,2
copy_algo,0,1,1
copywritinghq,0,1,1
coquin_75020,0,18,18
cottoneyejoe12,0,1,1
country_swag13,0,5,5
crayptotech,0,2,2
crazyNFTs,0,2,2
crazyodiaxyz,0,3,3
creador65,0,2,2
crfthiago18,1,1,2
crime_optimus,0,1,1
crockett_nathan,0,1,1
croko_grow,0,1,1
cruyptoworld,0,3,3
cruzoe_🦅,1,1,2
crypjewls,0,1,1
crypt0m0th,0,1,1
crypt8200185888,0,1,1
crypt_archangel,1,3,4
cryptcornershop,0,1,1
cryptedzombie,0,1,1
crypto090,0,2,2
crypto09900,0,2,2
crypto191919191,0,1,1
crypto202WIN,0,7,7
crypto4doge,0,5,5
cryptoEmms,0,2,2
cryptoNewsUP25,0,1,1
cryptoSM7,0,1,1
crypto_ethics1,0,1,1
crypto_gems22,0,2,2
crypto_mon51340,0,2,2
crypto_news_tip,0,1,1
crypto_nuclear,0,62,62
crypto_reeper,2,20,22
crypto_shoppe,0,1,1
cryptoalexreal,0,2,2
cryptoalphagg,0,2,2
cryptoartis.eth $RCADE,0,1,1
cryptoautobots,0,1,1
cryptob199,0,1,1
cryptobellz,0,3,3
cryptobipolar_,1,4,5
cryptobitch0,0,1,1
cryptobitsignal,0,2,2
cryptobrrbrrbrr,0,1,1
cryptocharts,5,1,6
cryptochrismining,0,1,1
cryptocoinua,0,1,1
cryptocomcs,0,1,1
cryptocrazybr,0,1,1
cryptodaddyji,0,6,6
cryptodailyTS,0,12,12
cryptodaypost ✝️,0,1,1
cryptodopememes,0,4,4
cryptofrog202,0,1,1
cryptoinvestor,0,1,1
cryptojourneyrs,0,2,2
cryptoline21,0,1,1
cryptomartint,0,1,1
cryptomocho,0,1,1
cryptomoneyeh,0,2,2
cryptonaut30059,0,1,1
cryptoprofits9,0,1,1
cryptoreview_ai,0,3,3
cryptos6_bk10x,0,1,1
cryptoscopie,0,1,1
cryptosears88,0,1,1
cryptosniperclu,0,1,1
cryptotailor07,0,1,1
cryptotrader85,0,1,1
cryptotushar05,0,1,1
cryptovibes7011,0,2,2
cryptowalax,0,1,1
cryptowatchher,0,4,4
cryptowithlollo,0,1,1
cryptoyasir26,0,1,1
cryptozone_x,0,1,1
cryptozup,0,3,3
crytobutterfly,0,1,1
csai_agent,0,5,5
cspratt15139,0,1,1
ctalerts7,0,1,1
cturtleemmers,0,1,1
culusnar,0,1,1
curuk_ss,0,1,1
customade88,0,2,2
cuttlefish_btc,0,1,1
cyn_dogelover,0,2,2
cyril_evens,0,1,1
dAxWDzwnSiiAczc,0,11,11
dReAmZofGr8neSs,0,1,1
dadkhah_pedram,0,5,5
dailywager7,2,0,2
dakotaxd01,0,3,3
damndumbkid,0,1,1
dan_tehmilkman,0,1,1
danatlas__,0,1,1
danhaddock3,0,2,2
daniel_wwf,0,2,2
daniela3566,0,1,1
danielliljeberg,0,3,3
danil_ala,0,1,1
dark choclit🌚,0,1,1
darkgyaradose,0,1,1
darrius_griffen,0,1,1
david_dogecoin,0,1,1
davidgokhshtein,0,1,1
davidke72447154,0,1,1
davidwood.crypto,0,1,1
davisfx11353,1,6,7
davyrotich84,0,9,9
dbalieiro,0,1,1
dcdave_ai,0,1,1
ddogemother,0,1,1
dearstormxdoge,0,3,3
deena34560790,0,1,1
defeat_will,0,16,16
defi_wealth,0,14,14
defido,0,1,1
defirockstar,0,5,5
degengambleh,0,1,1
degengrl,0,1,1
dejesusp97,0,3,3
deltree86,0,1,1
deluxedog6,3,6,9
demarketchannel,0,1,1
den214697234822,0,1,1
derikdustin,0,1,1
deris_xats,0,1,1
derrick_appa,0,1,1
desh_priya,0,1,1
design_atul,0,1,1
designprossori,0,1,1
devaladdin,0,5,5
devnullius,0,1,1
dewald de lange,0,2,2
dgecoinfanatic1,1,1,2
dhokabeatz,0,1,1
diamondwhiskers,0,1,1
dianaball706i,0,1,1
dianarsp,0,8,8
diegofagner10,0,6,6
digiltable,0,1,1
digitalatif,0,4,4
digitalbodha,0,1,1
digitalprovosT,0,1,1
digiworldblog,0,1,1
dimepieceart,0,1,1
dina_gomb4,0,1,1
dingdong290,0,7,7
dioskouori,0,1,1
dirkjan_0,0,1,1
disabledcowboy,0,1,1
dissectmarkets,0,1,1
diversify062,0,1,1
divinegrackle,0,4,4
diyan_shinta,0,1,1
djafardeep,0,1,1
djciti,0,1,1
djeddieplatinum,0,1,1
djjdent,0,1,1
djosinaloa,0,1,1
djshibe,0,11,11
djshymic,0,4,4
djyackz,0,2,2
dksRYpprpY4pIEa,0,1,1
dmcrypto001,0,6,6
dmdelisle,0,7,7
do_dogecoin,1,4,5
doc_05_,0,1,1
docheto,0,5,5
dodson_cola36,0,4,4
dog_wallstreet,0,2,2
doge100percent,1,38,39
doge121389,0,2,2
doge23478591,0,1,1
doge511,0,1,1
dogeCoin Thomas,0,1,1
dogeKid4,0,1,1
dogeTIME7,0,1,1
doge_albania,0,1,1
doge_bot,229,236,465
doge_catcher,0,2,2
doge_coin_guru,0,4,4
doge_coinarmy,0,1,1
doge_network,0,1,1
doge_private,0,1,1
doge_radio,0,3,3
dogearmy_,0,2,2
dogearmyyy,1,5,6
dogeattache,0,1,1
dogeboost,1,14,15
dogechickenla,0,1,1
dogeclub4,0,2,2
dogecoi19841002,0,1,1
dogecoin 2.0,0,1,1
dogecoin enthusiast,0,1,1
dogecoin of venice,3,20,23
dogecoin0100,0,1,1
dogecoin100,0,1,1
dogecoin2021202,0,1,1
dogecoin4lif3,0,8,8
dogecoin521,0,1,1
dogecoin95,0,1,1
dogecoin_army,0,1,1
dogecoin_armyy,0,1,1
dogecoin_ceo,0,1,1
dogecoin_chen,0,5,5
dogecoin_devs,0,6,6
dogecoin_empire,74,271,345
dogecoin_is_god,0,3,3
dogecoin_master,0,1,1
dogecoin_mill,0,1,1
dogecoin_r,0,1,1
dogecoin_st,0,1,1
dogecoin_star,0,1,1
dogecoin_stash,0,3,3
dogecoin_stats,0,1,1
dogecoin_the1,0,5,5
dogecoin_trader,1,44,45
dogecoinchow,0,1,1
dogecoincommun2,0,1,1
dogecoindaboss,0,1,1
dogecoindollar1,0,1,1
dogecoine420,0,1,1
dogecoinews,0,1,1
dogecoinfaucets,0,1,1
dogecoinfest,0,1,1
dogecoinlady,0,1,1
dogecoinlink,0,6,6
dogecoinsteve,0,5,5
dogecoinswed,0,2,2
dogecoinuk,0,2,2
dogecoinupdatez,0,1,1
dogecoix_x,0,1,1
dogedads,0,1,1
dogedayafterno1,0,1,1
dogedollar1,0,1,1
dogedoodle,0,1,1
dogeether,0,1,1
dogefaucetcom,0,1,1
dogefear,0,2,2
dogeguatemala,0,3,3
dogeheehee,0,1,1
dogehomecom,0,2,2
dogeitaldash,0,1,1
dogekidd,1,2,3
dogeloversparty,0,1,1
dogeloverss,0,1,1
dogeme17,0,4,4
dogeofficialceo,2,31,33
dogepricebot,0,1,1
dogereward,39,63,102
dogethat,0,1,1
dogetothemoon35,1,6,7
dogetotwodollar,0,1,1
doggoctoeth,0,1,1
dogi___drc20,0,1,1
dogmoneys,0,3,3
doha_she,0,1,1
dollarman131432,0,1,1
domainriver,0,1,1
dominique_kenn,0,1,1
donnielaur,0,1,1
donondoge,0,1,1
dooceatt,0,1,1
doomslayerr420,0,1,1
doorsnomore,0,1,1
dopxdxx,0,2,2
dosummons,0,1,1
doyourhomework6,0,1,1
dprikryl,0,6,6
dragonfire1024,0,2,2
drei4u,0,1,1
dreiling_beau,0,1,1
drevbn,0,1,1
drfakharkamal,0,7,7
dronurakkus,0,1,1
drpepper0221,0,1,1
drphil11,0,9,9
dsd1969,0,1,1
dsfsdfs27506292,0,1,1
dsnetgo1,0,1,1
duckbyface,0,1,1
dudesofgamingwi,0,2,2
dustfarmer_eth,0,2,2
e,0,1,1
eGODv42,3,4,7
eTJvRQ9qPyE39sQ,0,2,2
eankieee,0,3,3
earncry21917978,0,8,8
eddsas,0,1,1
edgemetax,0,1,1
eduardo garcia,0,1,1
educhain_xyz,0,1,1
edwardo19845794,0,2,2
efi_sci,0,1,1
egagatama,0,1,1
egod_egod,1,8,9
el_kholed,0,3,3
el_massoud,0,1,1
el_nino_kittie,0,1,1
elcondor,0,1,1
eldudereino,0,1,1
elio_dee,0,1,1
elitemarke79057,0,1,1
eljarraoui,0,17,17
ellen_yeates,0,2,2
elnightowl08,0,8,8
elonnTsla,0,1,1
embii,0,1,1
emile_vo241,0,1,1
emma_web_3,0,1,1
emmanue81102256,0,1,1
engineerwelaz,0,1,1
eqoveriq,0,1,1
ericgarcia2019,0,1,1
ericnakagawa,0,1,1
eriksvcard,0,2,2
erikwill,0,1,1
erkescan_bot,0,1,1
erlymart,0,1,1
estradaking108,0,1,1
estradaperu1,0,1,1
etcPB,0,1,1
eth_benjamin_,0,1,1
ethos_scan,0,1,1
etsy_jack,0,2,2
etzSoftIRA,0,1,1
evanperks777,0,4,4
evil_llama0025,0,3,3
expertrankingowy,0,1,1
extramore,0,1,1
extremejohn,0,1,1
eymenmobilya63,0,1,1
ezmoney807,0,1,1
f_jing310,0,1,1
faabsource,0,1,1
face_of_quiet,0,1,1
factman32,0,3,3
fahimkundi448,0,1,1
faizanwani317,0,1,1
fajarwahyu999,0,8,8
falitroke,0,1,1
familii_guy,12,17,29
fand_233,0,1,1
"fangirl(Ø,G)",0,1,1
farm_ion,0,1,1
fashionwebby,0,1,1
fatboyfreddys,0,1,1
fatiyer3,0,1,1
faucet_queen,0,1,1
faucetcall,0,1,1
favour69008,0,1,1
fawl3r,1,3,4
faysalbd10,0,1,1
feellllllllf,0,3,3
feeq_thebeast,0,2,2
fegoĐ,0,1,1
fei_121559588,0,1,1
felechosa,0,1,1
felixde1st,0,1,1
fenomenco,0,4,4
ferb7nft,0,1,1
ferreira_f_h,1,1,2
fidel_mat,0,2,2
fidotip,0,2,2
filingfly3142,0,1,1
filipeAdalbert,0,7,7
financetrade365,2,6,8
findom12359,0,1,1
firefly4322,0,3,3
fiutfitufg,0,1,1
fjuhasz1,0,13,13
flowing37,0,1,1
flowing37🐶,0,1,1
flyDreamCapital,0,1,1
flydragonfly8,0,1,1
fntxmon,0,1,1
footbal76,0,4,4
forex768541,0,1,1
forextrading634,0,1,1
forstall_,0,1,1
fousian,0,1,1
frank15739334,0,1,1
franklyjpt,0,1,1
fredirkv0,0,1,1
freebitcointalk,0,3,3
freedom_oslo,0,6,6
freepornlol,0,1,1
friedeggsplz,0,1,1
froggarlee,0,1,1
ftcforsale,0,8,8
fuckbjp1234,0,1,1
furkoxbt,0,1,1
future_life2,0,1,1
futurebest234,0,4,4
fvckdaraptors,0,2,2
fyjry98613649,0,1,1
gabriel86489686,0,1,1
gala,0,2,2
gallodavid29,0,1,1
gamingdoge,0,1,1
gangstrology,0,1,1
gatocoin,0,1,1
gb1aja,0,1,1
geek_gareth,0,1,1
gemoutsider,0,2,2
gemxbt_agent,0,1,1
genius_sirenBSC,0,3,3
george_tr1,0,6,6
getdogecoins.com,0,1,1
getfreedoge,0,1,1
ggdfgdfgdfgfdgd,0,1,1
gigblast_100,0,1,1
giraffespoe,0,1,1
givetoshine,0,1,1
gladstein,0,1,1
glassnode,0,1,1
glenn_142,0,1,1
glennonchain,0,1,1
gmhlocate,0,1,1
goatbot,0,1,1
gocowboysfan00,0,1,1
god_investor,0,1,1
goforwardcrypto,0,1,1
gojhiracripto,0,1,1
gokhan8sahin,0,1,1
gokhshtein,0,1,1
golamafridi,0,1,1
golberg39,0,1,1
gold2point0,0,1,1
gonzalez1976,0,1,1
goran0159,0,1,1
govind571996,0,1,1
gowzero1,0,3,3
graprid,0,1,1
grashyabella,0,3,3
greasemeta,0,1,1
green007ghost,0,1,1
greenbean_704,0,1,1
greg1669D4O2G0E,0,1,1
grizzbx,0,1,1
grok,19,45,64
growcify,0,1,1
growthwithabhi,0,1,1
gullyandraw,0,1,1
gustavo cortez,0,1,1
guydebordmerde,0,1,1
guyon_aja97,0,1,1
gwadeboy,0,5,5
h0usley,0,1,1
haapptjgfn,0,2,2
hafizshabudin,0,3,3
hagjan,0,1,1
haleh,1,1,2
hamed90263161,0,1,1
hamedsalamati2,0,2,2
han_gyodong,0,1,1
hanghabi,0,3,3
hanguo168,0,1,1
hanistudio,0,1,1
hannibal__24,0,1,1
haris1ace,0,1,1
haris_gazi,0,3,3
harry666,0,1,1
hasanovic2011,0,1,1
haveringessex,0,1,1
hayatesagas,0,1,1
hazeunderground,0,1,1
head master,1,1,2
headlinestrend,0,1,1
hearourvoicee,0,1,1
heelsandsteals,0,1,1
helligeherland,0,1,1
hellonearth247,1,3,4
helperino_bot,0,1,1
hendricklee99,0,1,1
hendrimulyadi35,0,1,1
henry cavalery 🛡️,0,1,1
henry_nease,0,3,3
herrowplease,0,1,1
hesu_krypto,0,1,1
heyitsjaade_,0,1,1
heyitsleighh,0,1,1
heyu539374221,0,1,1
hezekiah1218,0,1,1
hhunterlove,0,1,1
hiddengem10000x,0,6,6
hiddengems777,0,3,3
hipnature,0,3,3
hippe42,0,1,1
hirenvithalani,0,1,1
hodler_OM,0,3,3
hodligain,0,1,1
hodogehotline,0,1,1
hogequeen,0,1,1
holder_doge,0,1,1
holytransaction,0,1,1
hoolu lilu,0,1,1
hoolu_lilu,0,1,1
hopelessmindgs,0,12,12
hopeseekr,0,1,1
hopson_keldrick,0,1,1
howohlee_,0,1,1
howtoappl,0,1,1
hozkinz,0,1,1
hsn40896933,0,1,1
hua,0,1,1
hudson1471,0,1,1
huntinpips,4,6,10
hushmagazineng,1,1,2
hxt26100285,0,1,1
i F**** ingLost,0,1,1
iKishorAgarwal,1,2,3
iPhoneCydia,0,1,1
iSachinSrivstva,0,1,1
i_am_vishenka,1,1,2
i_deepakp,0,1,1
iamcrisssss,0,1,1
iamdavidfrk,0,1,1
iamgrok3,0,1,1
iammindsetjay,0,1,1
iampankaj_007,0,1,1
iampraewneat,0,3,3
iamthatpromoter,0,1,1
iamwizzerd,0,1,1
iamxbt,0,1,1
ibeenhurt,0,6,6
ibeshocker,0,3,3
ibram_mikhail,0,1,1
ibraul123,0,1,1
ibuprod,0,1,1
icanspeakde,0,3,3
ichguckenurmal,0,2,2
ifyoubuydoge,0,2,2
ikarmvir,0,15,15
ikhwanm,0,1,1
iknum,0,2,2
imX,0,4,4
imimtiazhusain,0,1,1
imjustbrian1,0,2,2
imsaimonn,0,1,1
india_dogecoin,0,7,7
indungg,0,1,1
inevitable360,0,21,21
inevitabledoge,0,3,3
inkomistw,0,1,1
intocryptoast,0,1,1
inu_baby,0,2,2
inventivore,0,1,1
invvestorAPE,0,1,1
iotax1,0,2,2
ipconversations,0,1,1
irelandarthouse,0,6,6
ironkiing,0,1,1
isaacstrade,0,2,2
isabelhita1,0,3,3
ishbully,0,1,1
isinha_andradee,0,5,5
ismailtezer42,0,2,2
isse,0,1,1
itemaldi_,0,1,1
itismeFlex,0,2,2
itsSpuds278,3,13,16
its_arthur,0,1,1
its_marktony,0,1,1
itsabdul3,0,1,1
itsalldodgy,0,21,21
itsfrankcobbs,0,3,3
itshappenings,0,1,1
itsmissything,0,12,12
itsrosehan26,0,7,7
itsyeeezy_,0,1,1
itzgentuu_,1,49,50
j7vii,0,1,1
j_myles2021,0,1,1
jack11853193,0,2,2
jaco_coetzer,0,3,3
jacob lybarger,0,1,1
jacobean_Ruff,0,1,1
jacopwsb,0,1,1
jadonmamoa134,0,3,3
jake200235,0,4,4
james712696911,0,1,1
jan46488839,0,1,1
jan_forester,0,1,1
janaitis_rocks,0,2,2
janssensn,0,1,1
janzjenau,0,3,3
jarnargon,0,1,1
jasminesinghsun,0,1,1
jasonra45576090,0,2,2
jasonvholmes,0,3,3
jasprosperity,0,1,1
javad00741220,1,1,2
jay86067897,0,1,1
jaybadger14,0,1,1
jaydahit,0,1,1
jayjsuarez,0,3,3
jaysolex04,0,1,1
"jayson rey ramos(✸,✸)",0,1,1
jaysonreyramos,0,1,1
jayyswarez,0,1,1
jbrandonschmoe,0,2,2
jcalvinogt,0,3,3
jcbetsss,0,1,1
jcnoliveira,0,1,1
jdebri1,0,2,2
jdraimer,0,1,1
jechrocks29019,0,1,1
jeffbezuz,0,1,1
jeffrey91440522,0,1,1
jenyhortarderij,0,1,1
jeolojiprofesor,0,1,1
jeremy dietrich,0,5,5
jeremydietric11,0,1,1
jerrymack1234,0,1,1
jesszah,0,4,4
jesus_cryptos,0,14,14
jesustolentino8,0,4,4
jhannadiosana,1,55,56
jhonatam1455,0,1,1
jimbo31522609,0,2,2
jimmy Dogefamforever,0,1,1
jitomate_azul,0,2,2
jj_investor,0,1,1
jjfava,0,1,1
jjunh,0,3,3
jk_doge,0,1,1
jldomingos,0,1,1
jloursbourn,0,1,1
jmehta1756,0,1,1
jmo116,0,5,5
jo34353424,0,1,1
joealycyn,0,1,1
joelg_p,0,1,1
joey52920090,0,1,1
joeysimon612,0,1,1
johan_syah,0,1,1
johncarter6016,0,1,1
johndoe2437,0,1,1
johnny80137,8,16,24
johnny_fender,0,1,1
johnson_brow,0,1,1
johnweb3adeo,0,1,1
jommy99,0,1,1
jon40675418,0,1,1
jon_buana,0,2,2
jonastyle_,0,10,10
jonathan_trauth,0,1,1
jonmckay3,0,3,3
jools1802,0,1,1
joopooranski,0,1,1
jordiferreterom,0,9,9
jos817345718674,0,1,1
jose57927230,0,5,5
josegarcia0330,0,3,3
joseph_lee01,0,2,2
joshcruzpr,0,1,1
joshtuttor,0,2,2
josly_martin,0,2,2
joydarling92,0,1,1
joynovagent,6,0,6
jrdavidmitchell,0,2,2
jsachs1111,0,1,1
jsawears,0,2,2
jshv81,0,4,4
jt_parrish,0,2,2
julees_lfc,0,1,1
julian__Hart_,0,12,12
julieflamont,0,2,2
jun_bong_1,1,9,10
junkcoiner,0,1,1
jurgensino,0,1,1
justanauditor1,0,3,3
justinSime36480,0,11,11
justwantayogurt,0,7,7
jwiechers,0,1,1
jwigs39689968,0,1,1
k1_kfir,0,1,1
k_flowstate,0,1,1
kadenrasco19,0,1,1
kadir_deviren,0,1,1
kama_d_luffy,0,1,1
kamal_bhavana,1,2,3
kamalminhas09,0,1,1
kandiii123,0,1,1
kanevaldiergame,0,1,1
karimdxx25,0,1,1
karl74914303,0,3,3
karno_smm,2,5,7
karoli77a,0,4,4
karpusha_art,0,1,1
kat kot,0,1,1
kat17834173,0,6,6
katiadiaz08,0,4,4
katzenmalen,0,1,1
kazzinat0r,0,1,1
kbelfield02,0,5,5
kckross,0,1,1
kecualikaryawan,0,1,1
keem773,0,1,1
keenwa_bob,0,6,6
keepingitkrypto,0,7,7
kekkushai_news,0,2,2
kend3138,27,44,71
kenjiror1,0,1,1
kennethray25,0,1,1
kennybobpta,0,1,1
keto_studio,0,1,1
keuri__,0,2,2
kevBaxton,0,3,3
kevin22721065,0,1,1
kevin37502655,0,1,1
kevinjacobse,0,4,4
kezmaticks,0,6,6
khabresh,0,1,1
khadatkar_sevak,0,1,1
khalid_8u,0,5,5
khart92021,0,1,1
khim95413812,0,1,1
kianinvest,0,1,1
kimcryptoVN,0,2,2
kimdoge,0,3,3
kinda hopeless,0,1,1
king66613810192,0,1,1
kingfaisal87,0,1,1
kinggrand786,0,1,1
kingjimmyc,0,1,1
kings_nature,0,1,1
kingthehunk,0,1,1
kishore,0,2,2
kismet.eth ⭕ | The Pixlverse 🧨,0,1,1
knownwo,0,1,1
koachjon,0,1,1
kohlbergbuyouts,0,2,2
koikonj,0,21,21
kokid951,0,1,1
koltracker_,0,2,2
kosystyles,0,1,1
kr4ydnb,0,1,1
kripto_umut_,0,2,2
kriptowolff,0,1,1
kris_willi28289,0,2,2
krishnacpr397,0,1,1
krisnakalo,1,11,12
krypto476,0,1,1
kryptoszene_de,0,1,1
kvvdyn,0,1,1
kyere1190,0,1,1
kyle_alekzandr,0,1,1
kyletorpey,0,1,1
kylewest1993,0,1,1
l8rg8rs,0,2,2
lRyotl,0,1,1
lV5QecmoerMfzGz,0,1,1
laamdiq,1,1,2
laciz_,0,1,1
lacohen10,0,2,2
ladague420,0,1,1
lady_Danilly,0,1,1
ladydogememe,0,1,1
laeryzyrus3337,0,8,8
laienxj,0,2,2
lakopper,0,1,1
landry_leigh3,0,2,2
lastcyberhero,7,17,24
lastrhapsody0,0,1,1
lathanews,0,4,4
laundrytoast,0,1,1
lauren_tomlin_,0,1,1
lavina_bhradwaj,0,1,1
lawrenc14559808,0,1,1
lawsyelenaa,0,1,1
laziestbullfrog,0,2,2
lazlizabrhm05,0,1,1
ldltszn,0,1,1
leadershib_art,0,1,1
leastImAlive,2,11,13
lebardy_lion,0,1,1
ledererhouston,0,1,1
leheretic,0,1,1
lejrhdgpeojdn,0,1,1
leomz2021,0,4,4
lets do it,0,1,1
letsDogeCoin,0,2,2
lewandogeski,0,1,1
lewis45999,0,1,1
liberty_forall_,0,1,1
lifeofdoge,0,1,1
lincognito,0,1,1
ling10966685,0,1,1
links_lunar,0,1,1
linusidris,0,1,1
liquidseahorse,0,2,2
litecoyn,0,1,1
littleprinceJD,0,2,2
littletblessing,1,7,8
liujiewei1992,0,1,1
liujunhao1368,0,1,1
lixue16899,0,1,1
lockedech,0,1,1
lofitapemusic,0,1,1
lofitheyeti,0,1,1
logosquiz1,0,3,3
loklilk,0,1,1
lone_smuk,0,1,1
looploopus,0,2,2
lorriejo111,0,1,1
loshantii,0,1,1
lou wise,0,1,1
louis_wats14972,0,1,1
louisvski,0,1,1
love20141101,0,2,2
lovebitcoinn,0,2,2
loveforfb1,0,1,1
lovefrom_aria,0,1,1
lovenuolian,0,1,1
lowfloating,0,2,2
lsdisfree,0,1,1
lseddiki,0,1,1
luckybebiwinwin,0,1,1
lude12856978,0,1,1
luffy109141725,0,1,1
luisvillagrann,0,1,1
lukas_hlavicka,0,1,1
lumintaka,0,5,5
luna shop,0,1,1
lyndoman,0,1,1
m0nsterMo0h,0,8,8
m34noire,0,1,1
m_zooey,0,1,1
maaafemartinez1,10,24,34
maadigrok,0,1,1
mac_crypto25,0,1,1
maddebr,0,2,2
madhusu02435712,0,1,1
mag10003,0,1,1
magikstik100,0,1,1
mahdiah37511895,0,1,1
mahendrakalindu,0,1,1
mahmod0531,0,1,1
mahmood89213101,0,1,1
mahmutdgn63,0,1,1
makichiband,0,1,1
mamunmoral33,0,14,14
mandyshwarma,0,1,1
mangrio36,0,1,1
manifest_Qween,0,1,1
manisaiyadav444,0,1,1
manishxparmar,0,1,1
mankeergmailco1,0,1,1
mann010,0,1,1
manueldeldia,0,1,1
manuelpng,0,1,1
mappingmindspod,0,2,2
margaridaB_9,2,3,5
mariabsells,0,1,1
marie_crypto09,0,1,1
marilynnwrigh36,0,1,1
mark.,0,1,1
markharrickatie,0,1,1
marstechnoqueen,0,1,1
martiandoge,0,2,2
martypartymusic,0,2,2
marvinlyonheir,0,1,1
maryqueen2508,0,1,1
mashered,0,1,1
masoudi69m,1,3,4
masoudtian,0,1,1
masterkrypto1,0,1,1
masterylit,0,10,10
matt_hypez,0,1,1
maxbidtrending,0,5,5
maximichielsen,0,1,1
maximus41189,0,1,1
mbutler91,0,2,2
mchamberina,0,1,1
mdarmansid0582,0,1,1
medina910922,0,1,1
mehdishfght1999,0,1,1
melloqueenlove,0,1,1
meme viral,0,1,1
memecoinnewbie,0,1,1
memecultist,0,1,1
memetokentech,0,1,1
merBayr27509529,0,1,1
merKaya79721672,0,1,1
mertakn13296235,0,1,1
mesutaltuntas,0,1,1
meta_rach,0,1,1
metehansolmaz,0,1,1
meursalt,0,1,1
mgph0t0graphy,3,23,26
michael_brock28,0,1,1
michaelloPoland,0,1,1
michaelparki,0,1,1
michelleluxe,0,3,3
michilumin,0,1,1
micka_gi,0,6,6
mickhigs,0,1,1
mikael_grahamfx,0,1,1
mikecryptolife,0,2,2
mikehagan,0,3,3
mikescott140,0,1,1
mikesdinner,0,1,1
mikeyangus,0,1,1
mikeycolombia33,0,1,1
milan_dereede,0,1,1
millenialcrypto,0,1,1
mindofamuse,0,12,12
miner_dogecoin,0,1,1
minimy1991,0,1,1
miningcryptobr,0,1,1
ministerofdoge,0,4,4
minnester_,0,1,1
mishaboar,0,13,13
misterioxd_96,0,4,4
mixxxbb,0,1,1
mlaadi1,0,1,1
mlenialundrdoge,0,1,1
mlzx0,0,1,1
mmoa06,0,1,1
mnbcoinqq,0,1,1
mobislixk,0,1,1
moderate rock,0,1,1
moesignals,0,1,1
mofeed shaibi,0,1,1
mohamma24519959,0,1,1
mohamma26777018,0,1,1
mohamma53009461,0,1,1
mohammad_mis20,0,1,1
mohd aazam,0,1,1
mohsenpeymanii1,0,1,1
mokatoken2024,0,1,1
mondal_nay15457,8,17,25
money blessing,0,1,1
monsters_money,0,1,1
monsurrashed,0,1,1
mony16453457,0,1,1
mooncat5997,0,2,2
mooneyMoonface,0,1,1
mooningbull,0,1,1
moonjesus4k,0,1,1
moonminerguy,0,1,1
moretti_Louis1,0,3,3
morkel09992828,0,2,2
morkfromcanada,0,1,1
morminder35,0,4,4
morren_E0,0,1,1
mortgage_social,0,1,1
moscowpyro,0,1,1
motardomovil,0,8,8
mpsolanki007,0,2,2
mqhop74651997,0,1,1
mr.bb.NFT 🖼,0,1,1
mrDIndicatorsIO,0,1,1
mr_coiner,0,1,1
mr_cryptoallday,8,10,18
mr_richmon78147,0,4,4
mracer29Dan,0,4,4
mrbobtoken,1,37,38
mrcloudin,0,2,2
mrhammn,0,1,1
mridea78,0,1,1
mrmarceau5,0,1,1
mrmarceau5@gmail.com,0,5,5
mrstardom,0,4,4
mrtwain_mark,0,1,1
mrwhalesusa,0,1,1
mshorty54,0,2,2
msk_doge,0,1,1
mspdash,0,1,1
mst1985holding,0,10,10
mtk80052,0,1,1
mucahit_sarp1,1,2,3
mueller36560,0,1,1
muhammad_rupon,0,1,1
mukhtarjuned,0,1,1
mulknftteam,0,1,1
mundanewizzard,0,1,1
munyhunny,0,2,2
muratbaaalci,0,1,1
muratucak14,0,1,1
murmur1tUpP,0,1,1
murutan36,0,14,14
musicofisico,0,20,20
muxdani,0,1,1
muzaffa09048558,0,1,1
my_snmn,0,1,1
myetherwallet,0,2,2
mylastaccountok,0,1,1
mylilpwnyz,0,11,11
mypreciousdoge,0,3,3
mysocialpulse,0,1,1
mysterious14evr,0,1,1
mythicdoge,0,4,4
n01andn0thing,0,2,2
na-5523,0,1,1
nabi_efendiev_,0,1,1
nacindexcom,0,1,1
nadinejb12,1,12,13
najmastered,0,1,1
narcisoperfecto,0,1,1
narosshead,4,24,28
natethewinner,0,1,1
natmirha,2,4,6
navidjamsjhidi,0,1,1
navitraderlive,0,1,1
naypyidaw,0,3,3
nazlifar11,0,4,4
nctsimsek,0,1,1
nderayd73107336,0,1,1
neibcoin,0,1,1
neilstucky1,0,1,1
nene_fefe,0,1,1
neoCryptnoob,0,1,1
neoweka,0,2,2
neurometax,0,1,1
newgoldenage6,0,1,1
newmundocrypto,0,1,1
newtokenairdrop,0,1,1
nexusque,0,1,1
nf_mart,0,1,1
nfkmobile,0,10,10
nftcz,0,1,1
nftwines,0,2,2
nghorchin2,0,1,1
nguyenh93470841,0,1,1
niceartgallery_,0,1,1
nickmuffoletto,0,1,1
nickpetisce,1,24,25
nicolemack2930,0,1,1
nightc4tss,0,1,1
nihadvatres,0,3,3
niko_gala91,0,1,1
nikosmantarlis,0,1,1
ninfixed6,0,1,1
nittydev,0,2,2
nivedita_deb9,0,1,1
nizraan,0,5,5
njniconj,0,1,1
nmayfield28,0,1,1
nngmngs11657420,0,1,1
noDegenDoge,0,1,1
noanapeclub,1,2,3
nodemarketcap,0,1,1
nomsamfuphi,0,6,6
nonononononoww,0,1,1
normXcrypto,0,2,2
norman yates,0,1,1
northwestnato,0,2,2
nrlartt,0,1,1
nsk_nsk222,0,1,1
nudefoods,0,1,1
nuhiaskho,0,1,1
nulluser14,0,1,1
numsscoin,0,1,1
nyeapunomed,0,3,3
nyk_builderz,0,1,1
nylo44,2,25,27
nymxcar,0,1,1
oat_jen,0,1,1
observando8815,0,1,1
ocalahmet58,0,1,1
occupymars69420,0,6,6
officialJryRise,0,1,1
officialdrdoge,0,1,1
officialrajkr,0,1,1
officialrandyl,0,3,3
ogeDailyAffirm1,0,2,2
ohmygotc,0,2,2
olagoscares,0,1,1
olaitan_amusan,0,1,1
old_soon,0,2,2
oleybecty,0,6,6
oliver_larsen12,2,3,5
omarfarukjafree,0,1,1
omgfunk,0,1,1
omid99683573,0,1,1
onchainmilady,0,1,1
oneredpaperclip,0,1,1
ooeygg,0,1,1
ookamiHouse,0,1,1
ooze69420,0,1,1
oracleofcryptos,0,1,1
orderdoge,3,8,11
ossbss_ami_ucc,0,1,1
out of context Doge 🇰🇪,13,34,47
outlet_trading,0,1,1
overgaarf,0,1,1
p8981050968,0,1,1
paaaqow,0,2,2
paganpriyanshu,0,1,1
pannusharma12,0,1,1
panter993,0,1,1
panyuan11,0,1,1
par,0,3,3
paragunn,0,1,1
parksalot,0,1,1
parmatmakaansh,0,1,1
parth63505887,0,4,4
parya86324133,0,1,1
passive_freedom,0,1,1
pat,0,1,1
pat36240912,0,1,1
patrici72976052,0,1,1
paul_comel,0,3,3
paypl1,0,4,4
pazmi00,0,1,1
pedro133333,0,1,1
pedrostella5,0,1,1
penikmatkoding,0,1,1
peotocy,0,1,1
pepe_suprem3,0,1,1
peppa stan,0,1,1
pepupumppadlist,0,1,1
peter555_peter,0,5,5
peterrbono,0,1,1
peteszy,0,1,1
pettit_luis,1,1,2
ph_dogee,0,2,2
pham_thuong97,0,3,3
pictures_ai,0,1,1
pifinity,0,2,2
pikaso_me,0,2,2
pinkcointips,0,2,2
pipsower,6,10,16
pixeltot,0,1,1
piyush_doge,0,9,9
pizzaking2010,0,1,1
plaintech,0,1,1
plehdgie,0,7,7
poisonouspinups,0,13,13
polivestor192,0,14,14
polizagumenova,0,1,1
poodlsupport,0,1,1
portykos,0,1,1
porugone,0,1,1
postmattern,0,1,1
pourme,0,1,1
poyubcgv,0,1,1
predictorbtcxrp,0,2,2
prescription88,0,3,3
pressjehad,0,1,1
primealphaz,0,2,2
princessjai93,0,9,9
printit_lol,0,1,1
priti_vaishnav,0,7,7
priveral,0,9,9
prodigaldrummer,0,8,8
proofhash,0,1,1
protector_cross,0,2,2
ps_cryptoding,0,1,1
pska369,0,16,16
psychicmediumAU,0,15,15
ptinolive29,0,6,6
puertoricofilmC,0,1,1
pumphouz,0,2,2
punk3700,0,1,1
pvc_pop,0,1,1
py_lb555,0,9,9
qflapjack,0,1,1
queencronos,0,2,2
queenshasya,0,1,1
quelindaoo,0,1,1
quentinhall133,0,1,1
quintanade,0,1,1
quitefat_,0,1,1
qumatru,0,1,1
qunzua,0,1,1
quycamry11,0,1,1
qvWlKezJz7xEqUV,0,1,1
r/dogecoin,7,18,25
radek0128,0,1,1
rafaellisk8,0,1,1
ragvani,0,2,2
rahul79749475,0,1,1
rahulmittalind,0,1,1
raidho laguz,0,1,1
rajansoni30,0,1,1
rajeshpadavala,0,1,1
rakhimonda2225,8,16,24
ralph67104064,0,1,1
ramazan2701,0,1,1
ramos_cla25,0,3,3
randy_leary0,0,5,5
randy_leary3,0,2,2
randylary,0,3,3
rantastic4629,0,1,1
rar0uni,0,1,1
rashedurrahmann,0,1,1
rastamaya92,0,15,15
ratbucketdaddy,0,1,1
rating_crypto,1,16,17
rayengroves,0,1,1
raymondhuynh19,0,1,1
raz_939,0,1,1
rcactech,0,1,1
readtw271,0,1,1
realDogePrez,0,6,6
realDogecoinOG,35,86,121
realDonfjp,0,6,6
realJaredFocose,0,1,1
real_Virtualart,0,1,1
reallydogecoin,0,3,3
rebecca_promo,0,1,1
rebjorn,0,8,8
rebrandtoday,0,1,1
reemfmculker,0,15,15
reemfuture,0,3,3
regan_caldwell,0,8,8
register_and_get_bonus,1,0,1
reopencollege2,0,2,2
repair_ecu,0,1,1
retronaut_bot,0,1,1
richard_nyakiti,0,1,1
richardtucker_,0,5,5
richoi1979,0,1,1
richsavyfinance,18,59,77
rifc101,0,1,1
rikthemystic,0,1,1
ringcointech,0,1,1
ripostemodern,0,1,1
risermaker,0,1,1
rizwafx6,1,10,11
rkn5fl,0,1,1
rl_hellsane,0,1,1
rld1sweetlady,0,1,1
robertfxc,0,1,1
robinhoodwallet,0,1,1
robyn༒︎,1,1,2
rockyhlwong,0,6,6
rokazul13,0,1,1
romy90210,0,1,1
ronald071010,0,3,3
rondado41,0,2,2
royal_ghost01,0,1,1
rtrrt55,0,1,1
rudreshpandey1,0,4,4
rudyflores01,0,1,1
ruthgem623,0,1,1
rykazi95,0,1,1
ryleydocx,0,1,1
sKy_1307,0,1,1
s_on_chain,0,3,3
saadpathan_,0,1,1
sabari_crypto,0,1,1
sabeenriazz,0,1,1
sachin,0,5,5
sacrifice_myluv,0,1,1
sadboiOG,0,1,1
sadiaslayy,0,1,1
sadkaijuz,0,1,1
safemoonindian,1,2,3
saflabmazagy,0,1,1
safteyblitz2021,0,1,1
saha__arkajyoti,0,1,1
saicharan,0,1,1
saiedfaried86,0,1,1
sajal70932077,0,1,1
salehiprofile,0,1,1
salman786harowala,0,1,1
samcassidy7,0,8,8
samdra97709477,0,1,1
sameerakasunk,0,1,1
"samir suthar, खारीया आऊ ,लोहावट ,जोधपूर ,राजस्थान",0,1,1
samirsoccer7,0,2,2
samuel50236812,0,1,1
samy69062958,0,1,1
sana_point,0,1,1
sanaecs2k13,0,1,1
sanamcute1990,0,2,2
sanctus_crypto,1,13,14
sandeep52221,0,1,1
sandy03721903,0,1,1
sanjaylk,0,1,1
santamama25,0,1,1
santos_natlia,0,5,5
sarah_jenelle13,0,1,1
sarahjanettweet,210,59,269
sarindri,0,5,5
sayar mendis,0,4,4
sbjrarjhfxdvd,0,1,1
sbrowningmck,0,2,2
scattercoin,0,1,1
schnitzlercrew,0,3,3
sdfsdfsdgtrrre,0,1,1
sdfsdtgdrre,0,1,1
sdftrw,0,1,1
seafra10,0,1,1
sebi_la1,0,1,1
selcuk18360590,0,1,1
seoweb_king,0,1,1
sepehrmirsaeed1,0,1,1
sergearuzeck,0,3,3
sergik5577,0,1,1
serious1469,0,1,1
sernftbro,0,1,1
sexyCEO22,0,7,7
seyfetin0,0,4,4
sfoxtrading,0,1,1
sgtesco,11,56,67
shadoww_1993,0,1,1
shanaya1281,0,1,1
shanestbernard,0,1,1
sharduncan5050,0,1,1
sharif_1_9,0,1,1
sharknadoalert,0,2,2
sharonrusere,0,1,1
shashi_bysani,0,1,1
shasito,0,2,2
shasitomoontaka,0,1,1
shelbycrypto_,0,1,1
sheltjk,0,1,1
sheriffanous,0,1,1
shhmemon24,0,1,1
shib_mars,0,1,1
shib_metaverse_,0,1,1
shibain31062626,0,4,4
shibesdoggo,0,8,8
shibwealth,0,3,3
shinecom_,0,5,5
shineinvesting,0,2,2
shinobi_dani,0,1,1
shiringhasemi6,0,1,1
shmoney_don,0,1,1
shoeb_ghazi,0,5,5
shroff_manan,0,1,1
siemens_willi,0,1,1
sierratokenarmy,0,1,1
silregmachado,0,1,1
simon_j_henry,0,1,1
sinequanun,0,1,1
siriusmcstar,0,1,1
skam finder,0,1,1
skcrypto100,0,1,1
skeedslayers,0,2,2
slimmerwaist,0,1,1
sloppyclub,0,1,1
sm0ke504,0,2,2
smartfx_0,0,1,1
smarttratMFK,0,1,1
smmoldes,24,37,61
smoke_skunx,0,1,1
snack4879,0,2,2
snnchannelid,0,3,3
solanagremlin,0,1,1
solescxz,0,1,1
solkytang,0,1,1
solminingpunk,0,2,2
somanymangoes,0,1,1
southerngrace83,0,1,1
spacstreetboy,0,1,1
sparkles_rae,1,11,12
speedschootre,0,1,1
spindagamer,0,1,1
spongebobBTC,0,1,1
spontup,0,1,1
spsinghweb,0,2,2
ssheilgi,0,4,4
ssice555,0,1,1
st_invests,0,2,2
stacy_kimbel,0,1,1
stag_LV,0,1,1
stanleytan,0,1,1
stars_v4,0,1,1
starsoldier18,0,7,7
start2run2day,0,3,3
steIenqs,0,1,1
stevenhead211,0,2,2
stocks75391158,0,1,1
stoicjits,0,1,1
stonkscheer,0,1,1
sts__123,0,1,1
subpargnar,0,1,1
suchi192,0,2,2
suchly_,0,1,1
suddenactually,0,1,1
sumit1deshwal,0,1,1
summer_ball,0,1,1
sumonengineer,0,1,1
supervisor2295,0,3,3
suraj_sarrof,0,1,1
suryakeretapi,0,2,2
sweet_winy,0,1,1
swipelabscrypto,0,1,1
swood062600,0,5,5
syarilsaid,0,1,1
sydroid,0,1,1
sylvasndr,0,1,1
symplyJustin,0,1,1
tUmD37nHIJ2tI9e,0,1,1
t_ayomipo,0,1,1
t_kurenkova,0,1,1
ta2yaJP,0,1,1
tacticsugar,0,1,1
tagteam10429379,0,1,1
takshi2418,0,3,3
talalalshamar13,0,2,2
tamirmark1,0,1,1
tangdnsnjdb,0,1,1
tankmcmanus,0,1,1
tannygreen,0,1,1
taprophet_io,0,1,1
tarunmonda54820,2,19,21
taylivrry_,0,1,1
team_dogecoin,0,3,3
techflutter,0,1,1
tecno_bot,1,1,2
teekayfourtwo01,0,1,1
temiz987,0,1,1
tenkuotai,0,1,1
tennistipsy,0,4,4
ter_boi,0,1,1
teslaran_doge,0,1,1
tfshadow__,0,1,1
thaigom2,0,1,1
thaisinha2399,0,1,1
thang5991,1,3,4
thatmetalguy_,0,1,1
the goat,0,1,1
the80klabel,0,1,1
theBdizzle_eth,0,1,1
thebasit_,0,1,1
thebestbitcioin,0,3,3
thebiggest101,0,1,1
theblkpear,0,1,1
thebullir,0,1,1
thecryptocomet,0,1,1
thecryptodawg,0,1,1
thedarkscorpio_,0,1,1
thedogecoiner,25,1,26
thedogelist,0,4,4
thedogemax,0,1,1
thefallengamer,0,1,1
thegreatjulius,0,1,1
thehandiimanaz,0,4,4
theharsh_show,0,1,1
theinfinite_18,0,1,1
themaildog,0,1,1
themechanixgam1,0,1,1
themysticandara,0,5,5
theoderomateo,1,5,6
thepapadoge,0,1,1
theprabhakars,0,8,8
therealidiot9,0,1,1
therealtalukdar,1,8,9
therick77,0,1,1
thesailingape,0,1,1
thetonibills,0,1,1
theymet_a,0,2,2
thirsty_5pointO,0,1,1
thomas_tra36684,0,1,1
thoughts of a millionaire,0,1,1
thrifters_space,1,3,4
tianshengzihan,0,2,2
tigerwillca,0,10,10
tiktak1125,0,1,1
tiktok9ja,0,1,1
timbo9198,0,1,1
timsherman1972,0,1,1
tina_she,0,1,1
ting xiao,0,1,1
tinkon__,0,13,13
tipbitcoins,0,2,2
titaniumhackers,0,2,2
tlsacoin,0,1,1
tmleigh66_leigh,0,1,1
to_all_ur_stars,1,2,3
toadsuck85,0,1,1
todaywinout10,0,1,1
todaywinout11,0,1,1
tofutatu,0,1,1
tolga sarigol👻☮️,0,1,1
tolga_3401,0,1,1
toly,0,1,1
tomha276,0,1,1
tomhuynhus,0,1,1
tommycubilla,0,1,1
tonybarrera777,0,1,1
tonytoneronwa,0,6,6
topcoinmarket,0,1,1
topherAlba26,0,7,7
toxinburn,0,1,1
tr69833881,0,1,1
traderrocko,0,1,1
tradersway1212,0,2,2
tradingalts,0,1,1
trapanesebeats,2,3,5
trappo3103,0,1,1
trending_now2,0,2,2
trigliiniti,1,1,2
trungkoo,0,1,1
trymistic,0,2,2
tttt_tren,0,1,1
tuneadams123,0,3,3
tvsudofficiel,0,1,1
twittheorie,0,2,2
tyler_x_harris,0,1,1
tymajestic,0,6,6
uby5368,0,3,3
ugwucollins14,0,1,1
uk jay 369,0,1,1
umitustun,0,1,1
un_limi_ted_,0,1,1
unicornsfartdog,0,4,4
uniswapgemtr,0,1,1
unit00x0,0,2,2
us_freeman,0,1,1
uwam ayam,0,1,1
uzohak,0,1,1
vadimonto,3,0,3
vaguito,0,1,1
vaidya_jugal,0,1,1
valderm0rt_,0,1,1
valordigno,0,1,1
valourvarma,0,1,1
vancesanders,0,1,1
vane_vm211,0,2,2
vastoriacom,0,1,1
vee hutchinson,1,2,3
vidaafatal,0,1,1
vidal_laly,0,4,4
vidhz.,0,1,1
vinaandar,0,1,1
viobetman,0,10,10
viscidmatter,0,1,1
viscusi_j,0,3,3
vishaly58179253,0,1,1
visionsbtc,0,1,1
visionxcrypto,0,1,1
visionyxz,0,1,1
vitorfidm,0,1,1
vivarantex,0,1,1
vivekupadhyayy,0,1,1
vlado_quinones,0,2,2
vladonlyone,0,1,1
vntech666,0,1,1
voidbirth3,0,1,1
von,1,1,2
votedogecar,0,1,1
vpyP8AkySQczNTu,0,1,1
vspiva,0,3,3
waaidmind,0,1,1
wahjeehh,0,1,1
waldoforrealz,0,1,1
waleedshoaib132,0,1,1
walrus2021,0,1,1
wayneparris86,0,2,2
wearecryptoarmy,1,1,2
web3muna,0,1,1
weba1980,0,1,1
webnowcompany,1,15,16
webnow🌎,0,1,1
weilai988987,0,1,1
wes50439,0,1,1
whats_a_bitcoin,0,2,2
whats_hoppening,0,1,1
whimsical523456,0,1,1
wholesale4vapes,0,3,3
williamsmark90,0,1,1
williamtheright,0,1,1
windycityiggy,0,1,1
winningdoge,0,1,1
wishN13,0,1,1
without hours,0,1,1
wizkhalid02,0,1,1
woodensamuell,0,1,1
worstmusk,0,1,1
wsbdavid1,0,1,1
wwwcryptocom,0,1,1
wyos_zach,0,2,2
xAI,0,1,1
xDogecoinAI,0,1,1
xPortalApp,0,1,1
xTheHole,0,5,5
xX_otto_Xx,0,1,1
xXxSpyderxXx,0,2,2
xanderwaynerxrx,0,2,2
xbintumerx,0,3,3
xbtpips,0,1,1
xdgood0420,0,11,11
xfarhan97fl,0,1,1
xhitfaceeminem,0,2,2
xio4444,0,1,1
xj8ucC6cDcHGXwJ,0,2,2
xmohamedkamal,0,1,1
xred413x,0,1,1
xyco,1,1,2
yajid321,0,1,1
yangqiling1,0,1,1
yashiexperience,0,1,1
yeetintolerance,1,14,15
yestodoge,0,1,1
yoforexpremium1,0,2,2
yoldas88,1,1,2
youknowhowibe,1,2,3
young_dabby,0,1,1
ysndsky,0,2,2
yu23cel,0,3,3
yugicryptoh,0,1,1
yuki_hiou,0,1,1
yurashka1981,0,6,6
yusuferen1676,1,3,4
z4ch.ⓧ𝕍,0,1,1
zZorlanZz,0,2,2
zackos,0,1,1
zeyy,0,1,1
zhijianming,0,1,1
zhongman2,0,2,2
zilyX100,0,1,1
zoltonentinc,0,10,10
zorrossword,0,1,1
zsmateh,0,1,1
ztq83741267,0,1,1
zuuvizion,0,1,1
zvXlnF2uEu3vjHb,0,1,1
|🇬🇧 SMITH ✡,0,1,1
ÐOGE_HODL,0,1,1
Ðan,0,1,1
Ðog(e)njoy Ð | X+,0,1,1
Ðoge Simpson,0,4,4
Ðogecoin Boss Ⓜ️🕸️,0,1,1
Ðoge~Panda,1,3,4
ĐOGE Âmbassador©️,0,1,1
Đogecoin Jesus,0,1,1
ƉOGECOIN 𝕏 POST,0,4,4
Ɖusk,7,41,48
Ɖｏｇｅ_Ａｌｂ,0,2,2
Ƭ⭕ӨBΛ,0,1,1
ʀᴇᴍᴏ_sᴜʙᴀ,1,1,2
ΉΛIƧΣ₁₃₃₇⚡️₿,0,1,1
Александр Фортов,0,1,1
Владимир,2,3,5
Чолпон,0,1,1
мαℓαιкα,1,1,2
юрий геращенко,0,1,1
שם עליך *** #2,0,1,1
أجي تفهم💡,0,1,1
اسلام بابامیر,0,1,1
ً,1,1,2
அருண்காந்த்™,0,1,1
తరుణ్🦋🐯,0,1,1
ᴄᴜᴛɪᴇ,0,1,1
ᴍ.ᴄ.🇺🇸Đoɢᴇ,3,9,12
₿erkan Lenck,0,6,6
₿Ł₳sting(ƉogΞ)Tom🚀🌕,0,2,2
⌛ Is DogeCoin A Dollar Yet? ⌛,0,1,1
◇DOGECOIN◇NINJA◇XRP◇SAMURAI,0,2,2
◉‿◉🌍,0,1,1
☁✿.｡Ѧllari PILLA☆☁,0,1,1
☾ 𝔾𝕏𝔹𝔹𝕀𝔼 ☾,0,1,1
♤,0,1,1
✏️,0,1,1
✞ $SOL ˚𓅆,0,1,1
✨𝓥𝓲𝓼𝓾𝓻𝓪𝓷𝓽✨,0,1,1
✨🌜Juney 🌛 ✨,0,1,1
✨💗BIG WIN IN 2021 PLEAS💗✨,0,1,1
❤LadyBird❤,0,2,2
⬆️Dogecoin Interplanetary Chief Barista Officer⬆️,0,2,2
⬆️⬆️ (Notguilty536) B-man Holman ⬆️⬆️,0,3,3
⭐️ Alena ⭐️,17,50,67
Ɐ.,1,1,2
我是大护法,0,1,1
杨依霏,0,1,1
疯狂小柒哥,0,1,1
김우남,0,1,1
도지 숏 익절 완료,0,1,1
몽몽맨 mongmongman,0,1,1
𝐊𝐢𝐥𝐥𝐞𝐫 𝐊𝐢𝐭𝐭𝐲,1,1,2
𝐏𝐫𝐨𝐟𝐞𝐬𝐬𝐨𝐫 ▚▘▚▘▚▘ 💸,0,1,1
𝐓𝐡𝐞 𝐊𝐢𝐧𝐠 𝐎𝐟 𝐂𝐫𝐲𝐩𝐭𝐨,0,1,1
𝐔𝐦𝐚𝐫 '𝐍𝐓𝐑',0,1,1
𝐕𝐈𝐊𝐀𝐒𝐇 𝐑𝐀𝐎,0,1,1
𝐫𝐨𝐛𝐞𝐫𝐭,0,1,1
𝐳𝐨𝐫𝐞 🌙,1,1,2
𝑍ᴀᴄᴋ Ꮹɪᴀɴɪɴᴏ,0,1,1
𝒀𝑶𝑼𝑺𝑬𝑭,0,3,3
𝓣 𝓞 𝓟 𝓓 𝓞 𝓖 𝓔,0,1,1
𝔽𝕖𝕣𝕟𝕒𝕟𝕕𝕠 𝕁𝕠𝕤e ℙ𝕒𝕕𝕚𝕝𝕝𝕒,0,3,3
𝕏 Outlet Doge 𝕏,0,2,2
𝕏HotÐoge42,0,1,1
𝕏Ð,0,1,1
𝕏Ðivinegrackle,0,1,1
𝕏ÐogecoinAI,0,1,1
𝕏Ð𝙤𝙜𝙚𝙘𝙤𝙞𝙣𝙏𝙞𝙥𝙥𝙚𝙧𝙨 🚀🌕🐕 (Main Page),0,3,3
𝕸𝖔𝖊 𝕺𝖒𝖎🧲💹,0,1,1
𝗞 𝗔 𝗡 𝗜ᶜᵛᶠ😎,1,1,2
𝗣 𝗘 𝗔 𝗖 𝗘,0,1,1
𝗥𝗘𝗩𝗔𝗧𝗛𝗬,1,1,2
𝗲𝗹𝘆𝗮𝘀 𝗲𝘁𝗲𝗵𝗮𝗱,0,1,1
𝘼𝘾𝙏𝙍𝙀𝙎𝙎 𝘼𝙍𝘾𝙃𝙄𝙑𝙀𝙎 ᴴᴰ,1,1,2
𝘼𝙮𝙚𝙯𝙖 𝘽𝙖𝙡𝙤𝙘𝙝,0,1,1
𝙃𝙖𝙧𝙫𝙞𝙣,1,1,2
𝙎𝙃𝙍𝙀𝙎𝙏𝘼 𝙍𝙀𝘿𝘿𝙔 ,1,1,2
𝟜𝟚⚕️,0,1,1
🃏DogecoinFool🃏,4,48,52
🅰️YESᕼᗩ,1,1,2
🌊,0,1,1
🌟🌟 Dogecoin 🌟🌟,0,1,1
🌳Gary 💸 $BTC $ETH $SFM $STRX $GROVECOIN 💸,0,6,6
🌾𝙴𝚕𝚕𝚒𝚎 𝚁𝚢𝚊𝚗🍂,0,1,1
🐕DogePaĐrino,0,1,1
🐝 Marine TREBAUL Ⓥ𓃟 PhD - #SDGs - #Breton,0,1,1
👑👑yaran pahlavi👑👑,0,1,1
👩‍⚕️ Melissa ❤️‍🩹 Do A Favor ™ 💎©,0,3,3
💎Bullishh,0,1,1
💎💎Doge Watcher 💎💎,0,1,1
💦🕶️,0,3,3
💸💸💸,0,2,2
💿 DOGECOIN MUSIC,0,1,1
🔋Stonksy🔋,0,1,1
🔥Gfied,1,1,2
🔮Oracle Of Dogecoin🐕🔥🚀,0,4,4
🖤🕯,0,1,1
🚀DOGECOIN RISE🚀,0,1,1
🚨🚨DoGeCOIN 24/7🚨🚨,0,1,1
🥢ALEEQ🥢,0,1,1
🦄 🤡 Chad Illa-Petersen (The Story Catcher),0,1,1
🧑‍🚀Grant Blaisdell🛰️,0,1,1
