filename,date,isCompleteData,original_count,predicted_count,expansion_ratio
DOGE_20131215,2013-12-15,True,286,286,1
DOGE_20131216,2013-12-16,True,542,542,1
DOGE_20131217,2013-12-17,True,563,563,1
DOGE_20131218,2013-12-18,True,737,737,1
DOGE_20131219,2013-12-19,True,1069,1069,1
DOGE_20131220,2013-12-20,True,906,906,1
DOGE_20131221,2013-12-21,True,670,670,1
DOGE_20131222,2013-12-22,True,782,782,1
DOGE_20131223,2013-12-23,True,915,915,1
DOGE_20131224_Latest523,2013-12-24,False,523,640,1.224461306103292
DOGE_20131225,2013-12-25,True,465,465,1
DOGE_20131226,2013-12-26,True,2167,2167,1
DOGE_20131227,2013-12-27,True,997,997,1
DOGE_20131228,2013-12-28,True,549,549,1
DOGE_20131229,2013-12-29,True,707,707,1
DOGE_20131230,2013-12-30,True,537,537,1
DOGE_20131231,2013-12-31,True,431,431,1
DOGE_20140101,2014-01-01,True,370,370,1
DOGE_20140102,2014-01-02,True,589,589,1
DOGE_20140103,2014-01-03,True,552,552,1
DOGE_20140104,2014-01-04,True,364,364,1
DOGE_20140105,2014-01-05,True,347,347,1
DOGE_20140106,2014-01-06,True,380,380,1
DOGE_20140107,2014-01-07,True,351,351,1
DOGE_20140108,2014-01-08,True,347,347,1
DOGE_20140109,2014-01-09,True,413,413,1
DOGE_20140110,2014-01-10,True,395,395,1
DOGE_20140111,2014-01-11,True,411,411,1
DOGE_20140112,2014-01-12,True,321,321,1
DOGE_20140113,2014-01-13,True,331,331,1
DOGE_20140114,2014-01-14,True,653,653,1
DOGE_20140115,2014-01-15,True,692,692,1
DOGE_20140116,2014-01-16,True,450,450,1
DOGE_20140117,2014-01-17,True,678,678,1
DOGE_20140118,2014-01-18,True,624,624,1
DOGE_20140119,2014-01-19,True,704,704,1
DOGE_20140120,2014-01-20,True,2601,2601,1
DOGE_20140121,2014-01-21,True,1820,1820,1
DOGE_20140122,2014-01-22,True,1123,1123,1
DOGE_20140123_Latest938,2014-01-23,False,938,975,1.0392984173211428
DOGE_20140124,2014-01-24,True,1071,1071,1
DOGE_20140125_Latest571,2014-01-25,False,571,708,1.2392583339911678
DOGE_20140126_Latest161,2014-01-26,False,161,984,6.111855073370671
DOGE_20140127_Latest46,2014-01-27,False,46,1035,22.500122850122846
DOGE_20140128_Latest240,2014-01-28,False,240,853,3.553762595833115
DOGE_20140129_Latest105,2014-01-29,False,105,774,7.373275328552185
DOGE_20140130_Latest34,2014-01-30,False,34,868,25.53878867869189
DOGE_20140131_Latest63,2014-01-31,False,63,770,12.2149759341588
DOGE_20140201,2014-02-01,True,1502,1502,1
DOGE_20140202,2014-02-02,True,946,946,1
DOGE_20140203,2014-02-03,True,881,881,1
DOGE_20140204,2014-02-04,True,1722,1722,1
DOGE_20140205,2014-02-05,True,2097,2097,1
DOGE_20140206,2014-02-06,True,2064,2064,1
DOGE_20140207,2014-02-07,True,2219,2219,1
DOGE_20140208,2014-02-08,True,1746,1746,1
DOGE_20140209,2014-02-09,True,1707,1707,1
DOGE_20140210_Latest1363,2014-02-10,False,1363,1857,1.362629268655606
DOGE_20140211_Latest277,2014-02-11,False,277,2112,7.625278698967643
DOGE_20140212_Latest193,2014-02-12,False,193,1423,7.373275328552186
DOGE_20140213_Latest110,2014-02-13,False,110,2809,25.53878867869189
DOGE_20140214_Latest268,2014-02-14,False,268,2092,7.804657604995657
DOGE_20140215,2014-02-15,True,1836,1836,1
DOGE_20140217,2014-02-17,True,2267,2267,1
DOGE_20140218,2014-02-18,True,1977,1977,1
DOGE_20140219,2014-02-19,True,1874,1874,1
DOGE_20140220,2014-02-20,True,1564,1564,1
DOGE_20140221,2014-02-21,True,1742,1742,1
DOGE_20140222_Latest1225,2014-02-22,False,1225,1518,1.2392583339911678
DOGE_20140223,2014-02-23,True,1515,1515,1
DOGE_20140224,2014-02-24,True,1623,1623,1
DOGE_20140225,2014-02-25,True,1867,1867,1
DOGE_20140226,2014-02-26,True,1880,1880,1
DOGE_20140227,2014-02-27,True,1674,1674,1
DOGE_20140228,2014-02-28,True,1393,1393,1
DOGE_20140301,2014-03-01,True,1760,1760,1
DOGE_20140302,2014-03-02,True,1259,1259,1
DOGE_20140303,2014-03-03,True,1417,1417,1
DOGE_20140304,2014-03-04,True,1490,1490,1
DOGE_20140305,2014-03-05,True,1378,1378,1
DOGE_20140306,2014-03-06,True,1184,1184,1
DOGE_20140307,2014-03-07,True,1288,1288,1
DOGE_20140308,2014-03-08,True,1070,1070,1
DOGE_20140309,2014-03-09,True,1089,1089,1
DOGE_20140310,2014-03-10,True,1407,1407,1
DOGE_20140311,2014-03-11,True,1413,1413,1
DOGE_20140312,2014-03-12,True,1381,1381,1
DOGE_20140313,2014-03-13,True,1272,1272,1
DOGE_20140314,2014-03-14,True,1192,1192,1
DOGE_20140315,2014-03-15,True,1019,1019,1
DOGE_20140316,2014-03-16,True,1378,1378,1
DOGE_20140317,2014-03-17,True,1416,1416,1
DOGE_20140318,2014-03-18,True,1447,1447,1
DOGE_20140319,2014-03-19,True,1499,1499,1
DOGE_20140320,2014-03-20,True,1490,1490,1
DOGE_20140321,2014-03-21,True,1160,1160,1
DOGE_20140322,2014-03-22,True,1221,1221,1
DOGE_20140323_Latest562,2014-03-23,False,562,878,1.5630843832393788
DOGE_20140324,2014-03-24,True,1260,1260,1
DOGE_20140325,2014-03-25,True,1786,1786,1
DOGE_20140326,2014-03-26,True,2535,2535,1
DOGE_20140327,2014-03-27,True,2293,2293,1
DOGE_20140328,2014-03-28,True,1629,1629,1
DOGE_20140329,2014-03-29,True,1301,1301,1
DOGE_20140330,2014-03-30,True,1308,1308,1
DOGE_20140331,2014-03-31,True,1564,1564,1
DOGE_20140401,2014-04-01,True,1548,1548,1
DOGE_20140402,2014-04-02,True,1318,1318,1
DOGE_20140403,2014-04-03,True,1804,1804,1
DOGE_20140404,2014-04-04,True,1565,1565,1
DOGE_20140405,2014-04-05,True,1299,1299,1
DOGE_20140406,2014-04-06,True,1218,1218,1
DOGE_20140407,2014-04-07,True,1803,1803,1
DOGE_20140408,2014-04-08,True,1931,1931,1
DOGE_20140409,2014-04-09,True,1994,1994,1
DOGE_20140410,2014-04-10,True,1666,1666,1
DOGE_20140411,2014-04-11,True,1484,1484,1
DOGE_20140412,2014-04-12,True,1138,1138,1
DOGE_20140413,2014-04-13,True,1155,1155,1
DOGE_20140414,2014-04-14,True,1320,1320,1
DOGE_20140415,2014-04-15,True,1865,1865,1
DOGE_20140416,2014-04-16,True,2830,2830,1
DOGE_20140417,2014-04-17,True,1766,1766,1
DOGE_20140418,2014-04-18,True,1683,1683,1
DOGE_20140419_Latest1197,2014-04-19,False,1197,1420,1.186488300856707
DOGE_20140420_Latest18,2014-04-20,False,18,487,27.07616605447363
DOGE_20140421_Latest2389,2014-04-21,False,2389,3521,1.4737142788173336
DOGE_20140422_Latest1142,2014-04-22,False,1142,3392,2.970317551836634
DOGE_20140423_Latest2176,2014-04-23,False,2176,3668,1.6857110754146933
DOGE_20140425_Latest858,2014-04-25,False,858,4879,5.68697719769411
DOGE_20140426_Latest339,2014-04-26,False,339,2505,7.389671881489686
DOGE_20140427_Latest78,2014-04-27,False,78,2112,27.07616605447363
DOGE_20140428_Latest921,2014-04-28,False,921,4566,4.9574632218598165
DOGE_20140429_Latest349,2014-04-29,False,349,2661,7.625278698967642
DOGE_20140430_Latest306,2014-04-30,False,306,2256,7.373275328552185
DOGE_20140501,2014-05-01,True,2514,2514,1
DOGE_20140502_Latest2428,2014-05-02,False,2428,2965,1.2211880002497804
DOGE_20140503_Latest51,2014-05-03,False,51,1136,22.27696160267112
DOGE_20140504_Latest917,2014-05-04,False,917,4273,4.659574214324051
DOGE_20140505_Latest513,2014-05-05,False,513,3455,6.7339877932200904
DOGE_20140506_Latest929,2014-05-06,False,929,5185,5.581010106550745
DOGE_20140507_Latest55,2014-05-07,False,55,1335,24.27331016299137
DOGE_20140508_Latest162,2014-05-08,False,162,1910,11.787532151076215
DOGE_20140509_Latest1307,2014-05-09,False,1307,3988,3.0511655653450807
DOGE_20140510,2014-05-10,True,1524,1524,1
DOGE_20140511,2014-05-11,True,1455,1455,1
DOGE_20140512,2014-05-12,True,2953,2953,1
DOGE_20140513,2014-05-13,True,3522,3522,1
DOGE_20140514,2014-05-14,True,3166,3166,1
DOGE_20140515_Latest1800,2014-05-15,False,1800,3578,1.9878094020557364
DOGE_20140516_Latest37,2014-05-16,False,37,964,26.056509130809623
DOGE_20140517,2014-05-17,True,3603,3603,1
DOGE_20140518,2014-05-18,True,2283,2283,1
DOGE_20140519,2014-05-19,True,2422,2422,1
DOGE_20140520,2014-05-20,True,2884,2884,1
DOGE_20140521,2014-05-21,True,2682,2682,1
DOGE_20140522,2014-05-22,True,2571,2571,1
DOGE_20140523,2014-05-23,True,2451,2451,1
DOGE_20140524,2014-05-24,True,1921,1921,1
DOGE_20140525,2014-05-25,True,1514,1514,1
DOGE_20140526,2014-05-26,True,1536,1536,1
DOGE_20140527,2014-05-27,True,3031,3031,1
DOGE_20140528,2014-05-28,True,2199,2199,1
DOGE_20140529,2014-05-29,True,2079,2079,1
DOGE_20140530,2014-05-30,True,1904,1904,1
DOGE_20140531,2014-05-31,True,1417,1417,1
DOGE_20140701,2014-07-01,True,1862,1862,1
DOGE_20140702_Latest438,2014-07-02,False,438,2398,5.473885488033945
DOGE_20140703,2014-07-03,True,1399,1399,1
DOGE_20140704,2014-07-04,True,1178,1178,1
DOGE_20140705,2014-07-05,True,918,918,1
DOGE_20140706,2014-07-06,True,854,854,1
DOGE_20140707,2014-07-07,True,1849,1849,1
DOGE_20140708,2014-07-08,True,1678,1678,1
DOGE_20140709,2014-07-09,True,1739,1739,1
DOGE_20140710,2014-07-10,True,1459,1459,1
DOGE_20140711,2014-07-11,True,1513,1513,1
DOGE_20140712,2014-07-12,True,939,939,1
DOGE_20140713,2014-07-13,True,752,752,1
DOGE_20140714,2014-07-14,True,1548,1548,1
DOGE_20140715,2014-07-15,True,1774,1774,1
DOGE_20140716,2014-07-16,True,1613,1613,1
DOGE_20140717,2014-07-17,True,1550,1550,1
DOGE_20140718,2014-07-18,True,1482,1482,1
DOGE_20140719,2014-07-19,True,883,883,1
DOGE_20140720,2014-07-20,True,881,881,1
DOGE_20140721,2014-07-21,True,1442,1442,1
DOGE_20140722,2014-07-22,True,1104,1104,1
DOGE_20140723,2014-07-23,True,1570,1570,1
DOGE_20140724,2014-07-24,True,1530,1530,1
DOGE_20140725,2014-07-25,True,1712,1712,1
DOGE_20140726,2014-07-26,True,835,835,1
DOGE_20140727_Latest583,2014-07-27,False,583,701,1.2032572908678205
DOGE_20140728,2014-07-28,True,1444,1444,1
DOGE_20140729,2014-07-29,True,1124,1124,1
DOGE_20140730,2014-07-30,True,1498,1498,1
DOGE_20140731,2014-07-31,True,1309,1309,1
DOGE_20140801,2014-08-01,True,1144,1144,1
DOGE_20140802,2014-08-02,True,768,768,1
DOGE_20140803,2014-08-03,True,897,897,1
DOGE_20140804,2014-08-04,True,1565,1565,1
DOGE_20140805,2014-08-05,True,1367,1367,1
DOGE_20140806,2014-08-06,True,1454,1454,1
DOGE_20140807,2014-08-07,True,1477,1477,1
DOGE_20140808,2014-08-08,True,1406,1406,1
DOGE_20140809,2014-08-09,True,789,789,1
DOGE_20140810,2014-08-10,True,834,834,1
DOGE_20140811,2014-08-11,True,1497,1497,1
DOGE_20140812,2014-08-12,True,1497,1497,1
DOGE_20140813,2014-08-13,True,1508,1508,1
DOGE_20140814,2014-08-14,True,1816,1816,1
DOGE_20140815,2014-08-15,True,1556,1556,1
DOGE_20140816,2014-08-16,True,807,807,1
DOGE_20140817,2014-08-17,True,690,690,1
DOGE_20140818,2014-08-18,True,1415,1415,1
DOGE_20140819,2014-08-19,True,1693,1693,1
DOGE_20140820,2014-08-20,True,1688,1688,1
DOGE_20140821,2014-08-21,True,1630,1630,1
DOGE_20140822,2014-08-22,True,1591,1591,1
DOGE_20140823,2014-08-23,True,721,721,1
DOGE_20140824,2014-08-24,True,848,848,1
DOGE_20140825,2014-08-25,True,1623,1623,1
DOGE_20140826,2014-08-26,True,1782,1782,1
DOGE_20140827,2014-08-27,True,724,724,1
DOGE_20140828,2014-08-28,True,646,646,1
DOGE_20140829,2014-08-29,True,497,497,1
DOGE_20140830,2014-08-30,True,464,464,1
DOGE_20140831,2014-08-31,True,588,588,1
DOGE_20140901,2014-09-01,True,623,623,1
DOGE_20140902,2014-09-02,True,499,499,1
DOGE_20140903,2014-09-03,True,1028,1028,1
DOGE_20140904,2014-09-04,True,2141,2141,1
DOGE_20140905,2014-09-05,True,1838,1838,1
DOGE_20140906,2014-09-06,True,1219,1219,1
DOGE_20140907,2014-09-07,True,912,912,1
DOGE_20140908,2014-09-08,True,1597,1597,1
DOGE_20140909,2014-09-09,True,1690,1690,1
DOGE_20140910,2014-09-10,True,1686,1686,1
DOGE_20140911,2014-09-11,True,1864,1864,1
DOGE_20140912,2014-09-12,True,1787,1787,1
DOGE_20140913,2014-09-13,True,1106,1106,1
DOGE_20140914,2014-09-14,True,1484,1484,1
DOGE_20140915,2014-09-15,True,1849,1849,1
DOGE_20140916,2014-09-16,True,1645,1645,1
DOGE_20140917,2014-09-17,True,1796,1796,1
DOGE_20140918,2014-09-18,True,1934,1934,1
DOGE_20140919,2014-09-19,True,1686,1686,1
DOGE_20140920,2014-09-20,True,927,927,1
DOGE_20140921,2014-09-21,True,908,908,1
DOGE_20140922,2014-09-22,True,1662,1662,1
DOGE_20140923,2014-09-23,True,1789,1789,1
DOGE_20140924_Latest251,2014-09-24,False,251,1851,7.373275328552186
DOGE_20140925,2014-09-25,True,1858,1858,1
DOGE_20140926,2014-09-26,True,2149,2149,1
DOGE_20140927,2014-09-27,True,1001,1001,1
DOGE_20140928,2014-09-28,True,1016,1016,1
DOGE_20140929,2014-09-29,True,1589,1589,1
DOGE_20140930,2014-09-30,True,1661,1661,1
DOGE_20141001,2014-10-01,True,1578,1578,1
DOGE_20141002,2014-10-02,True,1561,1561,1
DOGE_20141003,2014-10-03,True,1487,1487,1
DOGE_20141004,2014-10-04,True,813,813,1
DOGE_20141005,2014-10-05,True,859,859,1
DOGE_20141006,2014-10-06,True,1924,1924,1
DOGE_20141007,2014-10-07,True,1532,1532,1
DOGE_20141008,2014-10-08,True,1590,1590,1
DOGE_20141009,2014-10-09,True,1587,1587,1
DOGE_20141010,2014-10-10,True,1519,1519,1
DOGE_20141011,2014-10-11,True,793,793,1
DOGE_20141012,2014-10-12,True,871,871,1
DOGE_20141013,2014-10-13,True,1598,1598,1
DOGE_20141014,2014-10-14,True,1627,1627,1
DOGE_20141015,2014-10-15,True,2272,2272,1
DOGE_20141016,2014-10-16,True,1944,1944,1
DOGE_20141017,2014-10-17,True,1674,1674,1
DOGE_20141018,2014-10-18,True,925,925,1
DOGE_20141019,2014-10-19,True,1077,1077,1
DOGE_20141020,2014-10-20,True,1612,1612,1
DOGE_20141021,2014-10-21,True,1745,1745,1
DOGE_20141022,2014-10-22,True,2255,2255,1
DOGE_20141023,2014-10-23,True,1759,1759,1
DOGE_20141024,2014-10-24,True,1450,1450,1
DOGE_20141025,2014-10-25,True,769,769,1
DOGE_20141026,2014-10-26,True,856,856,1
DOGE_20141027_Latest172,2014-10-27,False,172,1158,6.73398779322009
DOGE_20141028,2014-10-28,True,1773,1773,1
DOGE_20141029,2014-10-29,True,1959,1959,1
DOGE_20141030,2014-10-30,True,1769,1769,1
DOGE_20141031,2014-10-31,True,1257,1257,1
DOGE_20151101,2015-11-01,True,731,731,1
DOGE_20151102_Latest326,2015-11-02,False,326,1616,4.957463221859817
DOGE_20151103_Latest20,2015-11-03,False,20,509,25.444451391059708
DOGE_20151104_Latest119,2015-11-04,False,119,1311,11.014302417271663
DOGE_20151106,2015-11-06,True,1584,1584,1
DOGE_20151107_Latest436,2015-11-07,False,436,679,1.5573204178094184
DOGE_20151108_Latest120,2015-11-08,False,120,733,6.111855073370672
DOGE_20151109,2015-11-09,True,1627,1627,1
DOGE_20151110_Latest1489,2015-11-10,False,1489,1685,1.1313847915890605
DOGE_20151111,2015-11-11,True,1014,1014,1
DOGE_20151112,2015-11-12,True,1259,1259,1
DOGE_20151113,2015-11-13,True,1198,1198,1
DOGE_20151114,2015-11-14,True,563,563,1
DOGE_20151115,2015-11-15,True,480,480,1
DOGE_20151116,2015-11-16,True,1019,1019,1
DOGE_20151117,2015-11-17,True,1002,1002,1
DOGE_20151118,2015-11-18,True,1265,1265,1
DOGE_20151119,2015-11-19,True,1312,1312,1
DOGE_20151120,2015-11-20,True,952,952,1
DOGE_20151121,2015-11-21,True,434,434,1
DOGE_20151122,2015-11-22,True,414,414,1
DOGE_20151123,2015-11-23,True,998,998,1
DOGE_20151124,2015-11-24,True,1431,1431,1
DOGE_20151125,2015-11-25,True,1316,1316,1
DOGE_20151126,2015-11-26,True,610,610,1
DOGE_20151127,2015-11-27,True,578,578,1
DOGE_20151128,2015-11-28,True,475,475,1
DOGE_20151129,2015-11-29,True,470,470,1
DOGE_20151130,2015-11-30,True,1350,1350,1
DOGE_20151201_Latest517,2015-12-01,False,517,1837,3.553762595833115
DOGE_20151202_Latest59,2015-12-02,False,59,1432,24.27331016299137
DOGE_20151204_Latest47,2015-12-04,False,47,1225,26.056509130809623
DOGE_20151205,2015-12-05,True,409,409,1
DOGE_20151206,2015-12-06,True,403,403,1
DOGE_20151207_Latest1262,2015-12-07,False,1262,1412,1.1186877555819559
DOGE_20151208,2015-12-08,True,1045,1045,1
DOGE_20151209,2015-12-09,True,1661,1661,1
DOGE_20151210,2015-12-10,True,1524,1524,1
DOGE_20151211,2015-12-11,True,844,844,1
DOGE_20151212,2015-12-12,True,673,673,1
DOGE_20151213,2015-12-13,True,763,763,1
DOGE_20151214,2015-12-14,True,1282,1282,1
DOGE_20151215,2015-12-15,True,1590,1590,1
DOGE_20151216,2015-12-16,True,1664,1664,1
DOGE_20151217,2015-12-17,True,1143,1143,1
DOGE_20151218,2015-12-18,True,1740,1740,1
DOGE_20151219,2015-12-19,True,851,851,1
DOGE_20151220,2015-12-20,True,785,785,1
DOGE_20151221,2015-12-21,True,1805,1805,1
DOGE_20151222,2015-12-22,True,1617,1617,1
DOGE_20151223,2015-12-23,True,1068,1068,1
DOGE_20151224,2015-12-24,True,897,897,1
DOGE_20151225,2015-12-25,True,717,717,1
DOGE_20151226,2015-12-26,True,660,660,1
DOGE_20151227,2015-12-27,True,703,703,1
DOGE_20151228,2015-12-28,True,1560,1560,1
DOGE_20151229,2015-12-29,True,1193,1193,1
DOGE_20151230,2015-12-30,True,1492,1492,1
DOGE_20151231,2015-12-31,True,1355,1355,1
DOGE_20160101,2016-01-01,True,688,688,1
DOGE_20160102,2016-01-02,True,675,675,1
DOGE_20160103,2016-01-03,True,717,717,1
DOGE_20160104,2016-01-04,True,1056,1056,1
DOGE_20160105,2016-01-05,True,1548,1548,1
DOGE_20160106,2016-01-06,True,1482,1482,1
DOGE_20160107,2016-01-07,True,898,898,1
DOGE_20160108,2016-01-08,True,457,457,1
DOGE_20160109,2016-01-09,True,332,332,1
DOGE_20160110,2016-01-10,True,288,288,1
DOGE_20160111,2016-01-11,True,383,383,1
DOGE_20160112,2016-01-12,True,518,518,1
DOGE_20160113,2016-01-13,True,450,450,1
DOGE_20160114,2016-01-14,True,347,347,1
DOGE_20160115,2016-01-15,True,1337,1337,1
DOGE_20160116,2016-01-16,True,529,529,1
DOGE_20160117,2016-01-17,True,372,372,1
DOGE_20160118,2016-01-18,True,1325,1325,1
DOGE_20160119,2016-01-19,True,693,693,1
DOGE_20160120,2016-01-20,True,1391,1391,1
DOGE_20160121,2016-01-21,True,1513,1513,1
DOGE_20160122,2016-01-22,True,1047,1047,1
DOGE_20160123,2016-01-23,True,565,565,1
DOGE_20160124,2016-01-24,True,543,543,1
DOGE_20160125,2016-01-25,True,906,906,1
DOGE_20160126,2016-01-26,True,1621,1621,1
DOGE_20160127,2016-01-27,True,1637,1637,1
DOGE_20160128,2016-01-28,True,962,962,1
DOGE_20160129,2016-01-29,True,1535,1535,1
DOGE_20160130,2016-01-30,True,590,590,1
DOGE_20160131,2016-01-31,True,602,602,1
DOGE_20160201,2016-02-01,True,1426,1426,1
DOGE_20160202,2016-02-02,True,1593,1593,1
DOGE_20160203,2016-02-03,True,846,846,1
DOGE_20160204,2016-02-04,True,1342,1342,1
DOGE_20160205,2016-02-05,True,1124,1124,1
DOGE_20160206,2016-02-06,True,504,504,1
DOGE_20160207,2016-02-07,True,497,497,1
DOGE_20160208,2016-02-08,True,776,776,1
DOGE_20160209,2016-02-09,True,711,711,1
DOGE_20160210,2016-02-10,True,1228,1228,1
DOGE_20160211,2016-02-11,True,951,951,1
DOGE_20160212,2016-02-12,True,448,448,1
DOGE_20160213,2016-02-13,True,411,411,1
DOGE_20160214,2016-02-14,True,487,487,1
DOGE_20160215,2016-02-15,True,533,533,1
DOGE_20160216,2016-02-16,True,1326,1326,1
DOGE_20160217,2016-02-17,True,866,866,1
DOGE_20160218,2016-02-18,True,528,528,1
DOGE_20160219,2016-02-19,True,1126,1126,1
DOGE_20160220,2016-02-20,True,421,421,1
DOGE_20160221,2016-02-21,True,399,399,1
DOGE_20160222,2016-02-22,True,1048,1048,1
DOGE_20160223,2016-02-23,True,1105,1105,1
DOGE_20160224,2016-02-24,True,1013,1013,1
DOGE_20160225,2016-02-25,True,1219,1219,1
DOGE_20160226,2016-02-26,True,1231,1231,1
DOGE_20160227,2016-02-27,True,390,390,1
DOGE_20160228,2016-02-28,True,435,435,1
DOGE_20160229,2016-02-29,True,1323,1323,1
DOGE_20160301,2016-03-01,True,526,526,1
DOGE_20160302,2016-03-02,True,1046,1046,1
DOGE_20160303,2016-03-03,True,1111,1111,1
DOGE_20160304,2016-03-04,True,996,996,1
DOGE_20160305,2016-03-05,True,415,415,1
DOGE_20160306,2016-03-06,True,366,366,1
DOGE_20160307,2016-03-07,True,1114,1114,1
DOGE_20160308,2016-03-08,True,1073,1073,1
DOGE_20160309,2016-03-09,True,880,880,1
DOGE_20160310,2016-03-10,True,1191,1191,1
DOGE_20160311,2016-03-11,True,1132,1132,1
DOGE_20160312,2016-03-12,True,410,410,1
DOGE_20160313,2016-03-13,True,436,436,1
DOGE_20160314,2016-03-14,True,732,732,1
DOGE_20160315,2016-03-15,True,696,696,1
DOGE_20160316,2016-03-16,True,681,681,1
DOGE_20160317,2016-03-17,True,714,714,1
DOGE_20160318,2016-03-18,True,678,678,1
DOGE_20160319,2016-03-19,True,290,290,1
DOGE_20160320,2016-03-20,True,291,291,1
DOGE_20160321,2016-03-21,True,679,679,1
DOGE_20160322,2016-03-22,True,734,734,1
DOGE_20160323,2016-03-23,True,665,665,1
DOGE_20160324,2016-03-24,True,656,656,1
DOGE_20160325,2016-03-25,True,626,626,1
DOGE_20160326,2016-03-26,True,256,256,1
DOGE_20160327,2016-03-27,True,296,296,1
DOGE_20160328,2016-03-28,True,1016,1016,1
DOGE_20160329,2016-03-29,True,1200,1200,1
DOGE_20160330,2016-03-30,True,1103,1103,1
DOGE_20160331,2016-03-31,True,1006,1006,1
DOGE_20160401,2016-04-01,True,946,946,1
DOGE_20160402,2016-04-02,True,346,346,1
DOGE_20160403,2016-04-03,True,383,383,1
DOGE_20160404,2016-04-04,True,902,902,1
DOGE_20160405,2016-04-05,True,1211,1211,1
DOGE_20160406,2016-04-06,True,1111,1111,1
DOGE_20160407,2016-04-07,True,974,974,1
DOGE_20160408,2016-04-08,True,1125,1125,1
DOGE_20160409,2016-04-09,True,335,335,1
DOGE_20160410,2016-04-10,True,431,431,1
DOGE_20160411,2016-04-11,True,1089,1089,1
DOGE_20160412,2016-04-12,True,1121,1121,1
DOGE_20160413,2016-04-13,True,1008,1008,1
DOGE_20160414,2016-04-14,True,1168,1168,1
DOGE_20160415,2016-04-15,True,710,710,1
DOGE_20160416,2016-04-16,True,166,166,1
DOGE_20160417,2016-04-17,True,197,197,1
DOGE_20160418,2016-04-18,True,194,194,1
DOGE_20160419,2016-04-19,True,223,223,1
DOGE_20160420,2016-04-20,True,212,212,1
DOGE_20160421,2016-04-21,True,217,217,1
DOGE_20160422,2016-04-22,True,222,222,1
DOGE_20160423,2016-04-23,True,208,208,1
DOGE_20160424,2016-04-24,True,204,204,1
DOGE_20160425,2016-04-25,True,177,177,1
DOGE_20160426,2016-04-26,True,204,204,1
DOGE_20160427,2016-04-27,True,200,200,1
DOGE_20160428,2016-04-28,True,176,176,1
DOGE_20160429,2016-04-29,True,214,214,1
DOGE_20160430,2016-04-30,True,173,173,1
DOGE_20160501,2016-05-01,True,181,181,1
DOGE_20160502,2016-05-02,True,195,195,1
DOGE_20160503,2016-05-03,True,186,186,1
DOGE_20160504,2016-05-04,True,190,190,1
DOGE_20160505,2016-05-05,True,208,208,1
DOGE_20160506,2016-05-06,True,225,225,1
DOGE_20160507,2016-05-07,True,229,229,1
DOGE_20160508,2016-05-08,True,187,187,1
DOGE_20160509,2016-05-09,True,204,204,1
DOGE_20160510,2016-05-10,True,183,183,1
DOGE_20160511,2016-05-11,True,195,195,1
DOGE_20160512,2016-05-12,True,218,218,1
DOGE_20160513,2016-05-13,True,228,228,1
DOGE_20160514,2016-05-14,True,219,219,1
DOGE_20160515,2016-05-15,True,202,202,1
DOGE_20160516,2016-05-16,True,217,217,1
DOGE_20160517,2016-05-17,True,215,215,1
DOGE_20160518,2016-05-18,True,199,199,1
DOGE_20160519,2016-05-19,True,206,206,1
DOGE_20160520,2016-05-20,True,206,206,1
DOGE_20160521,2016-05-21,True,204,204,1
DOGE_20160522,2016-05-22,True,190,190,1
DOGE_20160523,2016-05-23,True,168,168,1
DOGE_20160524,2016-05-24,True,175,175,1
DOGE_20160525,2016-05-25,True,188,188,1
DOGE_20160526,2016-05-26,True,187,187,1
DOGE_20160527,2016-05-27,True,241,241,1
DOGE_20160528,2016-05-28,True,194,194,1
DOGE_20160529,2016-05-29,True,178,178,1
DOGE_20160530,2016-05-30,True,205,205,1
DOGE_20160531,2016-05-31,True,180,180,1
DOGE_20160601,2016-06-01,True,199,199,1
DOGE_20160602,2016-06-02,True,178,178,1
DOGE_20160603,2016-06-03,True,183,183,1
DOGE_20160604,2016-06-04,True,180,180,1
DOGE_20160605,2016-06-05,True,196,196,1
DOGE_20160606,2016-06-06,True,191,191,1
DOGE_20160607,2016-06-07,True,184,184,1
DOGE_20160608,2016-06-08,True,183,183,1
DOGE_20160609,2016-06-09,True,204,204,1
DOGE_20160610,2016-06-10,True,203,203,1
DOGE_20160611,2016-06-11,True,185,185,1
DOGE_20160612,2016-06-12,True,197,197,1
DOGE_20160613,2016-06-13,True,185,185,1
DOGE_20160614,2016-06-14,True,192,192,1
DOGE_20160615,2016-06-15,True,179,179,1
DOGE_20160616,2016-06-16,True,186,186,1
DOGE_20160617,2016-06-17,True,181,181,1
DOGE_20160618,2016-06-18,True,234,234,1
DOGE_20160619,2016-06-19,True,211,211,1
DOGE_20160620,2016-06-20,True,176,176,1
DOGE_20160621,2016-06-21,True,196,196,1
DOGE_20160622,2016-06-22,True,186,186,1
DOGE_20160623,2016-06-23,True,183,183,1
DOGE_20160624,2016-06-24,True,206,206,1
DOGE_20160625,2016-06-25,True,173,173,1
DOGE_20160626,2016-06-26,True,163,163,1
DOGE_20160627,2016-06-27,True,157,157,1
DOGE_20160628,2016-06-28,True,200,200,1
DOGE_20160629,2016-06-29,True,183,183,1
DOGE_20160630,2016-06-30,True,175,175,1
DOGE_20160701,2016-07-01,True,199,199,1
DOGE_20160702,2016-07-02,True,185,185,1
DOGE_20160703,2016-07-03,True,180,180,1
DOGE_20160704,2016-07-04,True,174,174,1
DOGE_20160705,2016-07-05,True,162,162,1
DOGE_20160706,2016-07-06,True,174,174,1
DOGE_20160707,2016-07-07,True,184,184,1
DOGE_20160708,2016-07-08,True,160,160,1
DOGE_20160709,2016-07-09,True,200,200,1
DOGE_20160710,2016-07-10,True,212,212,1
DOGE_20160711,2016-07-11,True,191,191,1
DOGE_20160712,2016-07-12,True,205,205,1
DOGE_20160713,2016-07-13,True,184,184,1
DOGE_20160714,2016-07-14,True,183,183,1
DOGE_20160715,2016-07-15,True,190,190,1
DOGE_20160716,2016-07-16,True,181,181,1
DOGE_20160717,2016-07-17,True,206,206,1
DOGE_20160718,2016-07-18,True,193,193,1
DOGE_20160719,2016-07-19,True,169,169,1
DOGE_20160720,2016-07-20,True,210,210,1
DOGE_20160721,2016-07-21,True,274,274,1
DOGE_20160722,2016-07-22,True,194,194,1
DOGE_20160723,2016-07-23,True,177,177,1
DOGE_20160724,2016-07-24,True,194,194,1
DOGE_20160725,2016-07-25,True,181,181,1
DOGE_20160726,2016-07-26,True,182,182,1
DOGE_20160727,2016-07-27,True,188,188,1
DOGE_20160728,2016-07-28,True,189,189,1
DOGE_20160729,2016-07-29,True,192,192,1
DOGE_20160730,2016-07-30,True,185,185,1
DOGE_20160731,2016-07-31,True,199,199,1
DOGE_20160801,2016-08-01,True,179,179,1
DOGE_20160802,2016-08-02,True,177,177,1
DOGE_20160803,2016-08-03,True,190,190,1
DOGE_20160804,2016-08-04,True,181,181,1
DOGE_20160805,2016-08-05,True,200,200,1
DOGE_20160806,2016-08-06,True,175,175,1
DOGE_20160807,2016-08-07,True,212,212,1
DOGE_20160808,2016-08-08,True,182,182,1
DOGE_20160809,2016-08-09,True,225,225,1
DOGE_20160810,2016-08-10,True,181,181,1
DOGE_20160811,2016-08-11,True,201,201,1
DOGE_20160812,2016-08-12,True,181,181,1
DOGE_20160813,2016-08-13,True,169,169,1
DOGE_20160814,2016-08-14,True,196,196,1
DOGE_20160815,2016-08-15,True,177,177,1
DOGE_20160816,2016-08-16,True,197,197,1
DOGE_20160817,2016-08-17,True,199,199,1
DOGE_20160818,2016-08-18,True,192,192,1
DOGE_20160819,2016-08-19,True,177,177,1
DOGE_20160820,2016-08-20,True,148,148,1
DOGE_20160821,2016-08-21,True,125,125,1
DOGE_20160822,2016-08-22,True,143,143,1
DOGE_20160823,2016-08-23,True,176,176,1
DOGE_20160824,2016-08-24,True,196,196,1
DOGE_20160825,2016-08-25,True,244,244,1
DOGE_20160826,2016-08-26,True,227,227,1
DOGE_20160827,2016-08-27,True,236,236,1
DOGE_20160828,2016-08-28,True,242,242,1
DOGE_20160829,2016-08-29,True,223,223,1
DOGE_20160830,2016-08-30,True,195,195,1
DOGE_20160831,2016-08-31,True,185,185,1
DOGE_20171101,2017-11-01,True,252,252,1
DOGE_20171102,2017-11-02,True,223,223,1
DOGE_20171103,2017-11-03,True,304,304,1
DOGE_20171104,2017-11-04,True,253,253,1
DOGE_20171105,2017-11-05,True,215,215,1
DOGE_20171106,2017-11-06,True,226,226,1
DOGE_20171107,2017-11-07,True,226,226,1
DOGE_20171108,2017-11-08,True,230,230,1
DOGE_20171109_Latest88,2017-11-09,False,88,222,2.520592556140135
DOGE_20171110,2017-11-10,True,272,272,1
DOGE_20171111,2017-11-11,True,305,305,1
DOGE_20171112,2017-11-12,True,267,267,1
DOGE_20171113,2017-11-13,True,248,248,1
DOGE_20171114,2017-11-14,True,238,238,1
DOGE_20171115,2017-11-15,True,256,256,1
DOGE_20171116,2017-11-16,True,299,299,1
DOGE_20171117,2017-11-17,True,295,295,1
DOGE_20171118,2017-11-18,True,267,267,1
DOGE_20171119,2017-11-19,True,266,266,1
DOGE_20171120,2017-11-20,True,349,349,1
DOGE_20171121,2017-11-21,True,315,315,1
DOGE_20171122,2017-11-22,True,641,641,1
DOGE_20171123,2017-11-23,True,862,862,1
DOGE_20171124,2017-11-24,True,412,412,1
DOGE_20171125,2017-11-25,True,310,310,1
DOGE_20171126,2017-11-26,True,304,304,1
DOGE_20171127,2017-11-27,True,371,371,1
DOGE_20171128,2017-11-28,True,434,434,1
DOGE_20171129,2017-11-29,True,481,481,1
DOGE_20171130,2017-11-30,True,435,435,1
DOGE_20171201,2017-12-01,True,670,670,1
DOGE_20171202,2017-12-02,True,732,732,1
DOGE_20171203,2017-12-03,True,586,586,1
DOGE_20171204,2017-12-04,True,950,950,1
DOGE_20171205,2017-12-05,True,747,747,1
DOGE_20171206,2017-12-06,True,733,733,1
DOGE_20171207_Latest725,2017-12-07,False,725,783,1.080674036680453
DOGE_20171208,2017-12-08,True,852,852,1
DOGE_20171209,2017-12-09,True,659,659,1
DOGE_20171210,2017-12-10,True,916,916,1
DOGE_20171211,2017-12-11,True,791,791,1
DOGE_20171212,2017-12-12,True,796,796,1
DOGE_20171213,2017-12-13,True,799,799,1
DOGE_20171214,2017-12-14,True,653,653,1
DOGE_20171215,2017-12-15,True,683,683,1
DOGE_20171216,2017-12-16,True,989,989,1
DOGE_20171217,2017-12-17,True,915,915,1
DOGE_20171218,2017-12-18,True,922,922,1
DOGE_20171219,2017-12-19,True,910,910,1
DOGE_20171220,2017-12-20,True,1090,1090,1
DOGE_20171221,2017-12-21,True,1115,1115,1
DOGE_20171222,2017-12-22,True,852,852,1
DOGE_20171223_Latest529,2017-12-23,False,529,922,1.74198938663081
DOGE_20171224,2017-12-24,True,1052,1052,1
DOGE_20171225_Latest364,2017-12-25,False,364,1012,2.7808929479733684
DOGE_20171226,2017-12-26,True,1025,1025,1
DOGE_20171227,2017-12-27,True,1135,1135,1
DOGE_20171228_Latest854,2017-12-28,False,854,995,1.1651139530138257
DOGE_20171229_Latest747,2017-12-29,False,747,1063,1.423479240080325
DOGE_20171230_Latest547,2017-12-30,False,547,1025,1.8740116564847977
DOGE_20171231,2017-12-31,True,891,891,1
DOGE_20180101,2018-01-01,True,756,756,1
DOGE_20180102,2018-01-02,True,814,814,1
DOGE_20180103_Latest405,2018-01-03,False,405,810,2.0001728232906544
DOGE_20180104_Latest198,2018-01-04,False,198,842,4.251321298228912
DOGE_20180105_Latest566,2018-01-05,False,566,1485,2.6237057263716146
DOGE_20180106_Latest50,2018-01-06,False,50,1114,22.27696160267112
DOGE_20180107,2018-01-07,True,1565,1565,1
DOGE_20180108_Latest637,2018-01-08,False,637,1771,2.780892947973368
DOGE_20180109_Latest774,2018-01-09,False,774,1309,1.6908210151972152
DOGE_20180110,2018-01-10,True,1112,1112,1
DOGE_20180111,2018-01-11,True,1102,1102,1
DOGE_20180112_Latest1115,2018-01-12,False,1115,1159,1.039900030966628
DOGE_20180113,2018-01-13,True,867,867,1
DOGE_20180114_Latest164,2018-01-14,False,164,1002,6.111855073370671
DOGE_20180115_Latest19,2018-01-15,False,19,428,22.50012285012285
DOGE_20180116_Latest486,2018-01-16,False,486,884,1.8188822596143104
DOGE_20180117,2018-01-17,True,827,827,1
DOGE_20180118,2018-01-18,True,867,867,1
DOGE_20180119,2018-01-19,True,792,792,1
DOGE_20180120,2018-01-20,True,721,721,1
DOGE_20180121,2018-01-21,True,729,729,1
DOGE_20180122,2018-01-22,True,881,881,1
DOGE_20180123,2018-01-23,True,852,852,1
DOGE_20180124,2018-01-24,True,993,993,1
DOGE_20180125,2018-01-25,True,1069,1069,1
DOGE_20180126,2018-01-26,True,1033,1033,1
DOGE_20180127,2018-01-27,True,922,922,1
DOGE_20180128,2018-01-28,True,898,898,1
DOGE_20180129,2018-01-29,True,926,926,1
DOGE_20180130_Latest260,2018-01-30,False,260,658,2.5322548531607767
DOGE_20180131,2018-01-31,True,894,894,1
DOGE_20180201,2018-02-01,True,1055,1055,1
DOGE_20180202,2018-02-02,True,929,929,1
DOGE_20180203,2018-02-03,True,942,942,1
DOGE_20180204,2018-02-04,True,914,914,1
DOGE_20180205,2018-02-05,True,892,892,1
DOGE_20180206,2018-02-06,True,878,878,1
DOGE_20180207,2018-02-07,True,952,952,1
DOGE_20180208,2018-02-08,True,777,777,1
DOGE_20180209,2018-02-09,True,822,822,1
DOGE_20180210,2018-02-10,True,743,743,1
DOGE_20180211,2018-02-11,True,816,816,1
DOGE_20180212,2018-02-12,True,818,818,1
DOGE_20180213,2018-02-13,True,851,851,1
DOGE_20180214,2018-02-14,True,1075,1075,1
DOGE_20180215,2018-02-15,True,919,919,1
DOGE_20180216,2018-02-16,True,929,929,1
DOGE_20180217,2018-02-17,True,850,850,1
DOGE_20180218,2018-02-18,True,1185,1185,1
DOGE_20180219,2018-02-19,True,987,987,1
DOGE_20180220,2018-02-20,True,995,995,1
DOGE_20180221,2018-02-21,True,1016,1016,1
DOGE_20180222,2018-02-22,True,875,875,1
DOGE_20180223,2018-02-23,True,749,749,1
DOGE_20180224,2018-02-24,True,719,719,1
DOGE_20180225,2018-02-25,True,679,679,1
DOGE_20180226,2018-02-26,True,649,649,1
DOGE_20180227,2018-02-27,True,687,687,1
DOGE_20180228,2018-02-28,True,647,647,1
DOGE_20180301,2018-03-01,True,716,716,1
DOGE_20180302_Latest553,2018-03-02,False,553,702,1.270230926763663
DOGE_20180303,2018-03-03,True,626,626,1
DOGE_20180304,2018-03-04,True,539,539,1
DOGE_20180305,2018-03-05,True,601,601,1
DOGE_20180306,2018-03-06,True,688,688,1
DOGE_20180307,2018-03-07,True,551,551,1
DOGE_20180308,2018-03-08,True,587,587,1
DOGE_20180309,2018-03-09,True,555,555,1
DOGE_20180310_Latest440,2018-03-10,False,440,522,1.186488300856707
DOGE_20180311,2018-03-11,True,510,510,1
DOGE_20180312,2018-03-12,True,597,597,1
DOGE_20180313,2018-03-13,True,563,563,1
DOGE_20180314,2018-03-14,True,545,545,1
DOGE_20180315,2018-03-15,True,570,570,1
DOGE_20180316,2018-03-16,True,607,607,1
DOGE_20180317,2018-03-17,True,528,528,1
DOGE_20180318,2018-03-18,True,549,549,1
DOGE_20180319,2018-03-19,True,592,592,1
DOGE_20180320,2018-03-20,True,615,615,1
DOGE_20180321,2018-03-21,True,596,596,1
DOGE_20180322,2018-03-22,True,546,546,1
DOGE_20180323,2018-03-23,True,531,531,1
DOGE_20180324,2018-03-24,True,529,529,1
DOGE_20180325,2018-03-25,True,575,575,1
DOGE_20180326,2018-03-26,True,589,589,1
DOGE_20180327,2018-03-27,True,552,552,1
DOGE_20180328,2018-03-28,True,567,567,1
DOGE_20180329,2018-03-29,True,536,536,1
DOGE_20180330,2018-03-30,True,558,558,1
DOGE_20180331,2018-03-31,True,474,474,1
DOGE_20180401,2018-04-01,True,552,552,1
DOGE_20180402,2018-04-02,True,556,556,1
DOGE_20180403,2018-04-03,True,539,539,1
DOGE_20180404,2018-04-04,True,547,547,1
DOGE_20180405,2018-04-05,True,683,683,1
DOGE_20180406,2018-04-06,True,536,536,1
DOGE_20180407,2018-04-07,True,533,533,1
DOGE_20180408,2018-04-08,True,621,621,1
DOGE_20180409,2018-04-09,True,496,496,1
DOGE_20180410,2018-04-10,True,670,670,1
DOGE_20180411,2018-04-11,True,686,686,1
DOGE_20180412,2018-04-12,True,567,567,1
DOGE_20180413_Latest392,2018-04-13,False,392,524,1.336384319778753
DOGE_20180414_Latest314,2018-04-14,False,314,423,1.3472018899736493
DOGE_20180415,2018-04-15,True,462,462,1
DOGE_20180416,2018-04-16,True,531,531,1
DOGE_20180417,2018-04-17,True,461,461,1
DOGE_20180418,2018-04-18,True,590,590,1
DOGE_20180419,2018-04-19,True,612,612,1
DOGE_20180420,2018-04-20,True,594,594,1
DOGE_20180421,2018-04-21,True,603,603,1
DOGE_20180422,2018-04-22,True,556,556,1
DOGE_20180423,2018-04-23,True,608,608,1
DOGE_20180424,2018-04-24,True,582,582,1
DOGE_20180425,2018-04-25,True,538,538,1
DOGE_20180426,2018-04-26,True,526,526,1
DOGE_20180427,2018-04-27,True,496,496,1
DOGE_20180428,2018-04-28,True,470,470,1
DOGE_20180429,2018-04-29,True,462,462,1
DOGE_20180430,2018-04-30,True,438,438,1
DOGE_20180501,2018-05-01,True,535,535,1
DOGE_20180502,2018-05-02,True,556,556,1
DOGE_20180503,2018-05-03,True,473,473,1
DOGE_20180504,2018-05-04,True,457,457,1
DOGE_20180505,2018-05-05,True,485,485,1
DOGE_20180506,2018-05-06,True,501,501,1
DOGE_20180507,2018-05-07,True,490,490,1
DOGE_20180508,2018-05-08,True,595,595,1
DOGE_20180509,2018-05-09,True,551,551,1
DOGE_20180510,2018-05-10,True,478,478,1
DOGE_20180511,2018-05-11,True,493,493,1
DOGE_20180512,2018-05-12,True,439,439,1
DOGE_20180513,2018-05-13,True,401,401,1
DOGE_20180514,2018-05-14,True,383,383,1
DOGE_20180515,2018-05-15,True,417,417,1
DOGE_20180516,2018-05-16,True,370,370,1
DOGE_20180517,2018-05-17,True,362,362,1
DOGE_20180518,2018-05-18,True,363,363,1
DOGE_20180519,2018-05-19,True,399,399,1
DOGE_20180520,2018-05-20,True,385,385,1
DOGE_20180521,2018-05-21,True,448,448,1
DOGE_20180522,2018-05-22,True,433,433,1
DOGE_20180523,2018-05-23,True,406,406,1
DOGE_20180524,2018-05-24,True,435,435,1
DOGE_20180525,2018-05-25,True,419,419,1
DOGE_20180526,2018-05-26,True,352,352,1
DOGE_20180527,2018-05-27,True,327,327,1
DOGE_20180528,2018-05-28,True,360,360,1
DOGE_20180529,2018-05-29,True,376,376,1
DOGE_20180530,2018-05-30,True,362,362,1
DOGE_20180531,2018-05-31,True,400,400,1
DOGE_20180601,2018-06-01,True,327,327,1
DOGE_20180602,2018-06-02,True,326,326,1
DOGE_20180603,2018-06-03,True,349,349,1
DOGE_20180604,2018-06-04,True,401,401,1
DOGE_20180605,2018-06-05,True,466,466,1
DOGE_20180606,2018-06-06,True,407,407,1
DOGE_20180607,2018-06-07,True,400,400,1
DOGE_20180608,2018-06-08,True,351,351,1
DOGE_20180609,2018-06-09,True,321,321,1
DOGE_20180610,2018-06-10,True,328,328,1
DOGE_20180611,2018-06-11,True,364,364,1
DOGE_20180612_Latest141,2018-06-12,False,141,357,2.5322548531607767
DOGE_20180613,2018-06-13,True,406,406,1
DOGE_20180614,2018-06-14,True,379,379,1
DOGE_20180615,2018-06-15,True,357,357,1
DOGE_20180616,2018-06-16,True,341,341,1
DOGE_20180617,2018-06-17,True,392,392,1
DOGE_20180618,2018-06-18,True,394,394,1
DOGE_20180619,2018-06-19,True,475,475,1
DOGE_20180620,2018-06-20,True,375,375,1
DOGE_20180621,2018-06-21,True,356,356,1
DOGE_20180622,2018-06-22,True,378,378,1
DOGE_20180623,2018-06-23,True,345,345,1
DOGE_20180624,2018-06-24,True,326,326,1
DOGE_20180625,2018-06-25,True,338,338,1
DOGE_20180626,2018-06-26,True,381,381,1
DOGE_20180627,2018-06-27,True,425,425,1
DOGE_20180628,2018-06-28,True,374,374,1
DOGE_20180629,2018-06-29,True,401,401,1
DOGE_20180630,2018-06-30,True,336,336,1
DOGE_20180701,2018-07-01,True,382,382,1
DOGE_20180702,2018-07-02,True,363,363,1
DOGE_20180703,2018-07-03,True,456,456,1
DOGE_20180704,2018-07-04,True,369,369,1
DOGE_20180705,2018-07-05,True,369,369,1
DOGE_20180706,2018-07-06,True,413,413,1
DOGE_20180707,2018-07-07,True,396,396,1
DOGE_20180708,2018-07-08,True,403,403,1
DOGE_20180709,2018-07-09,True,347,347,1
DOGE_20180710,2018-07-10,True,379,379,1
DOGE_20180711,2018-07-11,True,357,357,1
DOGE_20180712,2018-07-12,True,336,336,1
DOGE_20180713,2018-07-13,True,349,349,1
DOGE_20180714,2018-07-14,True,334,334,1
DOGE_20180715,2018-07-15,True,320,320,1
DOGE_20180716,2018-07-16,True,649,649,1
DOGE_20180717,2018-07-17,True,919,919,1
DOGE_20180718,2018-07-18,True,800,800,1
DOGE_20180719,2018-07-19,True,633,633,1
DOGE_20180720,2018-07-20,True,479,479,1
DOGE_20180721,2018-07-21,True,472,472,1
DOGE_20180722,2018-07-22,True,451,451,1
DOGE_20180723,2018-07-23,True,427,427,1
DOGE_20180724_Latest36,2018-07-24,False,36,275,7.6252786989676435
DOGE_20180725,2018-07-25,True,451,451,1
DOGE_20180726,2018-07-26,True,390,390,1
DOGE_20180727,2018-07-27,True,387,387,1
DOGE_20180728,2018-07-28,True,366,366,1
DOGE_20180729,2018-07-29,True,351,351,1
DOGE_20180730,2018-07-30,True,402,402,1
DOGE_20180731,2018-07-31,True,410,410,1
DOGE_20180801,2018-08-01,True,393,393,1
DOGE_20180802,2018-08-02,True,383,383,1
DOGE_20180803,2018-08-03,True,386,386,1
DOGE_20180804,2018-08-04,True,325,325,1
DOGE_20180805,2018-08-05,True,328,328,1
DOGE_20180806,2018-08-06,True,417,417,1
DOGE_20180807,2018-08-07,True,365,365,1
DOGE_20180808,2018-08-08,True,373,373,1
DOGE_20180809,2018-08-09,True,360,360,1
DOGE_20180810,2018-08-10,True,389,389,1
DOGE_20180811,2018-08-11,True,375,375,1
DOGE_20180812,2018-08-12,True,329,329,1
DOGE_20180813,2018-08-13,True,383,383,1
DOGE_20180814,2018-08-14,True,436,436,1
DOGE_20180815_Latest160,2018-08-15,False,160,290,1.8144286027834142
DOGE_20180816_Latest141,2018-08-16,False,141,313,2.2200706245299133
DOGE_20180817_Latest62,2018-08-17,False,62,275,4.438295997650388
DOGE_20180818_Latest66,2018-08-18,False,66,284,4.302055291367776
DOGE_20180819,2018-08-19,True,381,381,1
DOGE_20180820,2018-08-20,True,396,396,1
DOGE_20180821_Latest30,2018-08-21,False,30,229,7.625278698967643
DOGE_20180822,2018-08-22,True,379,379,1
DOGE_20180823_Latest296,2018-08-23,False,296,358,1.2101412013230677
DOGE_20180824_Latest396,2018-08-24,False,396,412,1.0399000309666278
DOGE_20180825,2018-08-25,True,366,366,1
DOGE_20180826,2018-08-26,True,382,382,1
DOGE_20180827,2018-08-27,True,451,451,1
DOGE_20180828,2018-08-28,True,409,409,1
DOGE_20180829,2018-08-29,True,411,411,1
DOGE_20180830,2018-08-30,True,798,798,1
DOGE_20180831,2018-08-31,True,1474,1474,1
DOGE_20180901,2018-09-01,True,1833,1833,1
DOGE_20180902,2018-09-02,True,1171,1171,1
DOGE_20180903,2018-09-03,True,938,938,1
DOGE_20180904,2018-09-04,True,679,679,1
DOGE_20180905,2018-09-05,True,737,737,1
DOGE_20180906,2018-09-06,True,731,731,1
DOGE_20180907,2018-09-07,True,656,656,1
DOGE_20180908,2018-09-08,True,776,776,1
DOGE_20180909,2018-09-09,True,736,736,1
DOGE_20180910,2018-09-10,True,1111,1111,1
DOGE_20180911,2018-09-11,True,1042,1042,1
DOGE_20180912,2018-09-12,True,763,763,1
DOGE_20180913,2018-09-13,True,621,621,1
DOGE_20180914,2018-09-14,True,735,735,1
DOGE_20180915,2018-09-15,True,465,465,1
DOGE_20180916,2018-09-16,True,501,501,1
DOGE_20180917,2018-09-17,True,929,929,1
DOGE_20180918,2018-09-18,True,709,709,1
DOGE_20180919,2018-09-19,True,579,579,1
DOGE_20180920,2018-09-20,True,420,420,1
DOGE_20180921,2018-09-21,True,431,431,1
DOGE_20180922,2018-09-22,True,329,329,1
DOGE_20180923,2018-09-23,True,371,371,1
DOGE_20180924,2018-09-24,True,414,414,1
DOGE_20180925,2018-09-25,True,387,387,1
DOGE_20180926,2018-09-26,True,446,446,1
DOGE_20180927,2018-09-27,True,349,349,1
DOGE_20180928,2018-09-28,True,336,336,1
DOGE_20180929,2018-09-29,True,295,295,1
DOGE_20180930,2018-09-30,True,242,242,1
DOGE_20181001_Latest142,2018-10-01,False,142,301,2.1215097792784707
DOGE_20181002,2018-10-02,True,283,283,1
DOGE_20181003_Latest206,2018-10-03,False,206,327,1.5853508668936638
DOGE_20181004,2018-10-04,True,392,392,1
DOGE_20181005_Latest71,2018-10-05,False,71,315,4.438295997650388
DOGE_20181006,2018-10-06,True,298,298,1
DOGE_20181007_Latest84,2018-10-07,False,84,230,2.735830030391731
DOGE_20181008_Latest125,2018-10-08,False,125,265,2.1215097792784703
DOGE_20181009_Latest10,2018-10-09,False,10,254,25.444451391059708
DOGE_20181010,2018-10-10,True,421,421,1
DOGE_20181011_Latest253,2018-10-11,False,253,457,1.8055415878282053
DOGE_20181012,2018-10-12,True,411,411,1
DOGE_20181013,2018-10-13,True,299,299,1
DOGE_20181014,2018-10-14,True,381,381,1
DOGE_20181015,2018-10-15,True,497,497,1
DOGE_20181016,2018-10-16,True,356,356,1
DOGE_20181017,2018-10-17,True,458,458,1
DOGE_20181018,2018-10-18,True,360,360,1
DOGE_20181019,2018-10-19,True,448,448,1
DOGE_20181020,2018-10-20,True,370,370,1
DOGE_20181021,2018-10-21,True,334,334,1
DOGE_20181022,2018-10-22,True,339,339,1
DOGE_20181023,2018-10-23,True,365,365,1
DOGE_20181024,2018-10-24,True,434,434,1
DOGE_20181025,2018-10-25,True,390,390,1
DOGE_20181026,2018-10-26,True,474,474,1
DOGE_20181027,2018-10-27,True,497,497,1
DOGE_20181028,2018-10-28,True,281,281,1
DOGE_20181029,2018-10-29,True,373,373,1
DOGE_20181030,2018-10-30,True,387,387,1
DOGE_20181031,2018-10-31,True,319,319,1
DOGE_20181101,2018-11-01,True,356,356,1
DOGE_20181102,2018-11-02,True,322,322,1
DOGE_20181103,2018-11-03,True,293,293,1
DOGE_20181104,2018-11-04,True,234,234,1
DOGE_20181105,2018-11-05,True,299,299,1
DOGE_20181106,2018-11-06,True,366,366,1
DOGE_20181107,2018-11-07,True,314,314,1
DOGE_20181108,2018-11-08,True,324,324,1
DOGE_20181109,2018-11-09,True,321,321,1
DOGE_20181110,2018-11-10,True,330,330,1
DOGE_20181111,2018-11-11,True,228,228,1
DOGE_20181112,2018-11-12,True,245,245,1
DOGE_20181113,2018-11-13,True,210,210,1
DOGE_20181114,2018-11-14,True,293,293,1
DOGE_20181115,2018-11-15,True,347,347,1
DOGE_20181116,2018-11-16,True,281,281,1
DOGE_20181117,2018-11-17,True,217,217,1
DOGE_20181118,2018-11-18,True,216,216,1
DOGE_20181119,2018-11-19,True,285,285,1
DOGE_20181120,2018-11-20,True,231,231,1
DOGE_20181121,2018-11-21,True,227,227,1
DOGE_20181122,2018-11-22,True,252,252,1
DOGE_20181123,2018-11-23,True,248,248,1
DOGE_20181124,2018-11-24,True,183,183,1
DOGE_20181125,2018-11-25,True,193,193,1
DOGE_20181126,2018-11-26,True,210,210,1
DOGE_20181127,2018-11-27,True,283,283,1
DOGE_20181128,2018-11-28,True,244,244,1
DOGE_20181129,2018-11-29,True,228,228,1
DOGE_20181130,2018-11-30,True,246,246,1
DOGE_20181201,2018-12-01,True,233,233,1
DOGE_20181202,2018-12-02,True,289,289,1
DOGE_20181203,2018-12-03,True,302,302,1
DOGE_20181204,2018-12-04,True,349,349,1
DOGE_20181205_Latest82,2018-12-05,False,82,290,3.5411264872236456
DOGE_20181206,2018-12-06,True,324,324,1
DOGE_20181207,2018-12-07,True,333,333,1
DOGE_20181208,2018-12-08,True,208,208,1
DOGE_20181209,2018-12-09,True,193,193,1
DOGE_20181210,2018-12-10,True,229,229,1
DOGE_20181211,2018-12-11,True,269,269,1
DOGE_20181212,2018-12-12,True,308,308,1
DOGE_20181213,2018-12-13,True,306,306,1
DOGE_20181214,2018-12-14,True,320,320,1
DOGE_20181215,2018-12-15,True,255,255,1
DOGE_20181216,2018-12-16,True,243,243,1
DOGE_20181217,2018-12-17,True,378,378,1
DOGE_20181218,2018-12-18,True,472,472,1
DOGE_20181219,2018-12-19,True,421,421,1
DOGE_20181220,2018-12-20,True,361,361,1
DOGE_20181221,2018-12-21,True,311,311,1
DOGE_20181222,2018-12-22,True,230,230,1
DOGE_20181223,2018-12-23,True,222,222,1
DOGE_20181224,2018-12-24,True,227,227,1
DOGE_20181225,2018-12-25,True,255,255,1
DOGE_20181226,2018-12-26,True,257,257,1
DOGE_20181227,2018-12-27,True,285,285,1
DOGE_20181228,2018-12-28,True,281,281,1
DOGE_20181229,2018-12-29,True,210,210,1
DOGE_20181230_Latest82,2018-12-30,False,82,179,2.1828736813874485
DOGE_20181231,2018-12-31,True,221,221,1
DOGE_20190301,2019-03-01,True,212,212,1
DOGE_20190302,2019-03-02,True,187,187,1
DOGE_20190303,2019-03-03,True,197,197,1
DOGE_20190304,2019-03-04,True,249,249,1
DOGE_20190305,2019-03-05,True,221,221,1
DOGE_20190306,2019-03-06,True,269,269,1
DOGE_20190307,2019-03-07,True,240,240,1
DOGE_20190308_Latest107,2019-03-08,False,107,281,2.623705726371614
DOGE_20190309,2019-03-09,True,185,185,1
DOGE_20190310,2019-03-10,True,164,164,1
DOGE_20190311,2019-03-11,True,283,283,1
DOGE_20190312,2019-03-12,True,262,262,1
DOGE_20190313,2019-03-13,True,268,268,1
DOGE_20190314,2019-03-14,True,323,323,1
DOGE_20190315,2019-03-15,True,363,363,1
DOGE_20190316,2019-03-16,True,210,210,1
DOGE_20190317_Latest131,2019-03-17,False,131,227,1.729148132903129
DOGE_20190318,2019-03-18,True,273,273,1
DOGE_20190319_Latest46,2019-03-19,False,46,201,4.369406510349566
DOGE_20190320_Latest436,2019-03-20,False,436,513,1.176997193149658
DOGE_20190321,2019-03-21,True,280,280,1
DOGE_20190322,2019-03-22,True,276,276,1
DOGE_20190323,2019-03-23,True,254,254,1
DOGE_20190324,2019-03-24,True,209,209,1
DOGE_20190325,2019-03-25,True,252,252,1
DOGE_20190326,2019-03-26,True,235,235,1
DOGE_20190327,2019-03-27,True,339,339,1
DOGE_20190328,2019-03-28,True,361,361,1
DOGE_20190329,2019-03-29,True,303,303,1
DOGE_20190330,2019-03-30,True,238,238,1
DOGE_20190331,2019-03-31,True,227,227,1
DOGE_20190401,2019-04-01,True,767,767,1
DOGE_20190402_Latest1349,2019-04-02,False,1349,2150,1.5937219766062178
DOGE_20190403,2019-04-03,True,1435,1435,1
DOGE_20190404,2019-04-04,True,1041,1041,1
DOGE_20190405,2019-04-05,True,585,585,1
DOGE_20190406,2019-04-06,True,332,332,1
DOGE_20190407,2019-04-07,True,378,378,1
DOGE_20190408,2019-04-08,True,366,366,1
DOGE_20190409,2019-04-09,True,427,427,1
DOGE_20190410,2019-04-10,True,399,399,1
DOGE_20190411,2019-04-11,True,311,311,1
DOGE_20190412,2019-04-12,True,334,334,1
DOGE_20190413,2019-04-13,True,272,272,1
DOGE_20190414,2019-04-14,True,269,269,1
DOGE_20190415,2019-04-15,True,304,304,1
DOGE_20190416,2019-04-16,True,330,330,1
DOGE_20190417,2019-04-17,True,350,350,1
DOGE_20190418,2019-04-18,True,400,400,1
DOGE_20190419,2019-04-19,True,313,313,1
DOGE_20190420,2019-04-20,True,316,316,1
DOGE_20190421,2019-04-21,True,246,246,1
DOGE_20190422,2019-04-22,True,325,325,1
DOGE_20190423,2019-04-23,True,333,333,1
DOGE_20190424,2019-04-24,True,319,319,1
DOGE_20190425,2019-04-25,True,300,300,1
DOGE_20190426,2019-04-26,True,263,263,1
DOGE_20190427,2019-04-27,True,251,251,1
DOGE_20190428,2019-04-28,True,253,253,1
DOGE_20190429,2019-04-29,True,278,278,1
DOGE_20190430,2019-04-30,True,453,453,1
DOGE_20200101,2020-01-01,True,137,137,1
DOGE_20200102_Latest32,2020-01-02,False,32,237,7.413434932527352
DOGE_20200103,2020-01-03,True,182,182,1
DOGE_20200104,2020-01-04,True,256,256,1
DOGE_20200105,2020-01-05,True,248,248,1
DOGE_20200106,2020-01-06,True,295,295,1
DOGE_20200107,2020-01-07,True,204,204,1
DOGE_20200108,2020-01-08,True,237,237,1
DOGE_20200109,2020-01-09,True,241,241,1
DOGE_20200110,2020-01-10,True,304,304,1
DOGE_20200111,2020-01-11,True,169,169,1
DOGE_20200112,2020-01-12,True,177,177,1
DOGE_20200113,2020-01-13,True,203,203,1
DOGE_20200114,2020-01-14,True,213,213,1
DOGE_20200115,2020-01-15,True,196,196,1
DOGE_20200116,2020-01-16,True,166,166,1
DOGE_20200117,2020-01-17,True,259,259,1
DOGE_20200118,2020-01-18,True,277,277,1
DOGE_20200119,2020-01-19,True,216,216,1
DOGE_20200120,2020-01-20,True,206,206,1
DOGE_20200121,2020-01-21,True,188,188,1
DOGE_20200122,2020-01-22,True,164,164,1
DOGE_20200123,2020-01-23,True,196,196,1
DOGE_20200124,2020-01-24,True,187,187,1
DOGE_20200125,2020-01-25,True,223,223,1
DOGE_20200126,2020-01-26,True,204,204,1
DOGE_20200127,2020-01-27,True,170,170,1
DOGE_20200128,2020-01-28,True,216,216,1
DOGE_20200129,2020-01-29,True,221,221,1
DOGE_20200130,2020-01-30,True,168,168,1
DOGE_20200131,2020-01-31,True,191,191,1
DOGE_20200201,2020-02-01,True,203,203,1
DOGE_20200202,2020-02-02,True,200,200,1
DOGE_20200203,2020-02-03,True,198,198,1
DOGE_20200204,2020-02-04,True,253,253,1
DOGE_20200205_Latest133,2020-02-05,False,133,266,2.0001728232906544
DOGE_20200206,2020-02-06,True,252,252,1
DOGE_20200207_Latest7,2020-02-07,False,7,182,26.056509130809623
DOGE_20200208,2020-02-08,True,624,624,1
DOGE_20200209,2020-02-09,True,459,459,1
DOGE_20200210,2020-02-10,True,374,374,1
DOGE_20200211,2020-02-11,True,278,278,1
DOGE_20200212,2020-02-12,True,301,301,1
DOGE_20200213,2020-02-13,True,259,259,1
DOGE_20200214,2020-02-14,True,232,232,1
DOGE_20200215,2020-02-15,True,239,239,1
DOGE_20200216,2020-02-16,True,210,210,1
DOGE_20200217,2020-02-17,True,234,234,1
DOGE_20200218,2020-02-18,True,292,292,1
DOGE_20200219,2020-02-19,True,213,213,1
DOGE_20200220,2020-02-20,True,186,186,1
DOGE_20200221,2020-02-21,True,214,214,1
DOGE_20200222_Latest137,2020-02-22,False,137,203,1.4837353851970045
DOGE_20200223,2020-02-23,True,185,185,1
DOGE_20200224,2020-02-24,True,221,221,1
DOGE_20200225,2020-02-25,True,197,197,1
DOGE_20200226,2020-02-26,True,206,206,1
DOGE_20200227,2020-02-27,True,235,235,1
DOGE_20200228,2020-02-28,True,160,160,1
DOGE_20200229,2020-02-29,True,171,171,1
DOGE_20200301,2020-03-01,True,191,191,1
DOGE_20200302,2020-03-02,True,172,172,1
DOGE_20200303,2020-03-03,True,525,525,1
DOGE_20200304,2020-03-04,True,348,348,1
DOGE_20200305,2020-03-05,True,236,236,1
DOGE_20200306,2020-03-06,True,212,212,1
DOGE_20200307,2020-03-07,True,169,169,1
DOGE_20200308,2020-03-08,True,200,200,1
DOGE_20200309,2020-03-09,True,202,202,1
DOGE_20200310,2020-03-10,True,210,210,1
DOGE_20200311,2020-03-11,True,166,166,1
DOGE_20200312,2020-03-12,True,293,293,1
DOGE_20200313,2020-03-13,True,212,212,1
DOGE_20200314,2020-03-14,True,155,155,1
DOGE_20200315,2020-03-15,True,156,156,1
DOGE_20200316,2020-03-16,True,160,160,1
DOGE_20200317,2020-03-17,True,170,170,1
DOGE_20200318,2020-03-18,True,129,129,1
DOGE_20200319,2020-03-19,True,207,207,1
DOGE_20200320,2020-03-20,True,160,160,1
DOGE_20200321,2020-03-21,True,111,111,1
DOGE_20200322,2020-03-22,True,155,155,1
DOGE_20200323,2020-03-23,True,170,170,1
DOGE_20200324,2020-03-24,True,161,161,1
DOGE_20200325,2020-03-25,True,174,174,1
DOGE_20200326,2020-03-26,True,166,166,1
DOGE_20200327,2020-03-27,True,154,154,1
DOGE_20200328,2020-03-28,True,126,126,1
DOGE_20200329,2020-03-29,True,162,162,1
DOGE_20200330,2020-03-30,True,203,203,1
DOGE_20200331_Latest4,2020-03-31,False,4,102,25.444451391059705
DOGE_20200401,2020-04-01,True,246,246,1
DOGE_20200402,2020-04-02,True,185,185,1
DOGE_20200403,2020-04-03,True,138,138,1
DOGE_20200404,2020-04-04,True,158,158,1
DOGE_20200405,2020-04-05,True,125,125,1
DOGE_20200406,2020-04-06,True,156,156,1
DOGE_20200407,2020-04-07,True,263,263,1
DOGE_20200408,2020-04-08,True,130,130,1
DOGE_20200409,2020-04-09,True,143,143,1
DOGE_20200410,2020-04-10,True,164,164,1
DOGE_20200411,2020-04-11,True,207,207,1
DOGE_20200412,2020-04-12,True,146,146,1
DOGE_20200413,2020-04-13,True,148,148,1
DOGE_20200414,2020-04-14,True,204,204,1
DOGE_20200415,2020-04-15,True,166,166,1
DOGE_20200416,2020-04-16,True,161,161,1
DOGE_20200417,2020-04-17,True,186,186,1
DOGE_20200418,2020-04-18,True,159,159,1
DOGE_20200419,2020-04-19,True,149,149,1
DOGE_20200420,2020-04-20,True,232,232,1
DOGE_20200421,2020-04-21,True,177,177,1
DOGE_20200422,2020-04-22,True,170,170,1
DOGE_20200423,2020-04-23,True,184,184,1
DOGE_20200424,2020-04-24,True,135,135,1
DOGE_20200425,2020-04-25,True,211,211,1
DOGE_20200426,2020-04-26,True,385,385,1
DOGE_20200427,2020-04-27,True,298,298,1
DOGE_20200428,2020-04-28,True,193,193,1
DOGE_20200429,2020-04-29,True,220,220,1
DOGE_20200430,2020-04-30,True,219,219,1
DOGE_20210301,2021-03-01,True,6358,6358,1
DOGE_20210302_Latest1165,2021-03-02,False,1165,6502,5.581010106550746
DOGE_20210303_Latest3643,2021-03-03,False,3643,4841,1.3289142594688583
DOGE_20210304,2021-03-04,True,5101,5101,1
DOGE_20210305_Latest4730,2021-03-05,False,4730,4919,1.039900030966628
DOGE_20210306_Latest156,2021-03-06,False,156,3475,22.27696160267112
DOGE_20210309_Latest125,2021-03-09,False,125,3181,25.444451391059705
DOGE_20210310_Latest228,2021-03-10,False,228,5534,24.27331016299137
DOGE_20210311_Latest54,2021-03-11,False,54,1379,25.53878867869189
DOGE_20210312_Latest82,2021-03-12,False,82,2137,26.056509130809623
DOGE_20210313_Latest1236,2021-03-13,False,1236,13880,11.229403349322562
DOGE_20210315_Latest4405,2021-03-15,False,4405,5765,1.308716871387025
DOGE_20210316_Latest4044,2021-03-16,False,4044,6445,1.593721976606218
DOGE_20210317_Latest4338,2021-03-17,False,4338,6560,1.5121660768415237
DOGE_20210318,2021-03-18,True,6003,6003,1
DOGE_20210319,2021-03-19,True,6033,6033,1
DOGE_20210320,2021-03-20,True,5482,5482,1
DOGE_20210321,2021-03-21,True,4258,4258,1
DOGE_20210322,2021-03-22,True,4832,4832,1
DOGE_20210323,2021-03-23,True,4893,4893,1
DOGE_20210324,2021-03-24,True,6150,6150,1
DOGE_20210325,2021-03-25,True,5015,5015,1
DOGE_20210326,2021-03-26,True,4246,4246,1
DOGE_20210327,2021-03-27,True,4170,4170,1
DOGE_20210328,2021-03-28,True,4026,4026,1
DOGE_20210329,2021-03-29,True,3797,3797,1
DOGE_20210330,2021-03-30,True,4115,4115,1
DOGE_20210331,2021-03-31,True,3598,3598,1
DOGE_20210401,2021-04-01,True,10170,10170,1
DOGE_20210402,2021-04-02,True,5077,5077,1
DOGE_20210403_Latest898,2021-04-03,False,898,3204,3.5678400021390093
DOGE_20210404,2021-04-04,True,3517,3517,1
DOGE_20210405,2021-04-05,True,3906,3906,1
DOGE_20210406,2021-04-06,True,5449,5449,1
DOGE_20210407,2021-04-07,True,5477,5477,1
DOGE_20210408,2021-04-08,True,3821,3821,1
DOGE_20210409,2021-04-09,True,4445,4445,1
DOGE_20210410,2021-04-10,True,5052,5052,1
DOGE_20210411,2021-04-11,True,11622,11622,1
DOGE_20210412,2021-04-12,True,4985,4985,1
DOGE_20210413,2021-04-13,True,16228,16228,1
DOGE_20210414_Latest23795,2021-04-14,False,23795,26859,1.1287678027548116
DOGE_20210415_Latest25940,2021-04-15,False,25940,29126,1.122824776433117
DOGE_20210416_Latest11037,2021-04-16,False,11037,48985,4.438295997650388
DOGE_20210417_Latest463,2021-04-17,False,463,10314,22.27696160267112
DOGE_20210418_Latest21553,2021-04-18,False,21553,22438,1.0410635485727688
DOGE_20210419_Latest5173,2021-04-19,False,5173,34835,6.733987793220091
DOGE_20210420_Latest37310,2021-04-20,False,37310,40553,1.0869137912616174
DOGE_20210421_Latest3160,2021-04-21,False,3160,17297,5.473885488033945
DOGE_20210422_Latest4137,2021-04-22,False,4137,17588,4.251321298228912
DOGE_20210423_Latest5088,2021-04-23,False,5088,13349,2.623705726371614
DOGE_20210424_Latest6266,2021-04-24,False,6266,12880,2.055611612197583
DOGE_20210425,2021-04-25,True,12409,12409,1
DOGE_20210426_Latest8792,2021-04-26,False,8792,10641,1.210307547942852
DOGE_20210427,2021-04-27,True,12276,12276,1
DOGE_20210428_Latest654,2021-04-28,False,654,15875,24.27331016299137
DOGE_20210429_Latest11097,2021-04-29,False,11097,11992,1.080674036680453
DOGE_20210430,2021-04-30,True,12678,12678,1
DOGE_20210501,2021-05-01,False,10282,16012,1.5573204178094184
DOGE_20210502,2021-05-02,True,14634,14634,1
DOGE_20210503,2021-05-03,True,26238,26238,1
DOGE_20210504_Latest50001_max,2021-05-04,False,50001,75953,1.5190391233269385
DOGE_20210505_Latest24076_keyboard,2021-05-05,False,24076,40585,1.6857110754146933
DOGE_20210506_Latest15060_http,2021-05-06,False,15060,27191,1.8055415878282053
DOGE_20210507_Latest23920,2021-05-07,False,23920,31966,1.336384319778753
DOGE_20210508_Latest31173,2021-05-08,False,31173,38631,1.239258333991168
DOGE_20210509,2021-05-09,True,86124,86124,1
DOGE_20210510_Latest23093_twice,2021-05-10,False,23093,37392,1.6192075960446108
DOGE_20210511,2021-05-11,True,42077,42077,1
DOGE_20210512,2021-05-12,True,41564,41564,1
DOGE_20210513_Latest19119,2021-05-13,False,19119,48191,2.520592556140135
DOGE_20210514_Latest14932,2021-05-14,False,14932,34547,2.313631745236405
DOGE_20210515,2021-05-15,True,25018,25018,1
DOGE_20210516,2021-05-16,True,42234,42234,1
DOGE_20210517,2021-05-17,True,37518,37518,1
DOGE_20210518,2021-05-18,True,22903,22903,1
DOGE_20210519,2021-05-19,True,31045,31045,1
DOGE_20210520,2021-05-20,True,26001,26001,1
DOGE_20210521,2021-05-21,True,19089,19089,1
DOGE_20210522_Latest3876,2021-05-22,False,3876,13829,3.567840002139009
DOGE_20210523,2021-05-23,True,17019,17019,1
DOGE_20210524_Latest20257,2021-05-24,False,20257,26511,1.3087168713870252
DOGE_20210525,2021-05-25,True,35883,35883,1
DOGE_20210526,2021-05-26,True,18900,18900,1
DOGE_20210527_Latest21730_keyboard,2021-05-27,False,21730,24399,1.122824776433117
DOGE_20210528,2021-05-28,True,13175,13175,1
DOGE_20210529,2021-05-29,True,11339,11339,1
DOGE_20210530,2021-05-30,True,10699,10699,1
DOGE_20210531,2021-05-31,True,11127,11127,1
DOGE_20210601,2021-06-01,True,16006,16006,1
DOGE_20210602,2021-06-02,True,23250,23250,1
DOGE_20210603,2021-06-03,True,18073,18073,1
DOGE_20210604,2021-06-04,True,17889,17889,1
DOGE_20210605,2021-06-05,True,15913,15913,1
DOGE_20210606_Latest2533,2021-06-06,False,2533,15481,6.111855073370671
DOGE_20210607,2021-06-07,True,12743,12743,1
DOGE_20210608,2021-06-08,True,11962,11962,1
DOGE_20210609,2021-06-09,True,12283,12283,1
DOGE_20210610,2021-06-10,True,10219,10219,1
DOGE_20210611,2021-06-11,True,12604,12604,1
DOGE_20210612_Latest1484,2021-06-12,False,1484,8168,5.50377397401526
DOGE_20210613_Latest6340,2021-06-13,False,6340,10963,1.7291481329031289
DOGE_20210614_Latest7141,2021-06-14,False,7141,10997,1.5399575389401554
DOGE_20210615_Latest97,2021-06-15,False,194,4936,25.444451391059708
DOGE_20210616_Latest2052,2021-06-16,False,2052,8863,4.319258287749379
DOGE_20210617_Latest208,2021-06-17,False,208,5312,25.538788678691887
DOGE_20210618_Latest6801,2021-06-18,False,6801,10121,1.4882002202386817
DOGE_20210619,2021-06-19,True,9632,9632,1
DOGE_20210620_Latest778,2021-06-20,False,778,6476,8.323894748055821
DOGE_20210621_Latest9673,2021-06-21,False,9673,20521,2.1215097792784703
DOGE_20210622_Latest9521,2021-06-22,False,9521,14463,1.5190391233269387
DOGE_20210623,2021-06-23,True,12399,12399,1
DOGE_20210624_Latest7345,2021-06-24,False,7345,9989,1.3599812576872767
DOGE_20210625_Latest2619,2021-06-25,False,2619,7991,3.0511655653450807
DOGE_20210626,2021-06-26,True,8767,8767,1
DOGE_20210627_Latest5180,2021-06-27,False,5180,8482,1.637420577042365
DOGE_20210628_Latest5753,2021-06-28,False,5753,7839,1.3626292686556059
DOGE_20210629_Latest5750,2021-06-29,False,5750,9722,1.6908210151972152
DOGE_20210630_Latest2462,2021-06-30,False,2462,7407,3.008608268096674
DOGE_20210701,2021-07-01,True,10954,10954,1
DOGE_20210702,2021-07-02,True,10364,10364,1
DOGE_20210703_Latest6731,2021-07-03,False,6731,7645,1.1357670570611467
DOGE_20210704,2021-07-04,True,7542,7542,1
DOGE_20210705_Latest3208,2021-07-05,False,3208,6806,2.1215097792784707
DOGE_20210706_Latest5198,2021-07-06,False,5198,8789,1.6908210151972152
DOGE_20210707_Latest4815,2021-07-07,False,4815,8117,1.6857110754146933
DOGE_20210708_Latest4637,2021-07-08,False,4637,9217,1.9878094020557366
DOGE_20210709_Latest1640,2021-07-09,False,1640,9327,5.686977197694111
DOGE_20210710_Latest5147,2021-07-10,False,5147,8016,1.5573204178094182
DOGE_20210711_Latest1975,2021-07-11,False,1975,6224,3.1515762640766676
DOGE_20210712_Latest2364,2021-07-12,False,2364,6574,2.7808929479733684
DOGE_20210713_Latest3383,2021-07-13,False,3383,6726,1.98818764930313
DOGE_20210714_Latest2830,2021-07-14,False,2830,8514,3.008608268096674
DOGE_20210715_Latest5216,2021-07-15,False,5216,8709,1.6696771843031226
DOGE_20210716_Latest6453,2021-07-16,False,6453,8197,1.270230926763663
DOGE_20210717_Latest6231,2021-07-17,False,6231,10223,1.6406905116130381
DOGE_20210718_Latest1425,2021-07-18,False,1425,5355,3.758147677863712
DOGE_20210719_Latest3198,2021-07-19,False,3198,6785,2.1215097792784703
DOGE_20210720,2021-07-20,True,8528,8528,1
DOGE_20210721_Latest5948,2021-07-21,False,5948,11897,2.000172823290654
DOGE_20210722_Latest1544,2021-07-22,False,1544,5342,3.4595931503039457
DOGE_20210723_Latest1628,2021-07-23,False,1628,5885,3.6149379668794244
DOGE_20210724_Latest568,2021-07-24,False,568,4197,7.389671881489686
DOGE_20210725_Latest1081,2021-07-25,False,1081,6607,6.111855073370671
DOGE_20210726,2021-07-26,True,9425,9425,1
DOGE_20210727_Latest4315,2021-07-27,False,4315,6555,1.5190391233269387
DOGE_20210728_Latest1981,2021-07-28,False,1981,5960,3.0086082680966744
DOGE_20210729_Latest2158,2021-07-29,False,2158,5439,2.520592556140135
DOGE_20210730_Latest764,2021-07-30,False,764,5963,7.804657604995656
DOGE_20210731_Latest220,2021-07-31,False,220,4901,22.27696160267112
DOGE_20210801_Latest126,2021-08-01,False,126,3412,27.076166054473628
DOGE_20210802_Latest283,2021-08-02,False,283,3011,10.640890076690681
DOGE_20210803_Latest5693,2021-08-03,False,5693,5910,1.038179466706801
DOGE_20210804_Latest1050,2021-08-04,False,1050,4535,4.319258287749379
DOGE_20210805_Latest511,2021-08-05,False,511,3788,7.413434932527352
DOGE_20210806_Latest2450,2021-08-06,False,2450,5668,2.313631745236405
DOGE_20210807_Latest2381,2021-08-07,False,2381,8495,3.567840002139009
DOGE_20210808_Latest2337,2021-08-08,False,2337,5672,2.4268525248007555
DOGE_20210809_Latest2559,2021-08-09,False,2559,6126,2.393770871045529
DOGE_20210810_Latest1621,2021-08-10,False,1621,5761,3.5537625958331156
DOGE_20210811_Latest4304,2021-08-11,False,4304,7255,1.6857110754146933
DOGE_20210812_Latest642,2021-08-12,False,642,4759,7.413434932527352
DOGE_20210813_Latest3429,2021-08-13,False,3429,5974,1.7421161847469528
DOGE_20210814_Latest3923,2021-08-14,False,3923,6436,1.6406905116130381
DOGE_20210815,2021-08-15,True,9658,9658,1
DOGE_20210816_Latest6685,2021-08-16,False,6685,7771,1.162402221340738
DOGE_20210817_Latest4884,2021-08-17,False,4884,7076,1.4488985090355013
DOGE_20210818,2021-08-18,True,8042,8042,1
DOGE_20210819_Latest1232,2021-08-19,False,1232,6694,5.433327093473107
DOGE_20210820_Latest47,2021-08-20,False,47,1225,26.056509130809623
DOGE_20210821_Latest6,2021-08-21,False,6,134,22.27696160267112
DOGE_20210822_Latest814,2021-08-22,False,814,4975,6.111855073370671
DOGE_20210823_Latest3104,2021-08-23,False,3104,5370,1.7301246929907426
DOGE_20210824_Latest1790,2021-08-24,False,1790,5317,2.970317551836634
DOGE_20210825_Latest646,2021-08-25,False,646,4763,7.373275328552185
DOGE_20210826_Latest2200,2021-08-26,False,2200,4884,2.2200706245299133
DOGE_20210827_Latest547,2021-08-27,False,547,4269,7.804657604995656
DOGE_20210828_Latest2259,2021-08-28,False,2259,4644,2.055611612197583
DOGE_20210829_Latest1643,2021-08-29,False,1643,4495,2.7358300303917313
DOGE_20210830_Latest2576,2021-08-30,False,2576,4871,1.8910301747502647
DOGE_20210831_Latest1692,2021-08-31,False,1692,5026,2.970317551836634
DOGE_20210901_Latest283,2021-09-01,False,283,3117,11.014302417271663
DOGE_20210902_Latest2569,2021-09-02,False,2569,7508,2.9226005672378204
DOGE_20210903_Latest527,2021-09-03,False,527,4113,7.804657604995657
DOGE_20210904_Latest3633,2021-09-04,False,3633,5134,1.4130772041109163
DOGE_20210905_Latest2211,2021-09-05,False,2211,6968,3.1515762640766676
DOGE_20210906_Latest711,2021-09-06,False,711,4788,6.73398779322009
DOGE_20210907_Latest5850,2021-09-07,False,5850,6358,1.0869137912616174
DOGE_20210908,2021-09-08,True,6096,6096,1
DOGE_20210909_Latest3015,2021-09-09,False,3015,4460,1.4792299296268137
DOGE_20210910_Latest1026,2021-09-10,False,1026,3709,3.6149379668794244
DOGE_20210911_Latest135,2021-09-11,False,135,3007,22.27696160267112
DOGE_20210912_Latest1539,2021-09-12,False,1539,5784,3.758147677863712
DOGE_20210913_Latest846,2021-09-13,False,846,4194,4.957463221859817
DOGE_20210914_Latest263,2021-09-14,False,263,3120,11.864730919479914
DOGE_20210915_Latest804,2021-09-15,False,804,4401,5.473885488033945
DOGE_20210916_Latest516,2021-09-16,False,516,3825,7.413434932527352
DOGE_20210917_Latest822,2021-09-17,False,822,4675,5.68697719769411
DOGE_20210918_Latest1704,2021-09-18,False,1704,3899,2.2880683133428783
DOGE_20210919_Latest781,2021-09-19,False,781,3639,4.659574214324051
DOGE_20210920,2021-09-20,True,5371,5371,1
DOGE_20210921_Latest3177,2021-09-21,False,3177,8045,2.5322548531607767
DOGE_20210922_Latest2921,2021-09-22,False,2921,8788,3.0086082680966744
DOGE_20210923,2021-09-23,True,6739,6739,1
DOGE_20210924_Latest5973,2021-09-24,False,5973,6462,1.0819461394516312
DOGE_20210925_Latest2694,2021-09-25,False,2694,4195,1.5573204178094182
DOGE_20210926_Latest1154,2021-09-26,False,1154,4337,3.758147677863712
DOGE_20210927_Latest403,2021-09-27,False,403,2714,6.73398779322009
DOGE_20210928_Latest3457,2021-09-28,False,3457,4586,1.326601192358216
DOGE_20210929_Latest712,2021-09-29,False,712,3897,5.473885488033945
DOGE_20210930_Latest117,2021-09-30,False,117,2988,25.53878867869189
DOGE_20211001_Latest1014,2021-10-01,False,1014,4500,4.438295997650388
DOGE_20211002_Latest769,2021-10-02,False,769,4232,5.50377397401526
DOGE_20211003_Latest895,2021-10-03,False,895,4170,4.65957421432405
DOGE_20211004_Latest5614,2021-10-04,False,5614,7954,1.4167604593326604
DOGE_20211005_Latest6569,2021-10-05,False,6569,8714,1.326601192358216
DOGE_20211006_Latest1020,2021-10-06,False,1020,7521,7.373275328552185
DOGE_20211007_Latest1758,2021-10-07,False,1758,6082,3.4595931503039457
DOGE_20211008_Latest4944,2021-10-08,False,4944,6607,1.336384319778753
DOGE_20211009_Latest2615,2021-10-09,False,2615,5375,2.0556116121975827
DOGE_20211010_Latest4521,2021-10-10,False,4521,5853,1.2945148741873704
DOGE_20211011,2021-10-11,True,7100,7100,1
DOGE_20211012_Latest5384,2021-10-12,False,5384,6860,1.2742380883798694
DOGE_20211013_Latest1038,2021-10-13,False,1038,5682,5.473885488033945
DOGE_20211014_Latest840,2021-10-14,False,840,4564,5.433327093473107
DOGE_20211015_Latest3550,2021-10-15,False,3550,6185,1.7421161847469528
DOGE_20211016_Latest929,2021-10-16,False,929,3997,4.302055291367776
DOGE_20211017_Latest1603,2021-10-17,False,1603,7469,4.659574214324051
DOGE_20211018_Latest390,2021-10-18,False,390,4150,10.640890076690681
DOGE_20211019_Latest309,2021-10-19,False,309,3666,11.864730919479914
DOGE_20211020_Latest4135,2021-10-20,False,4135,7503,1.8144286027834142
DOGE_20211021_Latest1827,2021-10-21,False,1827,4605,2.5205925561401354
DOGE_20211022_Latest877,2021-10-22,False,877,6845,7.804657604995656
DOGE_20211023_Latest1085,2021-10-23,False,1085,5972,5.50377397401526
DOGE_20211024_Latest11524,2021-10-24,False,11524,16487,1.4306555978306645
DOGE_20211025_Latest1284,2021-10-25,False,1284,6365,4.9574632218598165
DOGE_20211026_Latest963,2021-10-26,False,963,7343,7.625278698967643
DOGE_20211027_Latest12400,2021-10-27,False,12400,18751,1.5121660768415237
DOGE_20211028_Latest14419,2021-10-28,False,14419,20425,1.4165595666108117
DOGE_20211029_Latest2950,2021-10-29,False,2950,10664,3.6149379668794244
DOGE_20211030_Latest96,2021-10-30,False,96,2139,22.27696160267112
DOGE_20211031_Latest1099,2021-10-31,False,1099,9148,8.323894748055821
DOGE_20211101_Latest6694,2021-11-01,False,6694,10308,1.5399575389401554
DOGE_20211102_Latest3780,2021-11-02,False,3780,9572,2.5322548531607767
DOGE_20211103_Latest1854,2021-11-03,False,1854,8008,4.319258287749379
DOGE_20211104_Latest53,2021-11-04,False,53,1354,25.53878867869189
DOGE_20211105_Latest1439,2021-11-05,False,1439,8184,5.68697719769411
DOGE_20211106_Latest2906,2021-11-06,False,2906,7568,2.6042467651593513
DOGE_20211107_Latest938,2021-11-07,False,938,7808,8.323894748055823
DOGE_20211108_Latest1262,2021-11-08,False,1262,6256,4.957463221859817
DOGE_20211109_Latest3401,2021-11-09,False,3401,8612,2.5322548531607767
DOGE_20211110_Latest1016,2021-11-10,False,1016,5561,5.473885488033945
DOGE_20211111_Latest1685,2021-11-11,False,1685,5829,3.4595931503039457
DOGE_20211112_Latest330,2021-11-12,False,330,4031,12.214975934158797
DOGE_20211113_Latest1805,2021-11-13,False,1805,5463,3.0265482711303147
DOGE_20211114_Latest512,2021-11-14,False,512,4262,8.323894748055823
DOGE_20211115_Latest1620,2021-11-15,False,1620,5288,3.2642582162971414
DOGE_20211116_Latest318,2021-11-16,False,318,3773,11.864730919479914
DOGE_20211117_Latest1902,2021-11-17,False,1902,5722,3.0086082680966744
DOGE_20211118_Latest13,2021-11-18,False,13,332,25.538788678691887
DOGE_20211119_Latest301,2021-11-19,False,301,3677,12.214975934158797
DOGE_20211120_Latest6,2021-11-20,False,6,134,22.27696160267112
DOGE_20211121_Latest420,2021-11-21,False,420,3496,8.323894748055821
DOGE_20211122_Latest8,2021-11-22,False,8,180,22.50012285012285
DOGE_20211123_Latest471,2021-11-23,False,471,5588,11.864730919479912
DOGE_20211124_Latest764,2021-11-24,False,764,5633,7.373275328552185
DOGE_20211125_Latest568,2021-11-25,False,568,6695,11.787532151076213
DOGE_20211126_Latest745,2021-11-26,False,745,4237,5.68697719769411
DOGE_20211127_Latest50,2021-11-27,False,50,1114,22.27696160267112
DOGE_20211128_Latest3308,2021-11-28,False,3308,6086,1.8398628633861254
DOGE_20211129_Latest108,2021-11-29,False,108,2430,22.50012285012285
DOGE_20211130_Latest1154,2021-11-30,False,1154,5042,4.369406510349567
DOGE_20211201_Latest260,2021-12-01,False,260,2864,11.014302417271663
DOGE_20211202_Latest1752,2021-12-02,False,1752,5120,2.9226005672378204
DOGE_20211203_Latest3040,2021-12-03,False,3040,5296,1.7421161847469528
DOGE_20211204_Latest316,2021-12-04,False,316,3548,11.229403349322562
DOGE_20211205_Latest677,2021-12-05,False,677,4138,6.111855073370671
DOGE_20211206_Latest268,2021-12-06,False,268,2852,10.640890076690681
DOGE_20211207_Latest227,2021-12-07,False,227,2693,11.864730919479914
DOGE_20211208_Latest161,2021-12-08,False,161,1773,11.014302417271661
DOGE_20211209_Latest142,2021-12-09,False,142,3627,25.53878867869189
DOGE_20211210_Latest106,2021-12-10,False,106,2762,26.056509130809623
DOGE_20211211_Latest157,2021-12-11,False,157,1763,11.229403349322562
DOGE_20211212_Latest111,2021-12-12,False,111,3005,27.07616605447363
DOGE_20211213_Latest259,2021-12-13,False,259,2756,10.640890076690681
DOGE_20211214_Latest171,2021-12-14,False,171,4351,25.444451391059705
DOGE_20211215_Latest192,2021-12-15,False,192,2115,11.014302417271663
DOGE_20211216_Latest230,2021-12-16,False,230,2711,11.787532151076215
DOGE_20211217_Latest190,2021-12-17,False,190,2321,12.214975934158797
DOGE_20211218_Latest77,2021-12-18,False,77,1715,22.27696160267112
DOGE_20211219_Latest280,2021-12-19,False,280,2331,8.323894748055821
DOGE_20211220_Latest597,2021-12-20,False,597,2960,4.957463221859817
DOGE_20211221_Latest579,2021-12-21,False,579,3231,5.581010106550745
DOGE_20211222_Latest162,2021-12-22,False,162,1784,11.014302417271661
DOGE_20211223_Latest848,2021-12-23,False,848,2934,3.4595931503039457
DOGE_20211224_Latest417,2021-12-24,False,417,3255,7.804657604995656
DOGE_20211225_Latest942,2021-12-25,False,942,3361,3.567840002139009
DOGE_20211226_Latest93,2021-12-26,False,93,2518,27.076166054473628
DOGE_20211227_Latest16,2021-12-27,False,16,360,22.50012285012285
DOGE_20211228_Latest243,2021-12-28,False,243,2883,11.864730919479914
DOGE_20211229_Latest753,2021-12-29,False,753,3252,4.319258287749379
DOGE_20211230_Latest78,2021-12-30,False,78,1992,25.53878867869189
DOGE_20211231_Latest238,2021-12-31,False,238,2907,12.2149759341588
DOGE_20220101_Latest30,2022-01-01,False,30,668,22.27696160267112
DOGE_20220102_Latest514,2022-01-02,False,514,4278,8.323894748055821
DOGE_20220103_Latest38,2022-01-03,False,38,855,22.50012285012285
DOGE_20220104_Latest881,2022-01-04,False,881,4917,5.581010106550745
DOGE_20220105_Latest532,2022-01-05,False,532,5860,11.014302417271663
DOGE_20220106_Latest17,2022-01-06,False,17,434,25.53878867869189
DOGE_20220107_Latest426,2022-01-07,False,426,3325,7.804657604995656
DOGE_20220108_Latest358,2022-01-08,False,358,2646,7.389671881489686
DOGE_20220109_Latest325,2022-01-09,False,325,2705,8.323894748055821
DOGE_20220110_Latest1578,2022-01-10,False,1578,3348,2.1215097792784707
DOGE_20220111_Latest670,2022-01-11,False,670,3739,5.581010106550745
DOGE_20220112_Latest611,2022-01-12,False,611,3345,5.473885488033945
DOGE_20220113_Latest427,2022-01-13,False,427,5033,11.787532151076213
DOGE_20220114_Latest36,2022-01-14,False,36,938,26.056509130809623
DOGE_20220115_Latest105,2022-01-15,False,105,2339,22.27696160267112
DOGE_20220116_Latest1563,2022-01-16,False,1563,4276,2.7358300303917313
DOGE_20220117_Latest86,2022-01-17,False,86,1935,22.50012285012285
DOGE_20220118_Latest376,2022-01-18,False,376,2867,7.625278698967643
DOGE_20220119_Latest643,2022-01-19,False,643,3520,5.473885488033946
DOGE_20220120_Latest967,2022-01-20,False,967,4111,4.251321298228912
DOGE_20220121_Latest694,2022-01-21,False,694,3947,5.686977197694111
DOGE_20220122_Latest955,2022-01-22,False,955,4108,4.302055291367775
DOGE_20220123_Latest1078,2022-01-23,False,1078,5023,4.65957421432405
DOGE_20220124_Latest68,2022-01-24,False,68,1530,22.500122850122846
DOGE_20220125_Latest4167,2022-01-25,False,4167,7046,1.6908210151972152
DOGE_20220126_Latest284,2022-01-26,False,284,3128,11.014302417271663
DOGE_20220127_Latest141,2022-01-27,False,141,3601,25.53878867869189
DOGE_20220128_Latest205,2022-01-28,False,205,2504,12.2149759341588
DOGE_20220129_Latest246,2022-01-29,False,246,2762,11.229403349322562
DOGE_20220130_Latest74,2022-01-30,False,74,2004,27.076166054473628
DOGE_20220131_Latest275,2022-01-31,False,275,2926,10.640890076690681
DOGE_20220201_Latest92,2022-02-01,False,92,2341,25.444451391059705
DOGE_20220202_Latest420,2022-02-02,False,420,3097,7.373275328552185
DOGE_20220203_Latest48,2022-02-03,False,48,1226,25.53878867869189
DOGE_20220204_Latest246,2022-02-04,False,246,3005,12.214975934158797
DOGE_20220205_Latest220,2022-02-05,False,220,2470,11.229403349322562
DOGE_20220206_Latest130,2022-02-06,False,130,3520,27.07616605447363
DOGE_20220207_Latest218,2022-02-07,False,218,2320,10.640890076690681
DOGE_20220208_Latest115,2022-02-08,False,115,2926,25.444451391059705
DOGE_20220209_Latest41,2022-02-09,False,41,995,24.273310162991372
DOGE_20220210_Latest166,2022-02-10,False,166,4239,25.53878867869189
DOGE_20220211_Latest117,2022-02-11,False,117,3049,26.056509130809623
DOGE_20220212_Latest73,2022-02-12,False,73,1626,22.27696160267112
DOGE_20220213_Latest3190,2022-02-13,False,3190,6340,1.9875865507399737
DOGE_20220214_Latest43,2022-02-14,False,43,968,22.50012285012285
DOGE_20220215_Latest1115,2022-02-15,False,1115,2823,2.5322548531607763
DOGE_20220216_Latest219,2022-02-16,False,219,2412,11.014302417271663
DOGE_20220217_Latest1351,2022-02-17,False,1351,3405,2.520592556140135
DOGE_20220218_Latest586,2022-02-18,False,586,2601,4.438295997650388
DOGE_20220219_Latest503,2022-02-19,False,503,2768,5.503773974015261
DOGE_20220220_Latest390,2022-02-20,False,390,2384,6.111855073370671
DOGE_20220221_Latest69,2022-02-21,False,69,1553,22.50012285012285
DOGE_20220222_Latest364,2022-02-22,False,364,2776,7.6252786989676435
DOGE_20220223_Latest246,2022-02-23,False,246,2710,11.014302417271663
DOGE_20220224_Latest1465,2022-02-24,False,1465,2645,1.8055415878282053
DOGE_20220225_Latest700,2022-02-25,False,700,2530,3.6149379668794244
DOGE_20220226_Latest519,2022-02-26,False,519,2856,5.50377397401526
DOGE_20220227_Latest109,2022-02-27,False,109,2951,27.076166054473628
DOGE_20220228_Latest703,2022-02-28,False,703,2760,3.9267398482054805
DOGE_20220301_Latest289,2022-03-01,False,289,2204,7.625278698967643
DOGE_20220302_Latest586,2022-03-02,False,586,3208,5.473885488033945
DOGE_20220303_Latest10,2022-03-03,False,10,255,25.53878867869189
DOGE_20220304_Latest388,2022-03-04,False,388,3028,7.804657604995657
DOGE_20220305_Latest57,2022-03-05,False,57,1270,22.27696160267112
DOGE_20220306_Latest172,2022-03-06,False,172,2234,12.988530203796667
DOGE_20220307_Latest157,2022-03-07,False,157,1671,10.640890076690681
DOGE_20220308_Latest275,2022-03-08,False,275,3263,11.864730919479914
DOGE_20220309_Latest372,2022-03-09,False,372,2036,5.473885488033945
DOGE_20220310_Latest78,2022-03-10,False,78,1992,25.53878867869189
DOGE_20220311_Latest433,2022-03-11,False,433,2462,5.68697719769411
DOGE_20220313_Latest215,2022-03-13,False,215,2793,12.98853020379667
DOGE_20220314_Latest225,2022-03-14,False,225,2394,10.640890076690681
DOGE_20220315_Latest338,2022-03-15,False,338,1886,5.581010106550745
DOGE_20220316_Latest318,2022-03-16,False,318,2345,7.373275328552185
DOGE_20220317_Latest284,2022-03-17,False,284,2105,7.413434932527352
DOGE_20220318_Latest200,2022-03-18,False,200,1561,7.804657604995656
DOGE_20220319_Latest533,2022-03-19,False,533,2293,4.302055291367775
DOGE_20220320_Latest374,2022-03-20,False,374,2286,6.111855073370671
DOGE_20220321_Latest378,2022-03-21,False,378,1874,4.957463221859817
DOGE_20220322_Latest17,2022-03-22,False,17,433,25.444451391059705
DOGE_20220323_Latest58,2022-03-23,False,58,1408,24.273310162991372
DOGE_20220324_Latest1659,2022-03-24,False,1659,3298,1.9878094020557364
DOGE_20220325_Latest459,2022-03-25,False,459,2037,4.438295997650388
DOGE_20220326_Latest30,2022-03-26,False,30,668,22.27696160267112
DOGE_20220327_Latest708,2022-03-27,False,708,3299,4.659574214324051
DOGE_20220328_Latest91,2022-03-28,False,91,2048,22.50012285012285
DOGE_20220329_Latest435,2022-03-29,False,435,2428,5.581010106550745
DOGE_20220330_Latest347,2022-03-30,False,347,2559,7.373275328552185
DOGE_20220331_Latest666,2022-03-31,False,666,2304,3.4595931503039457
DOGE_20220401_Latest12,2022-04-01,False,12,313,26.05650913080962
DOGE_20220402_Latest69,2022-04-02,False,69,1537,22.27696160267112
DOGE_20220403_Latest1575,2022-04-03,False,1575,3822,2.426852524800755
DOGE_20220404_Latest179,2022-04-04,False,179,4028,22.500122850122846
DOGE_20220405_Latest6471,2022-04-05,False,6471,10313,1.5937219766062178
DOGE_20220406_Latest396,2022-04-06,False,396,2920,7.373275328552185
DOGE_20220407_Latest447,2022-04-07,False,447,3314,7.413434932527352
DOGE_20220408_Latest229,2022-04-08,False,229,2797,12.2149759341588
DOGE_20220409_Latest514,2022-04-09,False,514,2829,5.50377397401526
DOGE_20220410_Latest975,2022-04-10,False,975,4543,4.65957421432405
DOGE_20220411_Latest799,2022-04-11,False,799,3137,3.9267398482054805
DOGE_20220412_Latest647,2022-04-12,False,647,3611,5.581010106550745
DOGE_20220413_Latest810,2022-04-13,False,810,3499,4.319258287749379
DOGE_20220414_Latest1321,2022-04-14,False,1321,5616,4.251321298228912
DOGE_20220415_Latest7,2022-04-15,False,7,182,26.056509130809623
DOGE_20220416_Latest855,2022-04-16,False,855,3051,3.567840002139009
DOGE_20220417_Latest1927,2022-04-17,False,1927,3545,1.8398628633861254
DOGE_20220418_Latest3031,2022-04-18,False,3031,3668,1.210307547942852
DOGE_20220419_Latest1635,2022-04-19,False,1635,3251,1.98818764930313
DOGE_20220420_Latest2271,2022-04-20,False,2271,3828,1.6857110754146933
DOGE_20220421_Latest539,2022-04-21,False,539,2929,5.433327093473107
DOGE_20220422,2022-04-22,True,3623,3623,1
DOGE_20220423_Latest1285,2022-04-23,False,1285,2940,2.2880683133428783
DOGE_20220424_Latest1979,2022-04-24,False,1979,3422,1.729148132903129
DOGE_20220425_Latest10324,2022-04-25,False,10324,14627,1.4167604593326604
DOGE_20220426,2022-04-26,True,9675,9675,1
DOGE_20220427_Latest1665,2022-04-27,False,1665,3735,2.2433887341260395
DOGE_20220428_Latest2990,2022-04-28,False,2990,4236,1.4165595666108115
DOGE_20220429_Latest3157,2022-04-29,False,3157,4698,1.4882002202386815
DOGE_20220430_Latest772,2022-04-30,False,772,2754,3.567840002139009
DOGE_20220501_Latest778,2022-05-01,False,778,2924,3.758147677863712
DOGE_20220502_Latest386,2022-05-02,False,386,2599,6.7339877932200904
DOGE_20220503_Latest489,2022-05-03,False,489,3729,7.625278698967643
DOGE_20220504_Latest2688,2022-05-04,False,2688,4531,1.6857110754146933
DOGE_20220505_Latest387,2022-05-05,False,387,2869,7.413434932527351
DOGE_20220506_Latest1221,2022-05-06,False,1221,3725,3.0511655653450807
DOGE_20220507_Latest1689,2022-05-07,False,1689,3865,2.2880683133428783
DOGE_20220508_Latest1066,2022-05-08,False,1066,2916,2.735830030391731
DOGE_20220509_Latest2024,2022-05-09,False,2024,4294,2.1215097792784703
DOGE_20220510_Latest1853,2022-05-10,False,1853,3370,1.8188822596143106
DOGE_20220511_Latest1127,2022-05-11,False,1127,4868,4.319258287749379
DOGE_20220512_Latest4021,2022-05-12,False,4021,5468,1.3599812576872767
DOGE_20220513,2022-05-13,True,5192,5192,1
DOGE_20220514,2022-05-14,True,4296,4296,1
DOGE_20220515_Latest2430,2022-05-15,False,2430,3633,1.4951587842233773
DOGE_20220516_Latest2259,2022-05-16,False,2259,3658,1.6192075960446108
DOGE_20220517_Latest1283,2022-05-17,False,1283,3249,2.5322548531607767
DOGE_20220518_Latest1551,2022-05-18,False,1551,3479,2.243388734126039
DOGE_20220519_Latest56,2022-05-19,False,56,1430,25.53878867869189
DOGE_20220520_Latest123,2022-05-20,False,123,3205,26.056509130809623
DOGE_20220521_Latest161,2022-05-21,False,161,1808,11.229403349322562
DOGE_20220522_Latest1478,2022-05-22,False,1478,2719,1.8398628633861254
DOGE_20220523_Latest1773,2022-05-23,False,1773,2871,1.619207596044611
DOGE_20220524_Latest120,2022-05-24,False,120,1424,11.864730919479914
DOGE_20220525_Latest1733,2022-05-25,False,1733,3466,2.0001728232906544
DOGE_20220526_Latest1417,2022-05-26,False,1417,3146,2.2200706245299133
DOGE_20220527_Latest2951,2022-05-27,False,2951,5548,1.8799018360503712
DOGE_20220528_Latest302,2022-05-28,False,302,2232,7.389671881489685
DOGE_20220529_Latest127,2022-05-29,False,127,3439,27.076166054473628
DOGE_20220530_Latest104,2022-05-30,False,104,2340,22.50012285012285
DOGE_20220531_Latest137,2022-05-31,False,137,3486,25.444451391059705
DOGE_20240201_Latest8,2024-02-01,False,8,204,25.53878867869189
DOGE_20240202_Latest2356,2024-02-02,False,2356,13399,5.686977197694111
DOGE_20240203_Latest1894,2024-02-03,False,1894,3299,1.74198938663081
DOGE_20240204_Latest4,2024-02-04,False,4,108,27.076166054473628
DOGE_20240205_Latest230,2024-02-05,False,230,2447,10.640890076690681
DOGE_20240206_Latest6,2024-02-06,False,6,153,25.444451391059705
DOGE_20240207_Latest51,2024-02-07,False,51,1238,24.27331016299137
DOGE_20240208_Latest56,2024-02-08,False,56,1430,25.53878867869189
DOGE_20240209_Latest9,2024-02-09,False,9,235,26.056509130809623
DOGE_20240210_Latest120,2024-02-10,False,120,1348,11.229403349322562
DOGE_20240211_Latest9,2024-02-11,False,9,244,27.07616605447363
DOGE_20240212_Latest11,2024-02-12,False,11,248,22.50012285012285
DOGE_20240214_Latest21,2024-02-14,False,21,510,24.273310162991372
DOGE_20240215_Latest11,2024-02-15,False,11,281,25.53878867869189
DOGE_20240216_Latest12,2024-02-16,False,12,313,26.05650913080962
DOGE_20240217_Latest7,2024-02-17,False,7,156,22.27696160267112
DOGE_20240218_Latest100,2024-02-18,False,100,1299,12.988530203796667
DOGE_20240219_Latest649,2024-02-19,False,649,2119,3.2642582162971414
DOGE_20240220_Latest1534,2024-02-20,False,1534,1805,1.176652220548567
DOGE_20240221_Latest79,2024-02-21,False,79,870,11.014302417271661
DOGE_20240222_Latest12,2024-02-22,False,12,306,25.53878867869189
DOGE_20240223_Latest28,2024-02-23,False,28,730,26.056509130809623
DOGE_20240224_Latest164,2024-02-24,False,164,903,5.50377397401526
DOGE_20240225_Latest801,2024-02-25,False,801,1312,1.6374205770423649
DOGE_20240226_Latest781,2024-02-26,False,781,1657,2.1215097792784707
DOGE_20240227,2024-02-27,True,2455,2455,1
DOGE_20240228_Latest2592,2024-02-28,False,2592,4109,1.5853508668936638
DOGE_20240229,2024-02-29,True,3398,3398,1
DOGE_20240301,2024-03-01,True,2819,2819,1
DOGE_20240302_Latest2231,2024-03-02,False,2231,2330,1.0443687876653363
DOGE_20240303,2024-03-03,True,2346,2346,1
DOGE_20240304_Latest694,2024-03-04,False,694,2725,3.9267398482054805
DOGE_20240305_Latest1185,2024-03-05,False,1185,2642,2.2292187020726524
DOGE_20240306_Latest17,2024-03-06,False,17,413,24.27331016299137
DOGE_20240307_Latest1,2024-03-07,False,1,26,25.53878867869189
DOGE_20240308_Latest83,2024-03-08,False,83,2163,26.05650913080962
DOGE_20240309_Latest124,2024-03-09,False,124,2762,22.27696160267112
DOGE_20240310_Latest267,2024-03-10,False,267,3468,12.988530203796667
DOGE_20240311_Latest88,2024-03-11,False,88,1980,22.50012285012285
DOGE_20240312_Latest119,2024-03-12,False,119,3028,25.444451391059708
DOGE_20240313_Latest1427,2024-03-13,False,1427,4293,3.008608268096674
DOGE_20240314_Latest1056,2024-03-14,False,1056,4489,4.251321298228912
DOGE_20240315_Latest18,2024-03-15,False,18,469,26.056509130809623
DOGE_20240316_Latest903,2024-03-16,False,903,2733,3.0265482711303147
DOGE_20240317_Latest672,2024-03-17,False,672,3131,4.659574214324051
DOGE_20240318_Latest249,2024-03-18,False,249,1677,6.7339877932200904
DOGE_20240319_Latest1036,2024-03-19,False,1036,2623,2.5322548531607763
DOGE_20240320_Latest29,2024-03-20,False,29,704,24.273310162991372
DOGE_20240321_Latest18,2024-03-21,False,18,460,25.53878867869189
DOGE_20240322_Latest107,2024-03-22,False,107,1307,12.2149759341588
DOGE_20240323_Latest2884,2024-03-23,False,2884,4075,1.4130772041109163
DOGE_20240324_Latest2481,2024-03-24,False,2481,4062,1.6374205770423649
DOGE_20240325_Latest713,2024-03-25,False,713,2800,3.9267398482054805
DOGE_20240326_Latest588,2024-03-26,False,588,2569,4.369406510349566
DOGE_20240327_Latest77,2024-03-27,False,77,1869,24.27331016299137
DOGE_20240328,2024-03-28,True,7827,7827,1
DOGE_20240329_Latest2400,2024-03-29,False,2400,3740,1.5583122014783706
DOGE_20240330,2024-03-30,True,3288,3288,1
DOGE_20240331_Latest846,2024-03-31,False,846,3942,4.65957421432405
DOGE_20240401_Latest154,2024-04-01,False,154,1639,10.640890076690681
DOGE_20240402_Latest80,2024-04-02,False,80,2036,25.444451391059708
DOGE_20240403_Latest308,2024-04-03,False,308,2271,7.373275328552185
DOGE_20240404_Latest105,2024-04-04,False,105,2682,25.53878867869189
DOGE_20240405_Latest5,2024-04-05,False,5,130,26.056509130809623
DOGE_20240406_Latest22,2024-04-06,False,22,490,22.27696160267112
DOGE_20240407_Latest31,2024-04-07,False,31,839,27.07616605447363
DOGE_20240408_Latest30,2024-04-08,False,30,675,22.50012285012285
DOGE_20240409_Latest84,2024-04-09,False,84,2137,25.444451391059705
DOGE_20240410_Latest75,2024-04-10,False,75,1820,24.27331016299137
DOGE_20240411_Latest45,2024-04-11,False,45,1149,25.53878867869189
DOGE_20240412_Latest51,2024-04-12,False,51,1329,26.056509130809623
DOGE_20240413_Latest36,2024-04-13,False,36,802,22.27696160267112
DOGE_20240414_Latest39,2024-04-14,False,39,1056,27.07616605447363
DOGE_20240416_Latest2151,2024-04-16,False,2151,2741,1.2742380883798692
DOGE_20240417_Latest418,2024-04-17,False,418,2288,5.473885488033945
DOGE_20240418_Latest1227,2024-04-18,False,1227,2215,1.8055415878282055
DOGE_20240419_Latest78,2024-04-19,False,78,2032,26.056509130809623
DOGE_20240420_Latest1564,2024-04-20,False,1564,2931,1.8740116564847975
DOGE_20240421_Latest9,2024-04-21,False,9,244,27.07616605447363
DOGE_20240422_Latest1839,2024-04-22,False,1839,2226,1.210307547942852
DOGE_20240423_Latest119,2024-04-23,False,119,1412,11.864730919479912
DOGE_20240424_Latest589,2024-04-24,False,589,2544,4.319258287749379
DOGE_20240425,2024-04-25,True,2626,2626,1
DOGE_20240426_Latest153,2024-04-26,False,153,1869,12.214975934158797
DOGE_20240427_Latest111,2024-04-27,False,111,1246,11.229403349322562
DOGE_20240428_Latest1370,2024-04-28,False,1370,2369,1.7291481329031289
DOGE_20240429_Latest14,2024-04-29,False,14,315,22.500122850122846
DOGE_20240430_Latest940,2024-04-30,False,940,2095,2.229218702072653
DOGE_20240501_Latest38,2024-05-01,False,38,922,24.27331016299137
DOGE_20240502_Latest531,2024-05-02,False,531,2257,4.251321298228912
DOGE_20240503_Latest213,2024-05-03,False,213,2602,12.214975934158797
DOGE_20240504_Latest386,2024-05-04,False,386,2852,7.389671881489686
DOGE_20240505_Latest112,2024-05-05,False,112,1455,12.98853020379667
DOGE_20240506_Latest590,2024-05-06,False,590,1926,3.2642582162971414
DOGE_20240507_Latest490,2024-05-07,False,490,2141,4.369406510349566
DOGE_20240508_Latest497,2024-05-08,False,497,2147,4.319258287749379
DOGE_20240509_Latest110,2024-05-09,False,110,2809,25.53878867869189
DOGE_20240510_Latest7,2024-05-10,False,7,182,26.056509130809623
DOGE_20240511_Latest36,2024-05-11,False,36,802,22.27696160267112
DOGE_20240512_Latest123,2024-05-12,False,123,1598,12.988530203796667
DOGE_20240513_Latest646,2024-05-13,False,646,2537,3.9267398482054805
DOGE_20240514_Latest3480,2024-05-14,False,3480,3613,1.038179466706801
DOGE_20240515_Latest441,2024-05-15,False,441,2414,5.473885488033945
DOGE_20240516_Latest3,2024-05-16,False,3,77,25.53878867869189
DOGE_20240517_Latest199,2024-05-17,False,199,1553,7.804657604995656
DOGE_20240518_Latest566,2024-05-18,False,566,1713,3.0265482711303147
DOGE_20240519_Latest149,2024-05-19,False,149,1240,8.323894748055823
DOGE_20240520_Latest15,2024-05-20,False,15,338,22.50012285012285
DOGE_20240522_Latest31,2024-05-22,False,31,752,24.27331016299137
DOGE_20240524_Latest41,2024-05-24,False,41,1068,26.056509130809623
DOGE_20240525_Latest22,2024-05-25,False,22,490,22.27696160267112
DOGE_20240526_Latest21,2024-05-26,False,21,569,27.07616605447363
DOGE_20240527_Latest117,2024-05-27,False,117,1245,10.640890076690681
DOGE_20240528_Latest30,2024-05-28,False,30,763,25.444451391059708
DOGE_20240529_Latest168,2024-05-29,False,168,1850,11.014302417271661
DOGE_20240530_Latest202,2024-05-30,False,202,1498,7.413434932527352
DOGE_20240531_Latest133,2024-05-31,False,133,1625,12.2149759341588
DOGE_20240601_Latest1221,2024-06-01,False,1221,2510,2.055611612197583
DOGE_20240603_Latest234,2024-06-03,False,234,1576,6.7339877932200904
DOGE_20240604_Latest3,2024-06-04,False,3,76,25.444451391059705
DOGE_20240605_Latest199,2024-06-05,False,199,1467,7.373275328552186
DOGE_20240606_Latest1,2024-06-06,False,1,26,25.53878867869189
DOGE_20240607_Latest76,2024-06-07,False,76,1980,26.056509130809623
DOGE_20240608_Latest338,2024-06-08,False,338,1860,5.50377397401526
DOGE_20240609_Latest270,2024-06-09,False,270,1650,6.111855073370671
DOGE_20240610_Latest907,2024-06-10,False,907,2522,2.780892947973368
DOGE_20240611_Latest1730,2024-06-11,False,1730,2757,1.5937219766062178
DOGE_20240612,2024-06-12,True,2921,2921,1
DOGE_20240613_Latest125,2024-06-13,False,125,1473,11.787532151076215
DOGE_20240614_Latest519,2024-06-14,False,519,2303,4.438295997650388
DOGE_20240615_Latest845,2024-06-15,False,845,1933,2.2880683133428783
DOGE_20240616_Latest161,2024-06-16,False,161,1340,8.323894748055821
DOGE_20240618_Latest59,2024-06-18,False,59,1501,25.444451391059705
DOGE_20240619_Latest2,2024-06-19,False,2,49,24.27331016299137
DOGE_20240620_Latest333,2024-06-20,False,333,1416,4.251321298228912
DOGE_20240621_Latest34,2024-06-21,False,34,886,26.056509130809623
DOGE_20240623_Latest197,2024-06-23,False,197,2559,12.988530203796667
DOGE_20240624_Latest1073,2024-06-24,False,1073,2029,1.8910301747502647
DOGE_20240625_Latest172,2024-06-25,False,172,1312,7.625278698967643
DOGE_20240626_Latest12,2024-06-26,False,12,291,24.27331016299137
DOGE_20240627,2024-06-27,True,2263,2263,1
DOGE_20240628_Latest1280,2024-06-28,False,1280,2096,1.6374754345438336
DOGE_20240629_Latest1268,2024-06-29,False,1268,1881,1.4837353851970045
DOGE_20240630_Latest1287,2024-06-30,False,1287,1924,1.4951587842233773
DOGE_20240701_Latest94,2024-07-01,False,94,1000,10.640890076690681
DOGE_20240702_Latest760,2024-07-02,False,760,1694,2.2292187020726524
DOGE_20240703_Latest168,2024-07-03,False,168,1850,11.014302417271661
DOGE_20240704_Latest290,2024-07-04,False,290,1576,5.433327093473107
DOGE_20240705_Latest247,2024-07-05,False,247,1405,5.68697719769411
DOGE_20240706_Latest206,2024-07-06,False,206,1522,7.389671881489686
DOGE_20240707_Latest45,2024-07-07,False,45,1218,27.07616605447363
DOGE_20240708_Latest290,2024-07-08,False,290,1438,4.9574632218598165
DOGE_20240709_Latest4,2024-07-09,False,4,102,25.444451391059705
DOGE_20240710_Latest149,2024-07-10,False,149,1641,11.014302417271663
DOGE_20240711_Latest433,2024-07-11,False,433,1841,4.251321298228912
DOGE_20240712_Latest100,2024-07-12,False,100,1221,12.2149759341588
DOGE_20240713_Latest3,2024-07-13,False,3,67,22.27696160267112
DOGE_20240714_Latest15,2024-07-14,False,15,406,27.076166054473628
DOGE_20240715_Latest9,2024-07-15,False,9,203,22.50012285012285
DOGE_20240716_Latest1165,2024-07-16,False,1165,2316,1.98818764930313
DOGE_20240717_Latest1888,2024-07-17,False,1888,2043,1.0820586931086618
DOGE_20240718_Latest479,2024-07-18,False,479,1400,2.922600567237821
DOGE_20240719_Latest185,2024-07-19,False,185,1444,7.804657604995657
DOGE_20240720_Latest414,2024-07-20,False,414,1781,4.302055291367775
DOGE_20240721,2024-07-21,True,2744,2744,1
DOGE_20240722_Latest1152,2024-07-22,False,1152,2178,1.8910301747502645
DOGE_20240723_Latest1236,2024-07-23,False,1236,2090,1.6908210151972152
DOGE_20240724_Latest1167,2024-07-24,False,1167,1850,1.5853508668936638
DOGE_20240725_Latest1116,2024-07-25,False,1116,1743,1.562042551664753
DOGE_20240726_Latest1356,2024-07-26,False,1356,2018,1.4882002202386817
DOGE_20240727_Latest1406,2024-07-27,False,1406,2307,1.6406905116130381
DOGE_20240728_Latest1114,2024-07-28,False,1114,2432,2.182873681387448
DOGE_20240729_Latest8,2024-07-29,False,8,180,22.50012285012285
DOGE_20240730_Latest745,2024-07-30,False,745,1887,2.5322548531607767
DOGE_20240731_Latest1246,2024-07-31,False,1246,2100,1.6857110754146931
DOGE_20240801_Latest12,2024-08-01,False,12,306,25.53878867869189
DOGE_20240802_Latest18,2024-08-02,False,18,469,26.056509130809623
DOGE_20240803_Latest37,2024-08-03,False,37,824,22.27696160267112
DOGE_20240804_Latest67,2024-08-04,False,67,1814,27.076166054473628
DOGE_20240805_Latest54,2024-08-05,False,54,1215,22.50012285012285
DOGE_20240806_Latest34,2024-08-06,False,34,865,25.444451391059705
DOGE_20240807_Latest15,2024-08-07,False,15,364,24.273310162991372
DOGE_20240808_Latest22,2024-08-08,False,22,562,25.53878867869189
DOGE_20240809_Latest28,2024-08-09,False,28,730,26.056509130809623
DOGE_20240810_Latest19,2024-08-10,False,19,423,22.27696160267112
DOGE_20240812_Latest18,2024-08-12,False,18,405,22.50012285012285
DOGE_20240814_Latest16,2024-08-14,False,16,388,24.27331016299137
DOGE_20240816_Latest816,2024-08-16,False,816,2141,2.6237057263716146
DOGE_20240817_Latest105,2024-08-17,False,105,1179,11.229403349322562
DOGE_20240818_Latest512,2024-08-18,False,512,1924,3.7581476778637115
DOGE_20240819_Latest725,2024-08-19,False,725,2367,3.2642582162971414
DOGE_20240820_Latest419,2024-08-20,False,419,2338,5.581010106550746
DOGE_20240821_Latest19,2024-08-21,False,19,461,24.27331016299137
DOGE_20240822_Latest561,2024-08-22,False,561,1941,3.4595931503039457
DOGE_20240823_Latest88,2024-08-23,False,88,2293,26.05650913080962
DOGE_20240824_Latest33,2024-08-24,False,33,735,22.27696160267112
DOGE_20240825_Latest39,2024-08-25,False,39,1056,27.07616605447363
DOGE_20240826_Latest28,2024-08-26,False,28,630,22.500122850122846
DOGE_20240827_Latest223,2024-08-27,False,223,1700,7.6252786989676435
DOGE_20240828_Latest635,2024-08-28,False,635,1636,2.5757516024010583
DOGE_20240829_Latest284,2024-08-29,False,284,3348,11.787532151076213
DOGE_20240831_Latest91,2024-08-31,False,91,2027,22.27696160267112
DOGE_20240901_Latest189,2024-09-01,False,189,2455,12.98853020379667
DOGE_20240902_Latest26,2024-09-02,False,26,585,22.50012285012285
DOGE_20240903_Latest13,2024-09-03,False,13,331,25.444451391059708
DOGE_20240904_Latest57,2024-09-04,False,57,1384,24.27331016299137
DOGE_20240905_Latest308,2024-09-05,False,308,2283,7.413434932527351
DOGE_20240906_Latest29,2024-09-06,False,29,756,26.056509130809623
DOGE_20240907_Latest14,2024-09-07,False,14,312,22.27696160267112
DOGE_20240908_Latest8,2024-09-08,False,8,217,27.076166054473628
DOGE_20240909_Latest23,2024-09-09,False,23,518,22.500122850122846
DOGE_20240910_Latest28,2024-09-10,False,28,712,25.444451391059708
DOGE_20240912_Latest31,2024-09-12,False,31,792,25.53878867869189
DOGE_20240913_Latest8,2024-09-13,False,8,208,26.056509130809623
DOGE_20240914_Latest40,2024-09-14,False,40,891,22.27696160267112
DOGE_20240916_Latest57,2024-09-16,False,57,1283,22.500122850122846
DOGE_20240918_Latest9,2024-09-18,False,9,218,24.27331016299137
DOGE_20240919_Latest135,2024-09-19,False,135,1591,11.787532151076213
DOGE_20240920_Latest120,2024-09-20,False,120,3127,26.056509130809623
DOGE_20240921_Latest73,2024-09-21,False,73,1626,22.27696160267112
DOGE_20240922_Latest25,2024-09-22,False,25,677,27.076166054473628
DOGE_20240923_Latest204,2024-09-23,False,204,2171,10.640890076690681
DOGE_20240925_Latest10,2024-09-25,False,10,243,24.273310162991372
DOGE_20240926_Latest20,2024-09-26,False,20,511,25.53878867869189
DOGE_20240927_Latest7,2024-09-27,False,7,182,26.056509130809623
DOGE_20240928_Latest15,2024-09-28,False,15,334,22.27696160267112
DOGE_20240929_Latest17,2024-09-29,False,17,460,27.07616605447363
DOGE_20240930_Latest80,2024-09-30,False,80,1800,22.50012285012285
DOGE_20241001_Latest3191,2024-10-01,False,3191,3468,1.0869137912616174
DOGE_20241002_Latest1849,2024-10-02,False,1849,3117,1.6857110754146933
DOGE_20241003_Latest55,2024-10-03,False,55,1405,25.53878867869189
DOGE_20241004_Latest48,2024-10-04,False,48,1251,26.05650913080962
DOGE_20241005_Latest138,2024-10-05,False,138,1550,11.22940334932256
DOGE_20241006_Latest70,2024-10-06,False,70,1895,27.076166054473628
DOGE_20241007_Latest200,2024-10-07,False,200,2128,10.640890076690683
DOGE_20241008_Latest638,2024-10-08,False,638,2788,4.369406510349566
DOGE_20241009_Latest154,2024-10-09,False,154,1696,11.014302417271661
DOGE_20241010_Latest518,2024-10-10,False,518,2814,5.433327093473107
DOGE_20241011_Latest12,2024-10-11,False,12,313,26.05650913080962
DOGE_20241012_Latest76,2024-10-12,False,76,1693,22.27696160267112
DOGE_20241013_Latest105,2024-10-13,False,105,2843,27.07616605447363
DOGE_20241014_Latest87,2024-10-14,False,87,1958,22.50012285012285
DOGE_20241015_Latest41,2024-10-15,False,41,1043,25.444451391059708
DOGE_20241016_Latest339,2024-10-16,False,339,3734,11.014302417271661
DOGE_20241017_Latest55,2024-10-17,False,55,1405,25.53878867869189
DOGE_20241019_Latest72,2024-10-19,False,72,1604,22.27696160267112
DOGE_20241020_Latest9,2024-10-20,False,9,244,27.07616605447363
DOGE_20241022_Latest59,2024-10-22,False,59,1501,25.444451391059705
DOGE_20241023_Latest58,2024-10-23,False,58,1408,24.273310162991372
DOGE_20241024_Latest78,2024-10-24,False,78,919,11.787532151076215
DOGE_20241025_Latest50,2024-10-25,False,50,1303,26.056509130809623
DOGE_20241026_Latest69,2024-10-26,False,69,1537,22.27696160267112
DOGE_20241027_Latest191,2024-10-27,False,191,5172,27.076166054473628
DOGE_20241028_Latest33,2024-10-28,False,33,743,22.50012285012285
DOGE_20241029_Latest76,2024-10-29,False,76,1934,25.444451391059705
DOGE_20241031_Latest17,2024-10-31,False,17,434,25.53878867869189
DOGE_20241101_Latest54,2024-11-01,False,54,1407,26.056509130809623
DOGE_20241102_Latest530,2024-11-02,False,530,3917,7.389671881489686
DOGE_20241103_Latest28,2024-11-03,False,28,758,27.076166054473628
DOGE_20241105_Latest142,2024-11-05,False,142,3613,25.444451391059708
DOGE_20241106,2024-11-06,True,8261,8261,1
DOGE_20241107,2024-11-07,True,6633,6633,1
DOGE_20241108,2024-11-08,True,5384,5384,1
DOGE_20241109,2024-11-09,True,6275,6275,1
DOGE_20241110,2024-11-10,True,7969,7969,1
DOGE_20241111,2024-11-11,True,9605,9605,1
DOGE_20241112,2024-11-12,True,12745,12745,1
DOGE_20241113,2024-11-13,True,14830,14830,1
DOGE_20241114,2024-11-14,True,10458,10458,1
DOGE_20241115,2024-11-15,True,15629,15629,1
DOGE_20241116,2024-11-16,True,6282,6282,1
DOGE_20241117_Latest650,2024-11-17,False,650,3973,6.111855073370671
DOGE_20241118,2024-11-18,True,10800,10800,1
DOGE_20241119_Latest1531,2024-11-19,False,1531,8545,5.581010106550746
DOGE_20241120_Latest622,2024-11-20,False,622,6851,11.014302417271661
DOGE_20241121_Latest336,2024-11-21,False,336,3961,11.787532151076215
DOGE_20241122_Latest337,2024-11-22,False,337,8781,26.056509130809623
DOGE_20241123_Latest170,2024-11-23,False,170,3787,22.27696160267112
DOGE_20241124_Latest31,2024-11-24,False,31,839,27.07616605447363
DOGE_20241125_Latest294,2024-11-25,False,294,6615,22.500122850122846
DOGE_20241126_Latest233,2024-11-26,False,233,5929,25.444451391059705
DOGE_20241128_Latest8,2024-11-28,False,8,204,25.53878867869189
DOGE_20241129_Latest17,2024-11-29,False,17,443,26.056509130809623
DOGE_20241130_Latest381,2024-11-30,False,381,4278,11.229403349322562
DOGE_20241201,2024-12-01,True,5681,5681,1
DOGE_20241202,2024-12-02,True,8864,8864,1
DOGE_20241203_Latest3643,2024-12-03,False,3643,7243,1.98818764930313
DOGE_20241204_Latest823,2024-12-04,False,823,6068,7.373275328552185
DOGE_20241205_Latest195,2024-12-05,False,195,4980,25.53878867869189
DOGE_20241206_Latest280,2024-12-06,False,280,7296,26.056509130809623
DOGE_20241207_Latest249,2024-12-07,False,249,5547,22.27696160267112
DOGE_20241208_Latest110,2024-12-08,False,110,2978,27.07616605447363
DOGE_20241209_Latest286,2024-12-09,False,286,6435,22.50012285012285
DOGE_20241210_Latest128,2024-12-10,False,128,3257,25.444451391059705
DOGE_20241211_Latest118,2024-12-11,False,118,2864,24.27331016299137
DOGE_20241212_Latest343,2024-12-12,False,343,4043,11.787532151076215
DOGE_20241213_Latest128,2024-12-13,False,128,3335,26.056509130809623
DOGE_20241214_Latest17,2024-12-14,False,17,379,22.27696160267112
DOGE_20241215_Latest641,2024-12-15,False,641,5336,8.323894748055823
DOGE_20241216_Latest55,2024-12-16,False,55,1238,22.50012285012285
DOGE_20241217_Latest359,2024-12-17,False,359,4259,11.864730919479912
DOGE_20241218_Latest519,2024-12-18,False,519,3827,7.373275328552186
DOGE_20241219_Latest183,2024-12-19,False,183,2157,11.787532151076215
DOGE_20241220_Latest65,2024-12-20,False,65,1694,26.056509130809623
DOGE_20241221_Latest453,2024-12-21,False,453,3348,7.389671881489686
DOGE_20241222_Latest626,2024-12-22,False,626,5211,8.323894748055821
DOGE_20241223_Latest329,2024-12-23,False,329,3501,10.640890076690681
DOGE_20241224_Latest679,2024-12-24,False,679,3790,5.581010106550746
DOGE_20241225_Latest635,2024-12-25,False,635,4682,7.373275328552185
DOGE_20241226_Latest472,2024-12-26,False,472,3499,7.413434932527352
DOGE_20241227_Latest195,2024-12-27,False,195,2382,12.214975934158797
DOGE_20241228_Latest345,2024-12-28,False,345,2549,7.389671881489686
DOGE_20241229_Latest1173,2024-12-29,False,1173,4408,3.758147677863712
DOGE_20241230,2024-12-30,True,5510,5510,1
DOGE_20241231,2024-12-31,True,6734,6734,1
DOGE_20250101,2025-01-01,True,6719,6719,1
DOGE_20250102,2025-01-02,True,7025,7025,1
DOGE_20250103,2025-01-03,True,8166,8166,1
DOGE_20250104,2025-01-04,True,8524,8524,1
DOGE_20250105_Latest6680,2025-01-05,False,6680,7260,1.086806666351394
DOGE_20250106,2025-01-06,True,7422,7422,1
DOGE_20250107,2025-01-07,True,6982,6982,1
DOGE_20250108,2025-01-08,True,6221,6221,1
DOGE_20250109,2025-01-09,True,6714,6714,1
DOGE_20250110_Latest2726,2025-01-10,False,2726,5636,2.0675319344767966
DOGE_20250111,2025-01-11,True,6413,6413,1
DOGE_20250112,2025-01-12,True,7865,7865,1
DOGE_20250113,2025-01-13,True,6310,6310,1
DOGE_20250114,2025-01-14,True,7187,7187,1
DOGE_20250115_Latest1198,2025-01-15,False,1198,6558,5.473885488033945
DOGE_20250116,2025-01-16,True,5574,5574,1
DOGE_20250117,2025-01-17,True,7358,7358,1
DOGE_20250118,2025-01-18,True,7876,7876,1
DOGE_20250119,2025-01-19,True,8918,8918,1
DOGE_20250120,2025-01-20,True,7916,7916,1
DOGE_20250121,2025-01-21,True,11966,11966,1
DOGE_20250122,2025-01-22,True,8215,8215,1
DOGE_20250123_Latest1918,2025-01-23,False,1918,6635,3.4595931503039457
DOGE_20250124,2025-01-24,True,6030,6030,1
DOGE_20250125_Latest5067,2025-01-25,False,5067,6541,1.2909183253924106
DOGE_20250126,2025-01-26,True,5985,5985,1
DOGE_20250127,2025-01-27,True,5326,5326,1
DOGE_20250128_Latest2537,2025-01-28,False,2537,7536,2.970317551836634
DOGE_20250129_Latest29,2025-01-29,False,29,704,24.273310162991372
DOGE_20250130_Latest203,2025-01-30,False,203,5184,25.538788678691887
DOGE_20250131_Latest712,2025-01-31,False,712,5557,7.804657604995656
DOGE_20250201,2025-02-01,True,4736,4736,1
DOGE_20250202_Latest3271,2025-02-02,False,3271,4234,1.2945148741873707
DOGE_20250203,2025-02-03,True,4439,4439,1
DOGE_20250204,2025-02-04,True,4284,4284,1
DOGE_20250205,2025-02-05,True,3969,3969,1
DOGE_20250206,2025-02-06,True,3909,3909,1
DOGE_20250207,2025-02-07,True,4219,4219,1
DOGE_20250208_Latest3190,2025-02-08,False,3190,3473,1.0886270094757924
DOGE_20250209_Latest3623,2025-02-09,True,3623,3623,1
DOGE_20250210_Latest2597,2025-02-10,False,2597,3539,1.3626292686556059
DOGE_20250211_Latest3274,2025-02-11,False,3274,4009,1.2244613061032918
DOGE_20250212,2025-02-12,True,3721,3721,1
DOGE_20250213,2025-02-13,True,3606,3606,1
DOGE_20250214_Latest3289,2025-02-14,False,3289,4178,1.270230926763663
DOGE_20250215,2025-02-15,True,3112,3112,1
DOGE_20250216,2025-02-16,True,2731,2731,1
DOGE_20250217,2025-02-17,True,3127,3127,1
DOGE_20250218,2025-02-18,True,3409,3409,1
DOGE_20250219,2025-02-19,True,4425,4425,1
DOGE_20250220_Latest1921,2025-02-20,False,1907,2979,1.5620425516647527
DOGE_20250221,2025-02-21,True,3440,3440,1
DOGE_20250222,2025-02-22,True,3228,3228,1
DOGE_20250223,2025-02-23,True,2828,2828,1
DOGE_20250224,2025-02-24,True,3494,3494,1
DOGE_20250225,2025-02-25,True,3626,3626,1
DOGE_20250226_Latest616,2025-02-26,False,616,2661,4.319258287749379
DOGE_20250227,2025-02-27,True,2906,2906,1
DOGE_20250228,2025-02-28,True,3354,3354,1
DOGE_20250301_Latest571,2025-03-01,False,571,2456,4.302055291367776
DOGE_20250302,2025-03-02,True,4269,4269,1
DOGE_20250303,2025-03-03,True,4534,4534,1
DOGE_20250304_Latest865,2025-03-04,False,865,3074,3.553762595833115
DOGE_20250305,2025-03-05,True,3410,3410,1
DOGE_20250306,2025-03-06,True,3657,3657,1
DOGE_20250307,2025-03-07,True,4270,4270,1
DOGE_20250308,2025-03-08,True,2833,2833,1
DOGE_20250309,2025-03-09,True,3469,3469,1
DOGE_20250310,2025-03-10,True,3133,3133,1
DOGE_20250311,2025-03-11,True,2976,2976,1
DOGE_20250312,2025-03-12,True,2938,2938,1
DOGE_20250313_Latest282_Top178,2025-03-13,False,460,460,1.0
DOGE_20250314,2025-03-14,False,1570,2735,1.7421161847469528
DOGE_20250315,2025-03-15,True,3936,3936,1
DOGE_20250316,2025-03-16,True,2709,2709,1
DOGE_20250317,2025-03-17,True,3108,3108,1
DOGE_20250318_Lateat2478,2025-03-18,True,2478,2478,1
DOGE_20250319_Latest2002,2025-03-19,False,2002,2906,1.4516300121484913
DOGE_20250320,2025-03-20,True,2846,2846,1
DOGE_20250321_Latest1518,2025-03-21,False,1518,2854,1.8799018360503712
DOGE_20250322_Latest61,2025-03-22,False,61,1359,22.27696160267112
DOGE_20250323_Latest1601,2025-03-23,False,1601,3495,2.1828736813874485
DOGE_20250324,2025-03-24,True,4260,4260,1
DOGE_20250325,2025-03-25,True,4608,4608,1
DOGE_20250326_Latest2775,2025-03-26,False,2775,4196,1.5121660768415237
DOGE_20250327,2025-03-27,True,4548,4548,1
DOGE_20250328,2025-03-28,True,3097,3097,1
DOGE_20250329,2025-03-29,True,2763,2763,1
DOGE_20250330_Latest1162,2025-03-30,False,1162,2536,2.1828736813874485
DOGE_20250331,2025-03-31,True,4047,4047,1
DOGE_20250401,2025-04-01,True,4415,4415,1
DOGE_20250402,2025-04-02,True,3644,3644,1
DOGE_20250403,2025-04-03,True,3561,3561,1
DOGE_20250404,2025-04-04,True,3856,3856,1
DOGE_20250405,2025-04-05,True,3379,3379,1
DOGE_20250406,2025-04-06,True,3303,3303,1
DOGE_20250407,2025-04-07,True,3650,3650,1
DOGE_20250408,2025-04-08,True,3873,3873,1
DOGE_20250409,2025-04-09,True,4154,4154,1
DOGE_20250410,2025-04-10,True,4350,4350,1
DOGE_20250411,2025-04-11,True,3921,3921,1
DOGE_20250412,2025-04-12,True,3286,3286,1
DOGE_20250413,2025-04-13,True,3180,3180,1
DOGE_20250414,2025-04-14,True,3912,3912,1
DOGE_20250415,2025-04-15,True,4360,4360,1
DOGE_20250416,2025-04-16,True,3256,3256,1
DOGE_20250417,2025-04-17,True,3058,3058,1
DOGE_20250418,2025-04-18,True,3258,3258,1
DOGE_20250419,2025-04-19,True,2870,2870,1
DOGE_20250420,2025-04-20,True,3682,3682,1
DOGE_20250421,2025-04-21,True,4379,4379,1
DOGE_20250422,2025-04-22,True,4298,4298,1
DOGE_20250423,2025-04-23,True,4635,4635,1
DOGE_20250424,2025-04-24,True,3613,3613,1
DOGE_20250425,2025-04-25,True,3701,3701,1
DOGE_20250426,2025-04-26,True,3180,3180,1
DOGE_20250427,2025-04-27,True,3251,3251,1
DOGE_20250428_Latest2455,2025-04-28,False,2455,3213,1.3087168713870252
DOGE_20250429,2025-04-29,True,4481,4481,1
DOGE_20250430,2025-04-30,True,4072,4072,1
DOGE_20250501,2025-05-01,True,4301,4301,1
DOGE_20250502,2025-05-02,True,3598,3598,1
DOGE_20250503_Latest2260,2025-05-03,False,2260,3353,1.4837353851970045
DOGE_20250504,2025-05-04,True,3770,3770,1
DOGE_20250505_Latest982,2025-05-05,False,982,3856,3.92673984820548
DOGE_20250506_Latest1208,2025-05-06,False,1208,3588,2.970317551836634
DOGE_20250507,2025-05-07,True,3933,3933,1
DOGE_20250508,2025-05-08,True,4316,4316,1
DOGE_20250509,2025-05-09,True,5117,5117,1
DOGE_20250510,2025-05-10,True,6344,6344,1
DOGE_20250511_Latest1418,2025-05-11,False,1418,5329,3.7581476778637115
DOGE_20250512_Latest1430,2025-05-12,False,1430,3977,2.7808929479733684
DOGE_20250513,2025-05-13,True,6451,6451,1
DOGE_20250514,2025-05-14,True,5483,5483,1
DOGE_20250515,2025-05-15,True,4605,4605,1
DOGE_20250516,2025-05-16,True,4272,4272,1
DOGE_20250517_Latest1008,2025-05-17,False,1008,3051,3.026548271130314
DOGE_20250518,2025-05-18,True,4446,4446,1
DOGE_20250519_Latest1168,2025-05-19,False,1168,3813,3.2642582162971414
DOGE_20250520_Latest1443,2025-05-20,False,1443,3654,2.5322548531607767
DOGE_20250521,2025-05-21,True,4538,4538,1
DOGE_20250522,2025-05-22,True,5332,5332,1
DOGE_20250523,2025-05-23,True,5132,5132,1
DOGE_20250524_Latest3294,2025-05-24,False,3294,3586,1.0886270094757924
DOGE_20250525_Latest1151,2025-05-25,False,1151,4326,3.7581476778637115
DOGE_20250526,2025-05-26,True,4905,4905,1
DOGE_20250527_Latest3675,2025-05-27,False,3675,4875,1.3266011923582157
DOGE_20250528_Latest1941,2025-05-28,False,1941,4354,2.2433887341260395
DOGE_20250529,2025-05-29,True,4130,4130,1
DOGE_20250530,2025-05-30,True,4193,4193,1
DOGE_20250531_Latest2325,2025-05-31,False,2325,3815,1.6406905116130381
DOGE_20250601_Latest1749,2025-06-01,False,1749,3818,2.1828736813874485
DOGE_20250602_Latest2214,2025-06-02,False,2214,3830,1.7301246929907426
DOGE_20250603_Latest4881,2025-06-03,False,4881,5743,1.176652220548567
DOGE_20250604,2025-06-04,True,5879,5879,1
DOGE_20250605_Latest2483,2025-06-05,False,2483,6259,2.520592556140135
DOGE_20250606_Latest1705,2025-06-06,False,1705,4473,2.6237057263716146
DOGE_20250607,2025-06-07,True,4644,4644,1
DOGE_20250608_Latest2211,2025-06-08,False,2211,4826,2.182873681387448
DOGE_20250609_Latest3907,2025-06-09,False,3907,5324,1.362629268655606
DOGE_20250610_Latest4134,2025-06-10,False,4134,5484,1.326601192358216
DOGE_20250611_Latest6,2025-06-11,False,6,146,24.27331016299137
DOGE_20250612_Latest700,2025-06-12,False,700,3803,5.433327093473107
DOGE_20250613_Latest2706,2025-06-13,False,2706,5087,1.879901836050371
DOGE_20250614_Latest1223,2025-06-14,False,1223,3701,3.0265482711303147
DOGE_20250615_Latest3636,2025-06-15,False,3636,4969,1.3666995501262866
DOGE_20250616_Latest4061,2025-06-16,False,4061,4543,1.1186877555819559
DOGE_20250617_Latest733,2025-06-17,False,733,3203,4.369406510349566
DOGE_20250618_Latest1209,2025-06-18,False,1209,3637,3.0086082680966744
DOGE_20250619_Latest614,2025-06-19,False,614,4552,7.413434932527352
DOGE_20250620_Latest2750,2025-06-20,False,2750,5170,1.879901836050371
DOGE_20250621_Latest372,2025-06-21,False,372,2749,7.389671881489686
DOGE_20250622_Latest676,2025-06-22,False,676,3150,4.659574214324051
DOGE_20250623_Latest1758,2025-06-23,False,1758,4889,2.780892947973368
DOGE_20250624_Latest3352,2025-06-24,False,3352,5668,1.6908210151972152
DOGE_20250625_Latest1394,2025-06-25,False,1394,4194,3.008608268096674
DOGE_20250626_Latest2212,2025-06-26,False,2212,4397,1.9878094020557364
DOGE_20250627_Latest884,2025-06-27,False,884,3923,4.438295997650388
DOGE_20250628_Latest779,2025-06-28,False,779,4287,5.50377397401526
DOGE_20250629_Latest949,2025-06-29,False,949,2991,3.1515762640766676
DOGE_20250630_Latest2288,2025-06-30,False,2288,5477,2.393770871045529
DOGE_20250701_Latest1923,2025-07-01,False,1923,5712,2.970317551836634
DOGE_20250702_Latest1193,2025-07-02,False,1193,4225,3.541126487223645
DOGE_20250703_Latest743,2025-07-03,False,743,3159,4.251321298228912
DOGE_20250704_Latest270,2025-07-04,False,270,3298,12.214975934158797
DOGE_20250705_Latest484,2025-07-05,False,484,3577,7.389671881489686
DOGE_20250706_Latest1413,2025-07-06,False,1413,5310,3.758147677863712
DOGE_20250707_Latest324,2025-07-07,False,324,3448,10.640890076690681
DOGE_20250708_Latest613,2025-07-08,False,613,4674,7.625278698967643
DOGE_20250709_Latest4324,2025-07-09,False,4324,7846,1.8144286027834142
DOGE_20250710_Latest181,2025-07-10,False,181,4623,25.53878867869189
DOGE_20250711_Latest260,2025-07-11,False,260,6775,26.056509130809623
DOGE_20250712_Latest1789,2025-07-12,False,1789,6383,3.567840002139009
DOGE_20250713_Latest3662,2025-07-13,False,3662,6738,1.8398628633861254
DOGE_20250714_Latest5818,2025-07-14,False,5818,7320,1.2581644569622863
DOGE_20250715_Latest5815,2025-07-15,False,5815,8040,1.382686185844406
DOGE_20250716,2025-07-16,True,7644,7644,1
DOGE_20250717,2025-07-17,True,7920,7920,1
DOGE_20250718_Latest6020,2025-07-18,False,6020,9381,1.5583122014783706
DOGE_20250719,2025-07-19,True,8189,8189,1
DOGE_20250720_Latest8722,2025-07-20,False,8722,11291,1.2945148741873704
DOGE_20250721_Latest8356,2025-07-21,False,8356,9348,1.1186877555819557
DOGE_20250722_Latest3581,2025-07-22,False,3581,9068,2.5322548531607767
DOGE_20250723_Latest4182,2025-07-23,False,4182,8365,2.0001728232906544
DOGE_20250724,2025-07-24,True,7379,7379,1
DOGE_20250725,2025-07-25,True,6556,6556,1
DOGE_20250726_Latest3911,2025-07-26,False,3911,6417,1.6406905116130381
DOGE_20250727_Latest756,2025-07-27,False,756,6293,8.323894748055821
DOGE_20250728,2025-07-28,True,8965,8965,1
DOGE_20250729_Latest1956,2025-07-29,False,1956,6951,3.5537625958331156
DOGE_20250730_Latest4431,2025-07-30,False,4431,7025,1.5853508668936636
DOGE_20250731_Latest3239,2025-07-31,False,3239,6439,1.9878094020557364
DOGE_20250801_Latest5142,2025-08-01,False,5142,8013,1.5583122014783706
DOGE_20250802_Latest1275,2025-08-02,False,1275,5485,4.302055291367776
DOGE_20250803_Latest1546,2025-08-03,False,1546,9449,6.111855073370671
DOGE_20250804_Latest3318,2025-08-04,False,3318,10831,3.2642582162971414
DOGE_20250805_Latest17619,2025-08-05,False,17619,18292,1.038179466706801
DOGE_20250806_Latest2653,2025-08-06,False,2653,7982,3.0086082680966744
DOGE_20250807_Latest2022,2025-08-07,False,2022,6995,3.4595931503039457
DOGE_20250808_Latest2058,2025-08-08,False,2058,6279,3.051165565345081
DOGE_20250809_Latest3100,2025-08-09,False,3100,7093,2.2880683133428783
DOGE_20250810_Latest3342,2025-08-10,False,3342,8111,2.426852524800755
DOGE_20250811_Latest3153,2025-08-11,False,3153,6689,2.1215097792784707
DOGE_20250812_Latest8396_MemoryError,2025-08-12,False,8398,10283,1.2244613061032918
DOGE_20250813_Latest1232,2025-08-13,False,1232,6744,5.473885488033945
DOGE_20250814_Latest744,2025-08-14,False,744,5516,7.413434932527351
DOGE_20250815_Latest2769,2025-08-15,False,2769,7265,2.623705726371614
DOGE_20250816_Latest1769,2025-08-16,False,1769,6312,3.567840002139009
DOGE_20250817_Latest6248,2025-08-17,False,6248,8539,1.3666995501262866
DOGE_20250818_Latest2456,2025-08-18,False,2456,8017,3.2642582162971414
DOGE_20250819_Latest3158,2025-08-19,False,3158,7997,2.5322548531607767
DOGE_20250820_Latest1279,2025-08-20,False,1279,5524,4.319258287749379
DOGE_20250821_Latest4159,2025-08-21,False,4159,5891,1.4165595666108115
DOGE_20250822_Latest2480,2025-08-22,False,2480,7567,3.0511655653450807
DOGE_20250823_Latest4355,2025-08-23,False,4355,5867,1.3472018899736495
DOGE_20250824_Latest4211,2025-08-24,False,4211,6582,1.5630843832393788
DOGE_20250825_Latest1857,2025-08-25,False,1857,5164,2.780892947973368
DOGE_20250826_Latest387,2025-08-26,False,387,4592,11.864730919479914
DOGE_20250827_Latest939,2025-08-27,False,939,4056,4.319258287749379
DOGE_20250828_Latest948,2025-08-28,False,948,4030,4.251321298228912
DOGE_20250829_Latest434,2025-08-29,False,434,5301,12.214975934158797
DOGE_20250830_Latest369,2025-08-30,False,369,4144,11.229403349322562
DOGE_20250831_Latest10,2025-08-31,False,10,271,27.076166054473628
