date,price,tweet_count,has_tweet,price_diff
2013/12/15,0.000558776,242,True,-0.00025947599999999997
2013/12/16,0.0002993,523,True,-8.112400000000002e-05
2013/12/17,0.000218176,498,True,4.957300000000002e-05
2013/12/18,0.000267749,645,True,0.00020734999999999997
2013/12/19,0.000475099,959,True,0.000513799
2013/12/20,0.000988898,825,True,-0.000551001
2013/12/21,0.000437897,495,True,-3.2777e-05
2013/12/22,0.00040512,623,True,-7.533600000000001e-05
2013/12/23,0.000329784,724,True,0.00038191
2013/12/24,0.000711694,371,True,-0.00013002900000000004
2013/12/25,0.000581665,310,True,-2.459700000000001e-05
2013/12/26,0.000557068,1960,True,-1.3071999999999932e-05
2013/12/27,0.000543996,847,True,-1.1412000000000032e-05
2013/12/28,0.000532584,414,True,-0.000121078
2013/12/29,0.000411506,497,True,2.7809000000000004e-05
2013/12/30,0.000439315,412,True,-2.7800000000004037e-07
2013/12/31,0.000439037,259,True,-8.878999999999994e-06
2014/01/01,0.000430158,253,True,-7.948599999999998e-05
2014/01/02,0.000350672,469,True,-3.462000000000002e-05
2014/01/03,0.000316052,429,True,-3.2981000000000015e-05
2014/01/04,0.000283071,263,True,-1.153199999999997e-05
2014/01/05,0.000271539,207,True,-1.839000000000002e-05
2014/01/06,0.000253149,253,True,-2.2551999999999983e-05
2014/01/07,0.000230597,224,True,-2.2464999999999996e-05
2014/01/08,0.000208132,231,True,4.047599999999998e-05
2014/01/09,0.000248608,244,True,-3.1079999999999845e-06
2014/01/10,0.0002455,240,True,0.00011674599999999998
2014/01/11,0.000362246,249,True,-1.020000000000014e-06
2014/01/12,0.000361226,181,True,-3.113399999999999e-05
2014/01/13,0.000330092,214,True,-4.283599999999998e-05
2014/01/14,0.000287256,527,True,6.270100000000002e-05
2014/01/15,0.000349957,540,True,6.519999999999996e-05
2014/01/16,0.000415157,298,True,-2.2791999999999995e-05
2014/01/17,0.000392365,444,True,3.6521000000000025e-05
2014/01/18,0.000428886,395,True,0.00015680400000000003
2014/01/19,0.00058569,462,True,0.00018947599999999995
2014/01/20,0.000775166,2186,True,0.001053194
2014/01/21,0.00182836,1508,True,-2.684999999999992e-05
2014/01/22,0.00180151,774,True,-0.0002596600000000001
2014/01/23,0.00154185,654,True,0.00012574000000000005
2014/01/24,0.00166759,789,True,0.00014325999999999987
2014/01/25,0.00181085,391,True,-4.113999999999984e-05
2014/01/26,0.00176971,117,True,-0.0001427100000000001
2014/01/27,0.001627,28,True,-0.0002850699999999999
2014/01/28,0.00134193,167,True,4.662999999999998e-05
2014/01/29,0.00138856,68,True,8.628999999999993e-05
2014/01/30,0.00147485,28,True,6.0080000000000116e-05
2014/01/31,0.00153493,43,True,-1.9800000000000156e-05
2014/02/01,0.00151513,1310,True,-0.00010074999999999993
2014/02/02,0.00141438,761,True,-8.007999999999995e-05
2014/02/03,0.0013343,708,True,-0.00021127000000000016
2014/02/04,0.00112303,917,True,0.00018948000000000012
2014/02/05,0.00131251,807,True,-2.2800000000001205e-06
2014/02/06,0.00131023,741,True,-0.00018743999999999987
2014/02/07,0.00112279,1011,True,9.590000000000076e-06
2014/02/08,0.00113238,670,True,8.293999999999988e-05
2014/02/09,0.00121532,612,True,-2.1820000000000086e-05
2014/02/10,0.0011935,585,True,0.00042357000000000007
2014/02/11,0.00161707,103,True,0.00026855999999999994
2014/02/12,0.00188563,84,True,-0.0001266399999999999
2014/02/13,0.00175899,43,True,-0.00014213000000000008
2014/02/14,0.00161686,97,True,-0.00015394999999999992
2014/02/15,0.00146291,515,True,-3.322999999999998e-05
2014/02/16,0.00142968,0,False,-4.867000000000001e-05
2014/02/17,0.00138101,953,True,-2.4750000000000032e-05
2014/02/18,0.00135626,636,True,2.3400000000000027e-05
2014/02/19,0.00137966,667,True,-0.00013035
2014/02/20,0.00124931,513,True,-5.436999999999998e-05
2014/02/21,0.00119494,708,True,7.101000000000004e-05
2014/02/22,0.00126595,556,True,-6.488999999999996e-05
2014/02/23,0.00120106,510,True,-0.0001035700000000001
2014/02/24,0.00109749,706,True,-0.00013604800000000005
2014/02/25,0.000961442,778,True,0.00016069800000000003
2014/02/26,0.00112214,965,True,4.0090000000000004e-05
2014/02/27,0.00116223,746,True,-8.441000000000004e-05
2014/02/28,0.00107782,601,True,-1.0070000000000044e-05
2014/03/01,0.00106775,999,True,-0.00010870999999999993
2014/03/02,0.00095904,491,True,0.0001024000000000001
2014/03/03,0.00106144,551,True,3.396999999999992e-05
2014/03/04,0.00109541,568,True,-4.97500000000001e-05
2014/03/05,0.00104566,515,True,2.6850000000000138e-05
2014/03/06,0.00107251,426,True,-6.12500000000001e-05
2014/03/07,0.00101126,490,True,-7.516899999999993e-05
2014/03/08,0.000936091,366,True,-9.480600000000001e-05
2014/03/09,0.000841285,371,True,3.2972000000000036e-05
2014/03/10,0.000874257,601,True,-8.560000000000002e-05
2014/03/11,0.000788657,519,True,-3.5220999999999994e-05
2014/03/12,0.000753436,552,True,0.000167658
2014/03/13,0.000921094,612,True,-4.5093000000000064e-05
2014/03/14,0.000876001,606,True,-7.678000000000003e-06
2014/03/15,0.000868323,528,True,-3.163499999999991e-05
2014/03/16,0.000836688,812,True,-3.189600000000001e-05
2014/03/17,0.000804792,898,True,-3.5208000000000006e-05
2014/03/18,0.000769584,924,True,1.9165000000000024e-05
2014/03/19,0.000788749,975,True,-2.4153000000000065e-05
2014/03/20,0.000764596,934,True,-4.495599999999997e-05
2014/03/21,0.00071964,690,True,-2.6972e-05
2014/03/22,0.000692668,716,True,-9.460999999999996e-06
2014/03/23,0.000683207,328,True,1.663000000000001e-05
2014/03/24,0.000699837,696,True,-2.502400000000001e-05
2014/03/25,0.000674813,1234,True,-2.9489000000000056e-05
2014/03/26,0.000645324,1847,True,-9.8902e-05
2014/03/27,0.000546422,1718,True,-1.6685000000000007e-05
2014/03/28,0.000529737,999,True,8.538600000000001e-05
2014/03/29,0.000615123,754,True,-8.408500000000002e-05
2014/03/30,0.000531038,717,True,-2.8714999999999904e-05
2014/03/31,0.000502323,957,True,3.383925599999998e-05
2014/04/01,0.000536162256,955,True,-5.9270906000000005e-05
2014/04/02,0.00047689135,739,True,-3.4279972000000034e-05
2014/04/03,0.000442611378,1044,True,2.4222990000000015e-05
2014/04/04,0.000466834368,892,True,1.1936309000000001e-05
2014/04/05,0.000478770677,743,True,-1.3460848999999992e-05
2014/04/06,0.000465309828,682,True,-5.50682800000001e-06
2014/04/07,0.000459803,918,True,-4.8345619999999785e-06
2014/04/08,0.000454968438,1020,True,-1.917212100000003e-05
2014/04/09,0.000435796317,1083,True,-0.00011103968699999997
2014/04/10,0.00032475663,848,True,0.00010370079599999999
2014/04/11,0.000428457426,591,True,-1.621062600010002e-05
2014/04/12,0.0004122467999999,410,True,-3.4642754999899986e-05
2014/04/13,0.000377604045,404,True,6.6300741e-05
2014/04/14,0.000443904786,522,True,0.00013343207700000002
2014/04/15,0.000577336863,520,True,0.00012644926199999998
2014/04/16,0.000703786125,653,True,-8.084212500000007e-05
2014/04/17,0.000622944,481,True,-3.4719623999999896e-05
2014/04/18,0.000588224376,495,True,4.8746028999999895e-05
2014/04/19,0.000636970405,289,True,-1.5323279999999995e-05
2014/04/20,0.000621647125,0,False,-1.5658965999999926e-05
2014/04/21,0.000605988159,271,True,-3.386126500000007e-05
2014/04/22,0.000572126894,167,True,-6.597893999999902e-06
2014/04/23,0.000565529,239,True,2.8852949999999024e-06
2014/04/24,0.000568414295,0,False,-6.831499199999992e-05
2014/04/25,0.000500099303,91,True,-2.814730300000005e-05
2014/04/26,0.000471952,146,True,-2.5271967999999977e-05
2014/04/27,0.000446680032,32,True,2.5193567999999967e-05
2014/04/28,0.0004718736,408,True,2.0156099999999995e-05
2014/04/29,0.0004920297,79,True,1.0816684000000058e-05
2014/04/30,0.000502846384,69,True,6.855871999999932e-06
2014/05/01,0.000509702256,540,True,-2.6316249999999946e-05
2014/05/02,0.000483386006,554,True,-2.765104100000001e-05
2014/05/03,0.000455734965,21,True,1.7263122999999997e-05
2014/05/04,0.000472998088,567,True,-1.817742200000002e-05
2014/05/05,0.000454820666,197,True,-6.71909599999997e-06
2014/05/06,0.00044810157,116,True,2.1949429999999965e-05
2014/05/07,0.000470051,10,True,-6.44590199999997e-06
2014/05/08,0.000463605098,24,True,1.9687665999999998e-05
2014/05/09,0.000483292764,156,True,8.875859999999693e-07
2014/05/10,0.00048418035,367,True,-3.0445717999999988e-05
2014/05/11,0.000453734632,338,True,-5.760831999999981e-06
2014/05/12,0.0004479738,723,True,2.450349999999989e-06
2014/05/13,0.00045042415,1184,True,2.707484000000031e-06
2014/05/14,0.000453131634,696,True,-8.88163400000004e-06
2014/05/15,0.00044425,263,True,9.150000000000412e-07
2014/05/16,0.000445165,34,True,6.882999999999846e-07
2014/05/17,0.0004458533,1390,True,-6.082132999999984e-06
2014/05/18,0.000439771167,802,True,4.098832999999992e-06
2014/05/19,0.00044387,495,True,1.5375864999999994e-05
2014/05/20,0.000459245865,469,True,-4.688184000000003e-06
2014/05/21,0.000454557681,494,True,-2.601887500000002e-05
2014/05/22,0.000428538806,496,True,-1.4203556000000014e-05
2014/05/23,0.00041433525,402,True,1.4613556000000018e-05
2014/05/24,0.000428948806,282,True,-1.3303814999999987e-05
2014/05/25,0.000415644991,400,True,-2.1502235000100012e-05
2014/05/26,0.0003941427559999,340,True,-6.899756000000004e-06
2014/05/27,0.0003872429999999,349,True,1.4132440000000227e-06
2014/05/28,0.0003886562439999,322,True,1.373156000099979e-06
2014/05/29,0.0003900294,292,True,-4.218724799999999e-05
2014/05/30,0.000347842152,373,True,-1.2772152000000022e-05
2014/05/31,0.00033507,312,True,8.103510500000004e-05
2014/07/01,0.0002585847165591,567,True,-3.7366564995500005e-05
2014/07/02,0.0002212181515636,74,True,-5.750816191699978e-06
2014/07/03,0.0002154673353719,483,True,1.581832303049999e-05
2014/07/04,0.0002312856584024,439,True,-1.0315415047299994e-05
2014/07/05,0.0002209702433551,378,True,1.135757741079998e-05
2014/07/06,0.0002323278207659,310,True,-9.193943319899981e-06
2014/07/07,0.000223133877446,466,True,3.6637022959899995e-05
2014/07/08,0.0002597709004059,418,True,2.0654866051900004e-05
2014/07/09,0.0002804257664578,404,True,-1.3919803947100014e-05
2014/07/10,0.0002665059625107,335,True,3.0464709442000167e-06
2014/07/11,0.0002695524334549,336,True,2.4089694093999974e-06
2014/07/12,0.0002719614028643,324,True,-5.0555460963999915e-06
2014/07/13,0.0002669058567679,240,True,-1.2094728396799999e-05
2014/07/14,0.0002548111283711,433,True,-4.776948869999998e-06
2014/07/15,0.0002500341795011,505,True,-1.6062616230000008e-05
2014/07/16,0.0002339715632711,371,True,2.3344829686399972e-05
2014/07/17,0.0002573163929575,391,True,-1.2305225305299968e-05
2014/07/18,0.0002450111676522,353,True,-6.399482655800016e-06
2014/07/19,0.0002386116849964,303,True,-2.2496354107000066e-06
2014/07/20,0.0002363620495857,295,True,-4.487612666499984e-06
2014/07/21,0.0002318744369192,291,True,-1.5349802201400012e-05
2014/07/22,0.0002165246347178,308,True,5.606347593400013e-06
2014/07/23,0.0002221309823112,337,True,-9.917927251700003e-06
2014/07/24,0.0002122130550595,356,True,-2.5737570759999445e-07
2014/07/25,0.0002119556793519,506,True,-8.021491990900016e-06
2014/07/26,0.000203934187361,307,True,1.3325747426600008e-05
2014/07/27,0.0002172599347876,182,True,-1.3676334033e-05
2014/07/28,0.0002035836007546,284,True,5.768299999099987e-06
2014/07/29,0.0002093519007537,289,True,-1.3476399314099992e-05
2014/07/30,0.0001958755014396,320,True,1.1023635404900007e-05
2014/07/31,0.0002068991368445,258,True,2.406616805800002e-06
2014/08/01,0.0002093057536503,244,True,-3.021945184600018e-06
2014/08/02,0.0002062838084657,215,True,-5.8979070322999776e-06
2014/08/03,0.0002003859014334,315,True,1.1828034349997533e-07
2014/08/04,0.0002005041817769,458,True,-1.4251181326299986e-05
2014/08/05,0.0001862530004506,374,True,-7.037345454499988e-06
2014/08/06,0.0001792156549961,303,True,-7.153716717000179e-07
2014/08/07,0.0001785002833244,327,True,-1.164721703729999e-05
2014/08/08,0.0001668530662871,300,True,-4.284952398999958e-07
2014/08/09,0.0001664245710472,224,True,-1.697760310740001e-05
2014/08/10,0.0001494469679398,264,True,-7.81854256559999e-06
2014/08/11,0.0001416284253742,380,True,5.914847710799978e-06
2014/08/12,0.000147543273085,288,True,-4.12361650759999e-06
2014/08/13,0.0001434196565774,311,True,1.8750247798000159e-06
2014/08/14,0.0001452946813572,375,True,-2.6786683226900007e-05
2014/08/15,0.0001185079981303,257,True,1.636015129299999e-05
2014/08/16,0.0001348681494233,236,True,-1.023290728879999e-05
2014/08/17,0.0001246352421345,208,True,-1.852211008150001e-05
2014/08/18,0.000106113132053,285,True,9.161674145800004e-06
2014/08/19,0.0001152748061988,406,True,1.5005179675799991e-05
2014/08/20,0.0001302799858746,326,True,-1.216795562999928e-07
2014/08/21,0.0001301583063183,339,True,-5.69950562939999e-06
2014/08/22,0.0001244588006889,453,True,-5.4342683569000045e-06
2014/08/23,0.000119024532332,288,True,3.7520348255000013e-06
2014/08/24,0.0001227765671575,262,True,-1.0694670081200003e-05
2014/08/25,0.0001120818970763,336,True,3.7598910298699986e-05
2014/08/26,0.000149680807375,371,True,-1.1622293649799983e-05
2014/08/27,0.0001380585137252,304,True,-5.563466395299999e-06
2014/08/28,0.0001324950473299,266,True,-4.178020875700013e-06
2014/08/29,0.0001283170264542,276,True,5.641182967299998e-06
2014/08/30,0.0001339582094215,214,True,-1.2122453931999835e-06
2014/08/31,0.0001327459640283,316,True,-3.00639938960001e-06
2014/09/01,0.0001297395646387,420,True,-6.505164918000012e-07
2014/09/02,0.0001290890481469,278,True,8.201958988499991e-06
2014/09/03,0.0001372910071354,370,True,2.1151913999400024e-05
2014/09/04,0.0001584429211348,813,True,6.8274402147e-06
2014/09/05,0.0001652703613495,464,True,4.216839579549998e-05
2014/09/06,0.000207438757145,419,True,-2.01844715706e-05
2014/09/07,0.0001872542855744,337,True,-1.0002131492199999e-05
2014/09/08,0.0001772521540822,323,True,1.7720556098600016e-05
2014/09/09,0.0001949727101808,308,True,-8.2044102297e-06
2014/09/10,0.0001867682999511,358,True,2.10256328369e-05
2014/09/11,0.000207793932788,447,True,-8.075422637000016e-07
2014/09/12,0.0002069863905243,454,True,5.4849747352700006e-05
2014/09/13,0.000261836137877,357,True,7.121990639179996e-05
2014/09/14,0.0003330560442688,590,True,-7.38341602749996e-06
2014/09/15,0.0003256726282413,488,True,-4.04752994592e-05
2014/09/16,0.0002851973287821,401,True,-1.75452162758e-05
2014/09/17,0.0002676521125063,357,True,2.85044116288e-05
2014/09/18,0.0002961565241351,415,True,-2.0294668848700023e-05
2014/09/19,0.0002758618552864,382,True,1.666019491550002e-05
2014/09/20,0.0002925220502019,401,True,-7.031289031500022e-06
2014/09/21,0.0002854907611704,402,True,8.833332725800011e-06
2014/09/22,0.0002943240938962,326,True,1.7567722450099977e-05
2014/09/23,0.0003118918163463,350,True,3.6081552473e-05
2014/09/24,0.0003479733688193,57,True,2.2566019285500023e-05
2014/09/25,0.0003705393881048,455,True,7.741478702669998e-05
2014/09/26,0.0004479541751315,559,True,-7.165050545080001e-05
2014/09/27,0.0003763036696807,401,True,1.6343976542200012e-05
2014/09/28,0.0003926476462229,403,True,1.6751570480001742e-07
2014/09/29,0.0003928151619277,388,True,6.232909113100017e-06
2014/09/30,0.0003990480710408,393,True,-3.3984860715700026e-05
2014/10/01,0.0003650632103251,366,True,-3.438282415470001e-05
2014/10/02,0.0003306803861704,317,True,-9.978454925900016e-06
2014/10/03,0.0003207019312445,314,True,-2.672655131669995e-05
2014/10/04,0.0002939753799278,337,True,-1.951098764370004e-05
2014/10/05,0.0002744643922841,344,True,1.894650378460002e-05
2014/10/06,0.0002934108960687,431,True,-1.3516910099997843e-08
2014/10/07,0.0002933973791586,514,True,-3.7227480106999866e-06
2014/10/08,0.0002896746311479,349,True,3.420096316000061e-07
2014/10/09,0.0002900166407795,252,True,-2.151117531930003e-05
2014/10/10,0.0002685054654602,269,True,9.635122114599979e-06
2014/10/11,0.0002781405875748,212,True,1.3113213546600035e-05
2014/10/12,0.0002912538011214,229,True,-7.2543757114999926e-06
2014/10/13,0.0002839994254099,267,True,-1.01983081260003e-06
2014/10/14,0.0002829795945973,271,True,-1.1426655545199974e-05
2014/10/15,0.0002715529390521,790,True,-1.5348441889200025e-05
2014/10/16,0.0002562044971629,403,True,-7.3533072417e-06
2014/10/17,0.0002488511899212,282,True,6.156973315400011e-06
2014/10/18,0.0002550081632366,230,True,-1.6946439109699987e-05
2014/10/19,0.0002380617241269,288,True,-8.466438698600013e-06
2014/10/20,0.0002295952854283,247,True,-1.5170704365000088e-06
2014/10/21,0.0002280782149918,340,True,2.5374644305899992e-05
2014/10/22,0.0002534528592977,307,True,-7.97721662699997e-06
2014/10/23,0.0002454756426707,327,True,4.650366559699997e-06
2014/10/24,0.0002501260092304,282,True,-1.9296408967000374e-06
2014/10/25,0.0002481963683337,205,True,-8.599648266999519e-07
2014/10/26,0.000247336403507,221,True,3.664348907999834e-07
2014/10/27,0.0002477028383978,19,True,6.272038347299982e-06
2014/10/28,0.0002539748767451,292,True,-1.5087712882599983e-05
2014/10/29,0.0002388871638625,369,True,3.2856320160000885e-07
2014/10/30,0.0002392157270641,242,True,-3.847436181700017e-06
2014/10/31,0.0002353682908824,274,True,-1.3039032411899995e-05
2015/11/01,0.0001337011571281,140,True,3.5580415076000055e-06
2015/11/02,0.0001372591986357,24,True,8.769383237700008e-06
2015/11/03,0.0001460285818734,0,False,-1.2223317595399993e-05
2015/11/04,0.000133805264278,10,True,4.434631792199983e-06
2015/11/05,0.0001382398960702,0,False,-2.9625490849998696e-07
2015/11/06,0.0001379436411617,163,True,2.892857242700001e-06
2015/11/07,0.0001408364984044,69,True,-8.428154208499995e-06
2015/11/08,0.0001324083441959,29,True,8.578254044999797e-07
2015/11/09,0.0001332661696004,149,True,-1.2790711830899988e-05
2015/11/10,0.0001204754577695,155,True,1.4266607054000006e-06
2015/11/11,0.0001219021184749,105,True,8.592296532000006e-06
2015/11/12,0.0001304944150069,120,True,2.270928890299982e-06
2015/11/13,0.0001327653438972,139,True,-2.8465896569999916e-06
2015/11/14,0.0001299187542402,136,True,-4.507468039399991e-06
2015/11/15,0.0001254112862008,141,True,5.128105252299981e-06
2015/11/16,0.0001305393914531,136,True,1.7676114044000207e-06
2015/11/17,0.0001323070028575,132,True,2.104568472399991e-06
2015/11/18,0.0001344115713299,151,True,-3.825992383799998e-06
2015/11/19,0.0001305855789461,150,True,-2.5992512785999987e-06
2015/11/20,0.0001279863276675,152,True,2.9893191798999934e-06
2015/11/21,0.0001309756468474,105,True,-4.336042039899984e-06
2015/11/22,0.0001266396048075,136,True,2.3724125156999814e-06
2015/11/23,0.0001290120173232,129,True,-7.561962414999966e-07
2015/11/24,0.0001282558210817,156,True,5.730193215399993e-06
2015/11/25,0.0001339860142971,151,True,-3.281699481999772e-07
2015/11/26,0.0001336578443489,168,True,2.0768020719997985e-07
2015/11/27,0.0001338655245561,177,True,-2.157065707399997e-06
2015/11/28,0.0001317084588487,168,True,1.4331337635000167e-06
2015/11/29,0.0001331415926122,170,True,-3.6854758134999993e-06
2015/11/30,0.0001294561167987,267,True,-2.3480803820000184e-06
2015/12/01,0.0001271080364167,40,True,1.906309331400018e-06
2015/12/02,0.0001290143457481,2,True,-1.9891925023e-06
2015/12/03,0.0001270251532458,0,False,2.0716602510999964e-06
2015/12/04,0.0001290968134969,8,True,2.5174664026000025e-06
2015/12/05,0.0001316142798995,137,True,-3.4142172298000167e-06
2015/12/06,0.0001282000626697,154,True,-5.287496039998226e-08
2015/12/07,0.0001281471877093,173,True,1.688954750699999e-05
2015/12/08,0.0001450367352163,197,True,4.144023800999996e-06
2015/12/09,0.0001491807590173,208,True,-4.787585843699988e-06
2015/12/10,0.0001443931731736,194,True,1.318866492149999e-05
2015/12/11,0.0001575818380951,214,True,-2.8087105293999963e-06
2015/12/12,0.0001547731275657,138,True,-1.9732846276999927e-06
2015/12/13,0.000152799842938,158,True,-1.1679617008000201e-06
2015/12/14,0.0001516318812372,174,True,9.042246030199996e-06
2015/12/15,0.0001606741272674,167,True,1.0277475479000082e-06
2015/12/16,0.0001617018748153,157,True,-3.620101026499987e-06
2015/12/17,0.0001580817737888,164,True,2.4583458563000023e-06
2015/12/18,0.0001605401196451,202,True,1.004741428599999e-06
2015/12/19,0.0001615448610737,166,True,-9.677524956000011e-06
2015/12/20,0.0001518673361177,128,True,-2.0499256258000003e-06
2015/12/21,0.0001498174104919,142,True,-1.8401128219000117e-06
2015/12/22,0.00014797729767,201,True,4.209755903200005e-06
2015/12/23,0.0001521870535732,130,True,3.5724659411000195e-06
2015/12/24,0.0001557595195143,161,True,-1.0932889222000188e-06
2015/12/25,0.0001546662305921,129,True,-7.979118880999987e-06
2015/12/26,0.0001466871117111,116,True,5.311804450899995e-06
2015/12/27,0.000151998916162,121,True,-1.3756890272899992e-05
2015/12/28,0.0001382420258891,146,True,2.3633232278199993e-05
2015/12/29,0.0001618752581673,169,True,-1.2092834520100002e-05
2015/12/30,0.0001497824236472,179,True,2.3198564475999895e-06
2015/12/31,0.0001521022800948,121,True,-1.6494358024299994e-05
2016/01/01,0.0001356079220705,104,True,2.1220897491700007e-05
2016/01/02,0.0001568288195622,101,True,-6.360763469000002e-06
2016/01/03,0.0001504680560932,98,True,-1.720963676500012e-06
2016/01/04,0.0001487470924167,121,True,7.533448364400021e-06
2016/01/05,0.0001562805407811,137,True,5.931887364299995e-06
2016/01/06,0.0001622124281454,121,True,-7.088894645799999e-06
2016/01/07,0.0001551235334996,163,True,5.927807526999993e-06
2016/01/08,0.0001610513410266,143,True,2.4047734765399994e-05
2016/01/09,0.000185099075792,146,True,-3.945170091099995e-06
2016/01/10,0.0001811539057009,121,True,2.552466961299989e-06
2016/01/11,0.0001837063726622,103,True,6.3037658778000195e-06
2016/01/12,0.00019001013854,125,True,-3.1122250295000185e-06
2016/01/13,0.0001868979135105,107,True,-4.488324752399995e-06
2016/01/14,0.0001824095887581,94,True,-3.3546298420299994e-05
2016/01/15,0.0001488632903378,151,True,7.199717797600001e-06
2016/01/16,0.0001560630081354,105,True,-3.4357928186999967e-06
2016/01/17,0.0001526272153167,105,True,-3.187679500500011e-06
2016/01/18,0.0001494395358162,150,True,-1.4934677999999977e-06
2016/01/19,0.0001479460680162,119,True,1.7185593839700008e-05
2016/01/20,0.0001651316618559,110,True,-5.408451078500005e-06
2016/01/21,0.0001597232107774,132,True,4.398216456399999e-06
2016/01/22,0.0001641214272338,120,True,7.380812547000008e-06
2016/01/23,0.0001715022397808,91,True,1.7503378716099996e-05
2016/01/24,0.0001890056184969,222,True,2.2069568293899998e-05
2016/01/25,0.0002110751867908,277,True,0.0001301216950984
2016/01/26,0.0003411968818892,331,True,0.00010817796830490001
2016/01/27,0.0004493748501941,392,True,-0.00010812404795840002
2016/01/28,0.0003412508022357,249,True,-2.5260224675599996e-05
2016/01/29,0.0003159905775601,244,True,-5.9804974942999974e-05
2016/01/30,0.0002561856026171,184,True,6.7196497481999875e-06
2016/01/31,0.0002629052523653,265,True,-6.773824432000273e-07
2016/02/01,0.0002622278699221,199,True,-2.06169927339996e-06
2016/02/02,0.0002601661706487,285,True,2.153619333999956e-07
2016/02/03,0.0002603815325821,318,True,2.5603483102700007e-05
2016/02/04,0.0002859850156848,207,True,1.1215277914099957e-05
2016/02/05,0.0002972002935989,182,True,-6.114999886999901e-07
2016/02/06,0.0002965887936102,224,True,-1.5285098362599993e-05
2016/02/07,0.0002813036952476,251,True,-2.8278820840001943e-07
2016/02/08,0.0002810209070392,188,True,6.28452355460002e-06
2016/02/09,0.0002873054305938,156,True,1.7495692157000193e-06
2016/02/10,0.0002890549998095,218,True,-9.410107071500002e-06
2016/02/11,0.000279644892738,189,True,1.4703923392400003e-05
2016/02/12,0.0002943488161304,163,True,-5.9785576691000425e-06
2016/02/13,0.0002883702584613,158,True,3.285036418300023e-06
2016/02/14,0.0002916552948796,151,True,-1.1053586869000029e-06
2016/02/15,0.0002905499361927,148,True,-6.7487573456000215e-06
2016/02/16,0.0002838011788471,178,True,-1.0830616175299995e-05
2016/02/17,0.0002729705626718,172,True,-1.7960578022999823e-06
2016/02/18,0.0002711745048695,177,True,1.9084390551600008e-05
2016/02/19,0.0002902588954211,250,True,-2.537818974200027e-06
2016/02/20,0.0002877210764469,167,True,-4.871596770399957e-06
2016/02/21,0.0002828494796765,164,True,-3.834191166800032e-06
2016/02/22,0.0002790152885097,168,True,-2.638605570500006e-06
2016/02/23,0.0002763766829392,158,True,-2.3262631647999877e-06
2016/02/24,0.0002740504197744,160,True,-1.0024983207599996e-05
2016/02/25,0.0002640254365668,216,True,-6.204215894599992e-06
2016/02/26,0.0002578212206722,190,True,-3.988965502099999e-06
2016/02/27,0.0002538322551701,153,True,-1.1609698225999903e-06
2016/02/28,0.0002526712853475,189,True,-4.388638086900022e-06
2016/02/29,0.0002482826472606,190,True,-1.2823708530999844e-06
2016/03/01,0.0002470002764075,135,True,-5.4431664717e-06
2016/03/02,0.0002415571099358,146,True,-5.330291830000274e-08
2016/03/03,0.0002415038070175,171,True,-5.278984183100006e-06
2016/03/04,0.0002362248228344,156,True,-1.656472578019999e-05
2016/03/05,0.0002196600970542,160,True,-8.5265823610001e-07
2016/03/06,0.0002188074388181,161,True,9.795627867499986e-06
2016/03/07,0.0002286030666856,203,True,-9.142980343599988e-06
2016/03/08,0.000219460086342,150,True,6.529388660800014e-06
2016/03/09,0.0002259894750028,151,True,1.7556783888899978e-05
2016/03/10,0.0002435462588917,203,True,-3.878329787099992e-06
2016/03/11,0.0002396679291046,161,True,-5.268457791899987e-06
2016/03/12,0.0002343994713127,155,True,8.034328154199992e-06
2016/03/13,0.0002424337994669,183,True,-7.545355279600007e-06
2016/03/14,0.0002348884441873,173,True,-4.751467842399989e-06
2016/03/15,0.0002301369763449,129,True,-2.832828173000016e-06
2016/03/16,0.0002273041481719,126,True,-5.95110006189998e-06
2016/03/17,0.00022135304811,172,True,-9.755013807500001e-06
2016/03/18,0.0002115980343025,154,True,6.407744132999978e-06
2016/03/19,0.0002180057784355,167,True,-7.558112551499978e-06
2016/03/20,0.000210447665884,170,True,1.7869221647999923e-06
2016/03/21,0.0002122345880488,159,True,2.6960832819999513e-07
2016/03/22,0.000212504196377,167,True,7.419646645000124e-07
2016/03/23,0.0002132461610415,145,True,-7.37267896800016e-07
2016/03/24,0.0002125088931447,139,True,7.570170820999961e-07
2016/03/25,0.0002132659102268,131,True,-1.2664828782000018e-06
2016/03/26,0.0002119994273486,141,True,2.293579984800014e-06
2016/03/27,0.0002142930073334,181,True,-6.779796283000092e-07
2016/03/28,0.0002136150277051,140,True,4.2283964034800015e-05
2016/03/29,0.0002558989917399,175,True,-2.4893950331800023e-05
2016/03/30,0.0002310050414081,140,True,1.3182098022000168e-06
2016/03/31,0.0002323232512103,152,True,-9.243728811800006e-06
2016/04/01,0.0002230795223985,170,True,2.682673842900016e-06
2016/04/02,0.0002257621962414,147,True,-4.417904225300018e-06
2016/04/03,0.0002213442920161,170,True,-1.4306908880000403e-07
2016/04/04,0.0002212012229273,130,True,-8.006724364099997e-06
2016/04/05,0.0002131944985632,120,True,1.3548732600009465e-08
2016/04/06,0.0002132080472958,162,True,-5.4396325253e-06
2016/04/07,0.0002077684147705,145,True,2.5069202677999993e-06
2016/04/08,0.0002102753350383,148,True,5.281641618000042e-07
2016/04/09,0.0002108034992001,135,True,-8.168608787899995e-06
2016/04/10,0.0002026348904122,169,True,8.635637262599977e-06
2016/04/11,0.0002112705276748,155,True,1.766327181810002e-05
2016/04/12,0.0002289337994929,197,True,5.972488476699983e-06
2016/04/13,0.0002349062879696,153,True,-5.078403755500002e-06
2016/04/14,0.0002298278842141,162,True,3.2754976539000073e-06
2016/04/15,0.000233103381868,147,True,-3.619366012799991e-06
2016/04/16,0.0002294840158552,132,True,-2.1499206491000153e-06
2016/04/17,0.0002273340952061,156,True,-6.851312581699991e-06
2016/04/18,0.0002204827826244,160,True,1.4233100257000073e-06
2016/04/19,0.0002219060926501,188,True,4.1319861549e-06
2016/04/20,0.000226038078805,181,True,1.2592284366999855e-06
2016/04/21,0.0002272973072417,191,True,-1.5683745295999834e-06
2016/04/22,0.0002257289327121,185,True,-1.844257182500019e-06
2016/04/23,0.0002238846755296,172,True,4.9865320762000035e-06
2016/04/24,0.0002288712076058,158,True,2.4747870999000177e-06
2016/04/25,0.0002313459947057,151,True,2.438447170499989e-06
2016/04/26,0.0002337844418762,176,True,-8.803698491099992e-06
2016/04/27,0.0002249807433851,168,True,3.890657453299991e-06
2016/04/28,0.0002288714008384,142,True,1.4918006413000063e-06
2016/04/29,0.0002303632014797,183,True,-2.5592327290000123e-06
2016/04/30,0.0002278039687507,141,True,-1.8966539260000025e-06
2016/05/01,0.0002259073148247,181,True,3.7488376168999993e-06
2016/05/02,0.0002296561524416,195,True,-2.5794262102000034e-06
2016/05/03,0.0002270767262314,177,True,-6.618121531999969e-07
2016/05/04,0.0002264149140782,190,True,-3.4548816211000014e-06
2016/05/05,0.0002229600324571,202,True,2.384022906000091e-07
2016/05/06,0.0002231984347477,203,True,1.4228636143999917e-06
2016/05/07,0.0002246212983621,208,True,-1.3332423149999971e-06
2016/05/08,0.0002232880560471,187,True,1.0047134276000157e-06
2016/05/09,0.0002242927694747,204,True,-2.280645617900001e-06
2016/05/10,0.0002220121238568,183,True,2.024010904299998e-06
2016/05/11,0.0002240361347611,193,True,1.12106029911e-05
2016/05/12,0.0002352467377522,212,True,-2.7317913100000676e-07
2016/05/13,0.0002349735586212,213,True,-1.5634879848000006e-06
2016/05/14,0.0002334100706364,202,True,-1.2329894864000063e-06
2016/05/15,0.00023217708115,174,True,-3.3233517839999964e-06
2016/05/16,0.000228853729366,200,True,-3.399613124799994e-06
2016/05/17,0.0002254541162412,205,True,8.087931216999987e-07
2016/05/18,0.0002262629093629,199,True,-1.6470970428999945e-06
2016/05/19,0.00022461581232,197,True,1.944029999399998e-06
2016/05/20,0.0002265598423194,206,True,-3.9523471940001585e-07
2016/05/21,0.0002261646076,204,True,-3.3536015847999805e-06
2016/05/22,0.0002228110060152,179,True,2.6080352199994153e-08
2016/05/23,0.0002228370863674,168,True,3.5833613549999415e-07
2016/05/24,0.0002231954225029,175,True,-1.9491340376999976e-06
2016/05/25,0.0002212462884652,188,True,5.51558466909999e-06
2016/05/26,0.0002267618731343,183,True,-5.2446610060999865e-06
2016/05/27,0.0002215172121282,241,True,-3.2350206927000004e-06
2016/05/28,0.0002182821914355,193,True,3.3092559109000066e-06
2016/05/29,0.0002215914473464,178,True,7.2251002841999974e-06
2016/05/30,0.0002288165476306,203,True,-1.8014384124999936e-06
2016/05/31,0.0002270151092181,180,True,5.853998622499986e-06
2016/06/01,0.0002328691078406,160,True,-2.5414575758000058e-06
2016/06/02,0.0002303276502648,150,True,7.731661783200015e-06
2016/06/03,0.000238059312048,142,True,-3.2822499890000547e-07
2016/06/04,0.0002377310870491,145,True,-2.368532632499997e-06
2016/06/05,0.0002353625544166,158,True,-2.230298642300001e-06
2016/06/06,0.0002331322557743,161,True,5.8401052345e-06
2016/06/07,0.0002389723610088,153,True,6.291208905800005e-06
2016/06/08,0.0002452635699146,146,True,1.8179071966000003e-05
2016/06/09,0.0002634426418806,177,True,-4.092279224900011e-06
2016/06/10,0.0002593503626557,179,True,-8.869235054900023e-06
2016/06/11,0.0002504811276008,156,True,1.0125751068000045e-05
2016/06/12,0.0002606068786688,161,True,3.210520782619998e-05
2016/06/13,0.000292712086495,155,True,2.0598842331799995e-05
2016/06/14,0.0003133109288268,155,True,-3.330390888100002e-06
2016/06/15,0.0003099805379387,157,True,2.1221164558799996e-05
2016/06/16,0.0003312017024975,161,True,-1.266967673850002e-05
2016/06/17,0.000318532025759,156,True,3.957408389300041e-06
2016/06/18,0.0003224894341483,165,True,8.397549386399974e-06
2016/06/19,0.0003308869835347,159,True,-1.3259084147500006e-05
2016/06/20,0.0003176278993872,141,True,-1.4108709571299973e-05
2016/06/21,0.0003035191898159,165,True,-4.886633639800001e-05
2016/06/22,0.0002546528534179,161,True,2.9752426864300006e-05
2016/06/23,0.0002844052802822,154,True,-3.709330870200014e-06
2016/06/24,0.000280695949412,173,True,3.528170098700029e-06
2016/06/25,0.0002842241195107,145,True,-1.3180515713000088e-06
2016/06/26,0.0002829060679394,130,True,5.617822283199997e-06
2016/06/27,0.0002885238902226,135,True,9.769796874500001e-06
2016/06/28,0.0002982936870971,158,True,-3.921495582400033e-06
2016/06/29,0.0002943721915147,151,True,2.1415082725999984e-06
2016/06/30,0.0002965136997873,153,True,3.0088088533000213e-06
2016/07/01,0.0002995225086406,168,True,2.4208081966999874e-06
2016/07/02,0.0003019433168373,152,True,-1.9889308271200002e-05
2016/07/03,0.0002820540085661,153,True,4.843802464499995e-06
2016/07/04,0.0002868978110306,150,True,-4.108069130799997e-06
2016/07/05,0.0002827897418998,140,True,-1.5389089688000067e-06
2016/07/06,0.000281250832931,147,True,-5.753984230799994e-06
2016/07/07,0.0002754968487002,152,True,-1.1668683605999875e-06
2016/07/08,0.0002743299803396,125,True,-3.300631620599978e-06
2016/07/09,0.000271029348719,167,True,7.090854189998859e-08
2016/07/10,0.0002711002572609,178,True,-3.592211210699987e-06
2016/07/11,0.0002675080460502,153,True,-7.45768893499997e-07
2016/07/12,0.0002667622771567,163,True,-5.744700732500038e-06
2016/07/13,0.0002610175764242,151,True,-9.655388321999571e-07
2016/07/14,0.000260052037592,157,True,7.386982110999581e-07
2016/07/15,0.0002607907358031,170,True,1.6070575214000102e-06
2016/07/16,0.0002623977933245,157,True,-2.355507467300007e-06
2016/07/17,0.0002600422858572,176,True,-9.469594766200009e-06
2016/07/18,0.000250572691091,159,True,-5.266264435299965e-06
2016/07/19,0.0002453064266557,146,True,-1.8555776072000135e-06
2016/07/20,0.0002434508490485,174,True,-5.873671912499993e-06
2016/07/21,0.000237577177136,237,True,2.2988407700000324e-08
2016/07/22,0.0002376001655437,164,True,7.934928526000034e-07
2016/07/23,0.0002383936583963,143,True,6.6750485792999926e-06
2016/07/24,0.0002450687069756,169,True,-8.148173026999877e-07
2016/07/25,0.0002442538896729,149,True,-3.698681751400021e-06
2016/07/26,0.0002405552079215,157,True,-6.885333104799995e-06
2016/07/27,0.0002336698748167,156,True,4.2891779785999965e-06
2016/07/28,0.0002379590527953,156,True,-1.0728856382999938e-06
2016/07/29,0.000236886167157,166,True,-1.5238243185999975e-06
2016/07/30,0.0002353623428384,158,True,-4.369272544099998e-06
2016/07/31,0.0002309930702943,156,True,-8.194083446800003e-06
2016/08/01,0.0002227989868475,179,True,-2.1541548829600015e-05
2016/08/02,0.0002012574380179,177,True,1.5318135094500017e-05
2016/08/03,0.0002165755731124,190,True,-8.054671131999978e-07
2016/08/04,0.0002157701059992,180,True,2.749881423700002e-06
2016/08/05,0.0002185199874229,197,True,1.4032107888899993e-05
2016/08/06,0.0002325520953118,174,True,3.2391489062199994e-05
2016/08/07,0.000264943584374,208,True,-2.820470019840001e-05
2016/08/08,0.0002367388841756,180,True,2.7938990223000035e-06
2016/08/09,0.0002395327831979,199,True,-1.0075694746999799e-06
2016/08/10,0.0002385252137232,180,True,1.6872508046999785e-06
2016/08/11,0.0002402124645279,198,True,-3.1887636619997903e-07
2016/08/12,0.0002398935881617,180,True,-3.991096268800016e-06
2016/08/13,0.0002359024918929,169,True,1.2431781030400026e-05
2016/08/14,0.0002483342729233,196,True,-1.0417484721400014e-05
2016/08/15,0.0002379167882019,177,True,2.0563260292299975e-05
2016/08/16,0.0002584800484942,194,True,-1.2674749817099965e-05
2016/08/17,0.0002458052986771,197,True,-3.659943228000005e-06
2016/08/18,0.0002421453554491,191,True,-1.1269270158800011e-05
2016/08/19,0.0002308760852903,174,True,3.7147857659999947e-06
2016/08/20,0.0002345908710563,148,True,-1.141649411599984e-06
2016/08/21,0.0002334492216447,125,True,-5.43574038350001e-06
2016/08/22,0.0002280134812612,137,True,-5.016291275599988e-06
2016/08/23,0.0002229971899856,156,True,7.671672893300001e-06
2016/08/24,0.0002306688628789,193,True,-2.1581598532000013e-06
2016/08/25,0.0002285107030257,243,True,2.381076330999982e-06
2016/08/26,0.0002308917793567,227,True,-4.4516892218999995e-06
2016/08/27,0.0002264400901348,234,True,-2.3829012310999935e-06
2016/08/28,0.0002240571889037,239,True,-3.754105892500001e-06
2016/08/29,0.0002203030830112,221,True,5.2296017029000025e-06
2016/08/30,0.0002255326847141,189,True,1.5896559204999904e-06
2016/08/31,0.0002271223406346,181,True,-4.805656812399993e-06
2017/11/01,0.0010969241223636,233,True,8.739818661040013e-05
2017/11/02,0.001184322308974,189,True,-1.5142428954099995e-05
2017/11/03,0.0011691798800199,263,True,-2.567849484789997e-05
2017/11/04,0.001143501385172,216,True,4.2096229037000017e-05
2017/11/05,0.001185597614209,189,True,-1.5431403317900123e-05
2017/11/06,0.0011701662108911,180,True,2.4409070126600032e-05
2017/11/07,0.0011945752810177,198,True,1.690763001790008e-05
2017/11/08,0.0012114829110356,206,True,0.00018260269064839982
2017/11/09,0.001394085601684,82,True,-0.00022845562344849988
2017/11/10,0.0011656299782355,202,True,1.723601489100001e-05
2017/11/11,0.0011828659931265,259,True,-0.00013329326819119997
2017/11/12,0.0010495727249353,232,True,0.0001324034126299
2017/11/13,0.0011819761375652,165,True,6.154809333399963e-06
2017/11/14,0.0011881309468986,182,True,0.00012079983375180002
2017/11/15,0.0013089307806504,215,True,4.485068577909988e-05
2017/11/16,0.0013537814664295,231,True,-5.840856537050001e-05
2017/11/17,0.001295372901059,242,True,5.540714264140015e-05
2017/11/18,0.0013507800437004,205,True,1.702043278319987e-05
2017/11/19,0.0013678004764836,210,True,-2.4919255518099934e-05
2017/11/20,0.0013428812209655,278,True,4.0555013292998925e-06
2017/11/21,0.0013469367222948,270,True,0.0005503512786085001
2017/11/22,0.0018972880009033,533,True,7.76053189699001e-05
2017/11/23,0.0019748933198732,738,True,-6.767662127950009e-05
2017/11/24,0.0019072166985937,325,True,0.00011691760494599978
2017/11/25,0.0020241343035397,257,True,-2.4033609150899988e-05
2017/11/26,0.0020001006943888,267,True,-4.614311128099853e-06
2017/11/27,0.0019954863832607,309,True,0.00039717492962950025
2017/11/28,0.0023926613128902,350,True,-0.0002841613838461001
2017/11/29,0.0021084999290441,376,True,-1.7096203163099923e-05
2017/11/30,0.002091403725881,291,True,5.0909891002199996e-05
2017/12/01,0.0021423136168832,385,True,1.8516937051100014e-05
2017/12/02,0.0021608305539343,373,True,4.455492814069975e-05
2017/12/03,0.002205385482075,348,True,0.00025837383880469985
2017/12/04,0.0024637593208797,421,True,0.0001219418617696001
2017/12/05,0.0025857011826493,415,True,8.65346856485003e-05
2017/12/06,0.0026722358682978,420,True,0.00023947985218989972
2017/12/07,0.0029117157204877,419,True,-5.610367613260005e-05
2017/12/08,0.0028556120443551,490,True,-0.0001534538408694999
2017/12/09,0.0027021582034856,493,True,-5.610826811110019e-05
2017/12/10,0.0026460499353745,426,True,8.98480259829003e-05
2017/12/11,0.0027358979613574,444,True,0.0004565088244524
2017/12/12,0.0031924067858098,641,True,0.00021232834034999983
2017/12/13,0.0034047351261598,678,True,0.0003535924284931999
2017/12/14,0.003758327554653,524,True,5.674602529699962e-06
2017/12/15,0.0037640021571827,507,True,0.0021600701362911
2017/12/16,0.0059240722934738,879,True,4.087622997109991e-05
2017/12/17,0.0059649485234449,727,True,0.00041742106020020014
2017/12/18,0.0063823695836451,731,True,-0.0007209746337354002
2017/12/19,0.0056613949499097,694,True,0.0011983277301148001
2017/12/20,0.0068597226800245,951,True,0.0009439355746309001
2017/12/21,0.0078036582546554,986,True,-0.0015890942738035
2017/12/22,0.0062145639808519,682,True,0.0014017570740552003
2017/12/23,0.0076163210549071,473,True,0.0014548031330423004
2017/12/24,0.0090711241879494,893,True,1.1978070785298792e-05
2017/12/25,0.0090831022587347,265,True,0.0007888997864394006
2017/12/26,0.0098720020451741,857,True,-0.0005370678084747997
2017/12/27,0.0093349342366993,857,True,-0.0007609190833242005
2017/12/28,0.0085740151533751,675,True,0.0011844051782898997
2017/12/29,0.009758420331665,611,True,-0.0014050035410427993
2017/12/30,0.0083534167906222,419,True,0.001222217263035199
2017/12/31,0.0095756340536574,783,True,-0.0004844443331100991
2018/01/01,0.0090911897205473,566,True,0.00024425610395040036
2018/01/02,0.0093354458244977,600,True,0.00025653847103259894
2018/01/03,0.0095919842955303,354,True,0.0005063361543531011
2018/01/04,0.0100983204498834,160,True,0.0037429101803903003
2018/01/05,0.0138412306302737,477,True,0.0020242615884430992
2018/01/06,0.0158654922187168,36,True,0.0017206004608565015
2018/01/07,0.0175860926795733,1361,True,-0.0019211626593766025
2018/01/08,0.0156649300201967,566,True,-0.0014289154968740985
2018/01/09,0.0142360145233226,682,True,-0.0008381420545979009
2018/01/10,0.0133978724687247,909,True,-0.0016142791420449987
2018/01/11,0.0117835933266797,866,True,0.0016228336748568984
2018/01/12,0.0134064270015366,907,True,-0.0004209983276194998
2018/01/13,0.0129854286739171,738,True,-0.0009248428725485997
2018/01/14,0.0120605858013685,97,True,-0.0016770461725577005
2018/01/15,0.0103835396288108,19,True,-0.0034283106729035995
2018/01/16,0.0069552289559072,406,True,0.0008112292253314004
2018/01/17,0.0077664581812386,642,True,0.00028613401396539954
2018/01/18,0.008052592195204,612,True,-5.7398784391199734e-05
2018/01/19,0.0079951934108128,525,True,0.0007008359822367003
2018/01/20,0.0086960293930495,516,True,-0.0014993912247780999
2018/01/21,0.0071966381682714,511,True,-0.00044498237743050006
2018/01/22,0.0067516557908409,601,True,-0.00010682108676350003
2018/01/23,0.0066448347040774,658,True,0.0003844206194507996
2018/01/24,0.0070292553235282,741,True,0.0005320276179425001
2018/01/25,0.0075612829414707,789,True,-0.00042826637682619965
2018/01/26,0.0071330165646445,675,True,0.0002328113178387001
2018/01/27,0.0073658278824832,637,True,9.748105285989957e-05
2018/01/28,0.0074633089353431,658,True,-0.0005591241961521998
2018/01/29,0.0069041847391909,648,True,-4.589611268530046e-05
2018/01/30,0.0068582886265056,184,True,-0.0009112620188077994
2018/01/31,0.0059470266076978,547,True,-5.185887492040013e-05
2018/02/01,0.0058951677327774,654,True,-0.0009108165076564005
2018/02/02,0.004984351225121,689,True,-0.0005598317671447993
2018/02/03,0.0044245194579762,568,True,0.0006461901312345992
2018/02/04,0.0050707095892108,603,True,-0.0006710350546646994
2018/02/05,0.0043996745345461,662,True,-0.0009385193140633002
2018/02/06,0.0034611552204828,641,True,0.0008572699177887997
2018/02/07,0.0043184251382716,563,True,-6.242112189929969e-05
2018/02/08,0.0042560040163723,578,True,0.0002496380350726999
2018/02/09,0.004505642051445,592,True,0.0004687225796529996
2018/02/10,0.004974364631098,550,True,2.9056226571000203e-05
2018/02/11,0.005003420857669,585,True,-1.2481467768699593e-05
2018/02/12,0.0049909393899003,597,True,0.0004613794831043001
2018/02/13,0.0054523188730046,630,True,0.00013326439891689964
2018/02/14,0.0055855832719215,696,True,0.0011490522124070002
2018/02/15,0.0067346354843285,691,True,0.0006050885244647999
2018/02/16,0.0073397240087933,739,True,-0.0003172386123526001
2018/02/17,0.0070224853964407,582,True,3.8944335870400026e-05
2018/02/18,0.0070614297323111,906,True,-0.0005790127065351995
2018/02/19,0.0064824170257759,700,True,0.00023533539914749949
2018/02/20,0.0067177524249234,729,True,0.0003745136947295004
2018/02/21,0.0070922661196529,747,True,-0.0008460894955077004
2018/02/22,0.0062461766241452,649,True,-6.0006762224998e-06
2018/02/23,0.0062401759479227,534,True,0.0004427620816559001
2018/02/24,0.0066829380295786,481,True,-0.00041848184557080007
2018/02/25,0.0062644561840078,484,True,-7.325510502120044e-05
2018/02/26,0.0061912010789866,463,True,0.00018090946698810003
2018/02/27,0.0063721105459747,463,True,-6.013155115630001e-05
2018/02/28,0.0063119789948184,479,True,-0.00035620844618949963
2018/03/01,0.0059557705486289,601,True,0.00017197708071749977
2018/03/02,0.0061277476293464,472,True,-0.0005608462415793002
2018/03/03,0.0055669013877671,526,True,-0.00030074799461809933
2018/03/04,0.005266153393149,441,True,5.559480375719964e-05
2018/03/05,0.0053217481969062,491,True,-0.00020071527041819973
2018/03/06,0.005121032926488,588,True,-0.0005585331853623999
2018/03/07,0.0045624997411256,456,True,-0.0005482523207260004
2018/03/08,0.0040142474203996,473,True,2.372556417299873e-06
2018/03/09,0.0040166199768169,453,True,9.716098578420058e-05
2018/03/10,0.0041137809626011,350,True,-0.00010984313392940065
2018/03/11,0.0040039378286717,422,True,0.00017562212379489996
2018/03/12,0.0041795599524666,500,True,-0.00013701236164810008
2018/03/13,0.0040425475908185,463,True,-0.00010349002798589954
2018/03/14,0.0039390575628326,444,True,-0.00038135972382130016
2018/03/15,0.0035576978390113,453,True,-8.082990966400052e-06
2018/03/16,0.0035496148480449,479,True,4.5238623698900214e-05
2018/03/17,0.0035948534717438,420,True,-0.00025445331761049994
2018/03/18,0.0033404001541333,424,True,-0.00016195026287589998
2018/03/19,0.0031784498912574,477,True,0.00032585549920639964
2018/03/20,0.0035043053904638,505,True,0.0001580267958529
2018/03/21,0.0036623321863167,462,True,-1.8251200206999794e-06
2018/03/22,0.003660507066296,428,True,-0.00010734583251659994
2018/03/23,0.0035531612337794,429,True,-1.7182692122399892e-05
2018/03/24,0.003535978541657,394,True,-5.4906060286000116e-05
2018/03/25,0.003481072481371,451,True,-1.990613775119986e-05
2018/03/26,0.0034611663436198,466,True,-0.00019250648708219993
2018/03/27,0.0032686598565376,439,True,-0.0001474820485032999
2018/03/28,0.0031211778080343,468,True,4.961619127899931e-06
2018/03/29,0.0031261394271622,448,True,-0.0003192833139562001
2018/03/30,0.002806856113206,464,True,-6.0243407226399925e-05
2018/03/31,0.0027466127059796,386,True,5.193842972729982e-05
2018/04/01,0.0027985511357069,452,True,-9.898677390559989e-05
2018/04/02,0.0026995643618013,438,True,0.00010039051438829986
2018/04/03,0.0027999548761896,436,True,0.00021257392951479995
2018/04/04,0.0030125288057044,456,True,-0.0003030014412528999
2018/04/05,0.0027095273644515,430,True,6.996101688680001e-05
2018/04/06,0.0027794883813383,443,True,-8.996079919140016e-05
2018/04/07,0.0026895275821469,374,True,0.00011776297352070024
2018/04/08,0.0028072905556676,376,True,2.249540622169992e-05
2018/04/09,0.0028297859618893,375,True,-8.118458818949991e-05
2018/04/10,0.0027486013736998,416,True,0.0003543345844257001
2018/04/11,0.0031029359581255,429,True,0.00023537963882339996
2018/04/12,0.0033383155969489,342,True,0.00044971185091839975
2018/04/13,0.0037880274478673,264,True,0.00018383445437859976
2018/04/14,0.0039718619022459,200,True,0.00016123522505070032
2018/04/15,0.0041330971272966,318,True,0.0004389734767480001
2018/04/16,0.0045720706040446,393,True,2.3988041078700298e-05
2018/04/17,0.0045960586451233,382,True,0.0001048573109326996
2018/04/18,0.004700915956056,425,True,0.0006883387916024998
2018/04/19,0.0053892547476585,438,True,0.00043926419987570017
2018/04/20,0.0058285189475342,378,True,-7.916416954980004e-05
2018/04/21,0.0057493547779844,391,True,-0.0003412697699735996
2018/04/22,0.0054080850080108,350,True,0.00013851968699889975
2018/04/23,0.0055466046950097,401,True,-1.1296692691000094e-05
2018/04/24,0.0055353080023187,359,True,0.00030391090815649977
2018/04/25,0.0058392189104752,295,True,-0.0007688556867566998
2018/04/26,0.0050703632237185,305,True,0.0004817439431935005
2018/04/27,0.005552107166912,285,True,-0.0001338470371864001
2018/04/28,0.0054182601297256,254,True,3.914308041699961e-05
2018/04/29,0.0054574032101426,301,True,-3.2045889731000324e-05
2018/04/30,0.0054253573204116,337,True,-0.0001123845283603998
2018/05/01,0.0053129727920512,377,True,-0.0001882402661995998
2018/05/02,0.0051247325258516,389,True,0.00017221672854219987
2018/05/03,0.0052969492543938,357,True,0.0001400767984310004
2018/05/04,0.0054370260528248,360,True,-0.00018499971066550033
2018/05/05,0.0052520263421593,358,True,-8.232381518790029e-05
2018/05/06,0.0051697025269714,366,True,-0.00019363852090449954
2018/05/07,0.0049760640060669,410,True,-0.00015664705261759972
2018/05/08,0.0048194169534493,481,True,0.00037489412070119965
2018/05/09,0.0051943110741505,467,True,-0.0001642420268002003
2018/05/10,0.0050300690473503,460,True,-0.00027852518453349955
2018/05/11,0.0047515438628168,428,True,-0.00028705297343519995
2018/05/12,0.0044644908893816,419,True,-0.00044374473469100013
2018/05/13,0.0040207461546906,384,True,0.00018389011300020026
2018/05/14,0.0042046362676908,368,True,0.0002962126932899
2018/05/15,0.0045008489609807,400,True,2.436859631269918e-05
2018/05/16,0.0045252175572934,362,True,-0.00015110381627639943
2018/05/17,0.004374113741017,360,True,-0.0003029479589473005
2018/05/18,0.0040711657820697,357,True,8.959520244390066e-05
2018/05/19,0.0041607609845136,396,True,8.782146371879955e-05
2018/05/20,0.0042485824482324,383,True,8.52212727388002e-05
2018/05/21,0.0043338037209712,384,True,-0.00014605313770629964
2018/05/22,0.0041877505832649,361,True,-0.0003241648323704005
2018/05/23,0.0038635857508945,336,True,-0.00039201220858640006
2018/05/24,0.0034715735423081,360,True,3.276339708000028e-05
2018/05/25,0.0035043369393881,339,True,3.275784579639994e-05
2018/05/26,0.0035370947851845,280,True,-7.021183385220011e-05
2018/05/27,0.0034668829513323,256,True,-0.00010393368470139981
2018/05/28,0.0033629492666309,288,True,-0.00015448958695890016
2018/05/29,0.003208459679672,302,True,0.0002254071965954998
2018/05/30,0.0034338668762675,288,True,-6.179393533499965e-05
2018/05/31,0.0033720729409325,325,True,-5.684987757600263e-06
2018/06/01,0.0033663879531749,256,True,4.227692989320015e-05
2018/06/02,0.0034086648830681,255,True,0.00013584377642209986
2018/06/03,0.0035445086594902,279,True,0.00011897865785120022
2018/06/04,0.0036634873173414,329,True,-0.00015065952716790008
2018/06/05,0.0035128277901735,401,True,0.00011698065331590011
2018/06/06,0.0036298084434894,341,True,8.353407543530006e-05
2018/06/07,0.0037133425189247,325,True,9.675647859199669e-06
2018/06/08,0.0037230181667839,278,True,-4.0650946625299996e-05
2018/06/09,0.0036823672201586,248,True,-8.16170088274999e-05
2018/06/10,0.0036007502113311,258,True,-0.0004481941276846999
2018/06/11,0.0031525560836464,289,True,7.355367656859983e-05
2018/06/12,0.003226109760215,116,True,-0.00013062275053849978
2018/06/13,0.0030954870096765,325,True,-0.0002869630985983
2018/06/14,0.0028085239110782,303,True,0.00014908348744880002
2018/06/15,0.002957607398527,282,True,-7.750434075190016e-05
2018/06/16,0.0028801030577751,270,True,2.5857694597699894e-05
2018/06/17,0.0029059607523728,320,True,1.3400913504800233e-05
2018/06/18,0.0029193616658776,326,True,9.938099698109971e-05
2018/06/19,0.0030187426628587,403,True,-1.8753022468599723e-05
2018/06/20,0.0029999896403901,301,True,1.3629669092800074e-05
2018/06/21,0.0030136193094829,286,True,-5.01757543894003e-05
2018/06/22,0.0029634435550935,300,True,-0.0002791900227704998
2018/06/23,0.002684253532323,276,True,5.619324868199726e-06
2018/06/24,0.0026898728571912,248,True,-0.00020436887088709976
2018/06/25,0.0024855039863041,264,True,6.561219856200066e-06
2018/06/26,0.0024920652061603,310,True,-2.5972437928999895e-05
2018/06/27,0.0024660927682313,353,True,-5.354591625780043e-05
2018/06/28,0.0024125468519735,304,True,-0.00013224142923159987
2018/06/29,0.0022803054227419,330,True,0.00011249880847910001
2018/06/30,0.002392804231221,263,True,0.0001087429704414002
2018/07/01,0.0025015472016624,299,True,-3.5372994027001864e-06
2018/07/02,0.0024980099022597,280,True,0.00021473444263260012
2018/07/03,0.0027127443448923,339,True,-8.822154938349994e-05
2018/07/04,0.0026245227955088,280,True,5.088949331799684e-06
2018/07/05,0.0026296117448406,292,True,-6.286132958919968e-05
2018/07/06,0.0025667504152514,338,True,1.4587385171999697e-05
2018/07/07,0.0025813378004234,319,True,4.6244120783200254e-05
2018/07/08,0.0026275819212066,317,True,-2.2856192683700077e-05
2018/07/09,0.0026047257285229,276,True,-3.309658710400022e-05
2018/07/10,0.0025716291414189,295,True,-0.0001734796044604997
2018/07/11,0.0023981495369584,284,True,2.5770092539100127e-05
2018/07/12,0.0024239196294975,266,True,-0.00010812336177830036
2018/07/13,0.0023157962677192,280,True,-3.496447582419966e-05
2018/07/14,0.002280831791895,259,True,4.795673161089994e-05
2018/07/15,0.0023287885235059,243,True,5.5884986306300056e-05
2018/07/16,0.0023846735098122,574,True,0.0004556133632478
2018/07/17,0.00284028687306,845,True,0.00038720772770019967
2018/07/18,0.0032274946007602,703,True,0.0004634409610989
2018/07/19,0.0036909355618591,545,True,0.00012524337639050007
2018/07/20,0.0038161789382496,391,True,-0.00038883641869459987
2018/07/21,0.003427342519555,393,True,-0.00016130478908029993
2018/07/22,0.0032660377304747,354,True,0.0001898805414376997
2018/07/23,0.0034559182719124,343,True,-3.9826433448199826e-05
2018/07/24,0.0034160918384642,29,True,0.00023797524052239982
2018/07/25,0.0036540670789866,374,True,-0.00014369750325099982
2018/07/26,0.0035103695757356,317,True,-0.00013502456729790014
2018/07/27,0.0033753450084377,314,True,3.4031039993000136e-05
2018/07/28,0.0034093760484307,280,True,-1.02467801328999e-05
2018/07/29,0.0033991292682978,280,True,-0.00010807770551739997
2018/07/30,0.0032910515627804,330,True,-1.9031115497700028e-05
2018/07/31,0.0032720204472827,334,True,-0.00025845239557080023
2018/08/01,0.0030135680517119,314,True,3.570862855820003e-05
2018/08/02,0.0030492766802701,303,True,-5.622766663479972e-05
2018/08/03,0.0029930490136353,306,True,-3.298216350649998e-05
2018/08/04,0.0029600668501288,256,True,-0.0001336505663700003
2018/08/05,0.0028264162837588,253,True,1.7406436722600116e-05
2018/08/06,0.0028438227204814,333,True,-6.384820167079988e-05
2018/08/07,0.0027799745188106,290,True,-0.00010019732212040002
2018/08/08,0.0026797771966902,274,True,-0.00023956475019260015
2018/08/09,0.0024402124464976,284,True,0.00012536474852510018
2018/08/10,0.0025655771950227,311,True,-0.0001294025902149002
2018/08/11,0.0024361746048078,296,True,-2.577958429570001e-05
2018/08/12,0.0024103950205121,253,True,1.6943114182600173e-05
2018/08/13,0.0024273381346947,304,True,-6.733720269520025e-05
2018/08/14,0.0023600009319995,353,True,-0.00010183405549949983
2018/08/15,0.0022581668765,128,True,4.8569699892299974e-05
2018/08/16,0.0023067365763923,115,True,9.59359496199982e-06
2018/08/17,0.0023163301713543,49,True,0.00017968169419220036
2018/08/18,0.0024960118655465,51,True,-9.240256997879994e-05
2018/08/19,0.0024036092955677,312,True,6.996112479999966e-05
2018/08/20,0.0024735704203677,319,True,-0.00011602632583469991
2018/08/21,0.002357544094533,23,True,6.088832097189993e-05
2018/08/22,0.0024184324155049,298,True,-0.00010414234226349987
2018/08/23,0.0023142900732414,239,True,7.138554805890011e-05
2018/08/24,0.0023856756213003,332,True,3.470237372559968e-05
2018/08/25,0.0024203779950259,293,True,-1.5220881079499975e-05
2018/08/26,0.0024051571139464,307,True,1.0065623784099968e-05
2018/08/27,0.0024152227377305,340,True,7.814214370940008e-05
2018/08/28,0.0024933648814399,331,True,0.00014120074990200005
2018/08/29,0.0026345656313419,336,True,-2.016285661169976e-05
2018/08/30,0.0026144027747302,726,True,0.0005984709658808998
2018/08/31,0.0032128737406111,1405,True,0.0016752058888043998
2018/09/01,0.0048880796294155,1726,True,0.0014102853319121
2018/09/02,0.0062983649613276,1087,True,-0.0012554610397855995
2018/09/03,0.005042903921542,838,True,0.0002598574319379
2018/09/04,0.0053027613534799,570,True,-3.479458186879999e-05
2018/09/05,0.0052679667716111,604,True,-0.00026346239068599994
2018/09/06,0.0050045043809251,618,True,-1.6729828675000197e-05
2018/09/07,0.0049877745522501,556,True,0.0002889907582006995
2018/09/08,0.0052767653104508,670,True,0.00040200063926329986
2018/09/09,0.0056787659497141,619,True,0.00014843368428620052
2018/09/10,0.0058271996340003,976,True,0.0010560642346834999
2018/09/11,0.0068832638686838,894,True,-0.0005739450656816001
2018/09/12,0.0063093188030022,643,True,0.0001400829308151998
2018/09/13,0.0064494017338174,519,True,0.00010093015193150031
2018/09/14,0.0065503318857489,501,True,-0.0003614217013362996
2018/09/15,0.0061889101844126,333,True,4.2499857818899776e-05
2018/09/16,0.0062314100422315,360,True,0.00034042746001349943
2018/09/17,0.006571837502245,713,True,-0.00032021481037289995
2018/09/18,0.0062516226918721,574,True,-0.00029557424835790005
2018/09/19,0.0059560484435142,492,True,-0.00034105655767969947
2018/09/20,0.0056149918858345,363,True,8.315764962199979e-05
2018/09/21,0.0056981495354565,376,True,1.8087813610000517e-06
2018/09/22,0.0056999583168175,302,True,0.00011145978646950015
2018/09/23,0.005811418103287,345,True,0.00013822151390729953
2018/09/24,0.0059496396171943,368,True,-0.0002655814748119996
2018/09/25,0.0056840581423823,348,True,6.391907230440027e-05
2018/09/26,0.0057479772146867,390,True,6.178096671599458e-06
2018/09/27,0.0057541553113583,298,True,0.00013475508899670006
2018/09/28,0.005888910400355,301,True,-1.1775879091300082e-05
2018/09/29,0.0058771345212637,267,True,1.0592859655400057e-05
2018/09/30,0.0058877273809191,234,True,5.8057531581100566e-05
2018/10/01,0.0059457849125002,123,True,6.905636652899429e-06
2018/10/02,0.0059526905491531,240,True,-0.00012271153522579962
2018/10/03,0.0058299790139273,181,True,-9.191525062370032e-05
2018/10/04,0.0057380637633036,339,True,-8.130448917290003e-05
2018/10/05,0.0056567592741307,61,True,2.9049620510699856e-05
2018/10/06,0.0056858088946414,275,True,-9.367560205259928e-05
2018/10/07,0.0055921332925888,79,True,1.1565827632899553e-05
2018/10/08,0.0056036991202217,113,True,2.5892206899300226e-05
2018/10/09,0.005629591327121,6,True,1.7642297972100124e-05
2018/10/10,0.0056472336250931,334,True,-4.567575152420074e-05
2018/10/11,0.0056015578735689,203,True,-0.0005433083593394993
2018/10/12,0.0050582495142294,341,True,0.0002188725469131998
2018/10/13,0.0052771220611426,259,True,-3.977392570249979e-05
2018/10/14,0.0052373481354401,357,True,-1.2768486907299877e-05
2018/10/15,0.0052245796485328,423,True,0.00014147432118799975
2018/10/16,0.0053660539697208,267,True,-0.0002565526847152005
2018/10/17,0.0051095012850056,360,True,-0.00042355732168070006
2018/10/18,0.0046859439633249,281,True,-0.00023906205107319944
2018/10/19,0.0044468819122517,381,True,9.599895807899973e-05
2018/10/20,0.0045428808703307,335,True,7.188427079370032e-05
2018/10/21,0.0046147651411244,299,True,-5.75970439792e-05
2018/10/22,0.0045571680971452,262,True,-8.047711112690002e-05
2018/10/23,0.0044766909860183,285,True,-0.0002601651890293006
2018/10/24,0.004216525796989,353,True,-0.00027217494054929993
2018/10/25,0.0039443508564397,315,True,-0.00020960723451729979
2018/10/26,0.0037347436219224,405,True,0.00028144275251600027
2018/10/27,0.0040161863744384,461,True,0.0001836288307583995
2018/10/28,0.0041998152051968,242,True,-7.300048602889957e-05
2018/10/29,0.0041268147191679,280,True,-0.00020715871829939982
2018/10/30,0.0039196560008685,290,True,-3.8072712723500116e-05
2018/10/31,0.003881583288145,233,True,-7.997617280919994e-05
2018/11/01,0.0038016071153358,279,True,-2.62556689144002e-05
2018/11/02,0.0037753514464214,226,True,1.2511565547199989e-05
2018/11/03,0.0037878630119686,247,True,-3.362996924509984e-05
2018/11/04,0.0037542330427235,195,True,-0.00010420051677250027
2018/11/05,0.003650032525951,232,True,-3.305240654460006e-05
2018/11/06,0.0036169801194064,265,True,8.691360876490013e-05
2018/11/07,0.0037038937281713,229,True,-6.190513308489999e-05
2018/11/08,0.0036419885950864,273,True,-0.00025948729621239975
2018/11/09,0.003382501298874,306,True,-0.00023913312431950032
2018/11/10,0.0031433681745545,309,True,0.00015687445246370018
2018/11/11,0.0033002426270182,222,True,-0.00013905615015730004
2018/11/12,0.0031611864768609,235,True,-9.879181404549983e-05
2018/11/13,0.0030623946628154,204,True,-0.0001116709858324
2018/11/14,0.002950723676983,277,True,-0.00021168593284260013
2018/11/15,0.0027390377441404,333,True,8.26016077354998e-05
2018/11/16,0.0028216393518759,266,True,-5.476185457339985e-05
2018/11/17,0.0027668774973025,189,True,-0.00015419660375070015
2018/11/18,0.0026126808935518,199,True,1.7782425276099967e-05
2018/11/19,0.0026304633188279,268,True,-0.00021496718923689996
2018/11/20,0.002415496129591,209,True,-0.00016557467181560004
2018/11/21,0.0022499214577754,197,True,0.00020552409477459996
2018/11/22,0.00245544555255,213,True,-7.200536465409987e-05
2018/11/23,0.0023834401878959,221,True,5.763905685700257e-06
2018/11/24,0.0023892040935816,168,True,-0.00013891703074970022
2018/11/25,0.0022502870628319,181,True,-1.5329149884699828e-05
2018/11/26,0.0022349579129472,194,True,-0.00012192096993659998
2018/11/27,0.0021130369430106,220,True,-3.3831443015499944e-05
2018/11/28,0.0020792054999951,224,True,0.00016852526942099993
2018/11/29,0.0022477307694161,189,True,-2.7088016054400196e-05
2018/11/30,0.0022206427533617,208,True,-4.117733345639996e-05
2018/12/01,0.0021794654199053,192,True,6.059536101960016e-05
2018/12/02,0.0022400607809249,240,True,-2.526660009070014e-05
2018/12/03,0.0022147941808342,255,True,-6.27696197129002e-05
2018/12/04,0.0021520245611213,269,True,4.0634550373400396e-05
2018/12/05,0.0021926591114947,61,True,-1.2011462663199992e-05
2018/12/06,0.0021806476488315,255,True,-0.00010988452822830027
2018/12/07,0.0020707631206032,287,True,3.141495729350012e-05
2018/12/08,0.0021021780778967,180,True,-2.550368987400001e-05
2018/12/09,0.0020766743880227,161,True,-7.248661035799946e-06
2018/12/10,0.0020694257269869,177,True,-4.719047933999902e-06
2018/12/11,0.0020647066790529,195,True,-1.1518214481500127e-05
2018/12/12,0.0020531884645714,209,True,2.4291488997500114e-05
2018/12/13,0.0020774799535689,200,True,-2.606778229860031e-05
2018/12/14,0.0020514121712703,199,True,-2.0165044532999624e-06
2018/12/15,0.002049395666817,168,True,1.363079154970007e-05
2018/12/16,0.0020630264583667,167,True,3.516526998209981e-05
2018/12/17,0.0020981917283488,285,True,0.0004105910017484001
2018/12/18,0.0025087827300972,361,True,3.276216558899996e-05
2018/12/19,0.0025415448956862,308,True,0.00015464410664620034
2018/12/20,0.0026961890023324,205,True,-3.7148026339000294e-05
2018/12/21,0.0026590409759934,169,True,-0.00017970448649399975
2018/12/22,0.0024793364894994,186,True,-5.091505201800135e-06
2018/12/23,0.0024742449842976,188,True,1.4294193372399889e-05
2018/12/24,0.00248853917767,189,True,1.670306421490018e-05
2018/12/25,0.0025052422418849,224,True,-0.00014207566696130018
2018/12/26,0.0023631665749236,210,True,3.382323999160004e-05
2018/12/27,0.0023969898149152,241,True,-8.435219462390011e-05
2018/12/28,0.0023126376202913,235,True,7.925879684720022e-05
2018/12/29,0.0023918964171385,176,True,-6.472973590860003e-05
2018/12/30,0.0023271666812299,65,True,1.1487511685300163e-05
2018/12/31,0.0023386541929152,160,True,2.2695968769997042e-06
2019/03/01,0.0019378453362385,199,True,2.8760057316899778e-05
2019/03/02,0.0019666053935554,181,True,1.3945946583499968e-05
2019/03/03,0.0019805513401389,191,True,1.7819984399900218e-05
2019/03/04,0.0019983713245388,227,True,-5.71095561301999e-05
2019/03/05,0.0019412617684086,214,True,5.233212602659995e-05
2019/03/06,0.0019935938944352,269,True,1.44478125900082e-07
2019/03/07,0.0019937383725611,227,True,4.466326790100034e-06
2019/03/08,0.0019982046993512,101,True,-4.1768364175099985e-05
2019/03/09,0.0019564363351761,176,True,5.496585857769996e-05
2019/03/10,0.0020114021937538,156,True,-1.1106606410599996e-05
2019/03/11,0.0020002955873432,268,True,-5.274136928680017e-05
2019/03/12,0.0019475542180564,247,True,6.339765322159983e-05
2019/03/13,0.002010951871278,249,True,3.7534802424001035e-06
2019/03/14,0.0020147053515204,304,True,1.387532789299921e-06
2019/03/15,0.0020160928843097,349,True,1.4953506881000122e-05
2019/03/16,0.0020310463911907,200,True,2.4165303056899925e-05
2019/03/17,0.0020552116942476,122,True,-6.395451659997782e-07
2019/03/18,0.0020545721490816,258,True,7.542502582599808e-06
2019/03/19,0.0020621146516642,42,True,-5.714606951100036e-06
2019/03/20,0.0020564000447131,426,True,-8.46267420469976e-06
2019/03/21,0.0020479373705084,272,True,-1.596475578780022e-05
2019/03/22,0.0020319726147206,260,True,-1.5495117760899908e-05
2019/03/23,0.0020164774969597,251,True,2.2210884697000492e-06
2019/03/24,0.0020186985854294,194,True,1.626601585759998e-05
2019/03/25,0.002034964601287,231,True,-1.608794319559988e-05
2019/03/26,0.0020188766580914,221,True,2.66962818151e-05
2019/03/27,0.0020455729399065,326,True,2.505086864319989e-05
2019/03/28,0.0020706238085497,346,True,3.0364791755001577e-06
2019/03/29,0.0020736602877252,282,True,2.772524912870002e-05
2019/03/30,0.0021013855368539,217,True,-1.3750294373600022e-05
2019/03/31,0.0020876352424803,208,True,-1.206017605189999e-05
2019/04/01,0.0020755750664284,740,True,0.0003747059781933999
2019/04/02,0.0024502810446218,1331,True,0.00039637708891749994
2019/04/03,0.0028466581335393,1413,True,0.00032494990354920003
2019/04/04,0.0031716080370885,1014,True,0.0004917771979920001
2019/04/05,0.0036633852350805,564,True,-6.817677454010011e-05
2019/04/06,0.0035952084605404,315,True,-0.00018269400752460004
2019/04/07,0.0034125144530158,344,True,-1.7685302954999985e-05
2019/04/08,0.0033948291500608,351,True,-0.00037057790434719996
2019/04/09,0.0030242512457136,415,True,-0.00016420037227419994
2019/04/10,0.0028600508734394,388,True,0.00015063840449139982
2019/04/11,0.0030106892779308,298,True,-0.0002147560935348001
2019/04/12,0.002795933184396,317,True,6.856823451290017e-05
2019/04/13,0.0028645014189089,255,True,-1.8939247643099972e-05
2019/04/14,0.0028455621712658,223,True,3.086409269420021e-05
2019/04/15,0.00287642626396,277,True,-9.498161900050022e-05
2019/04/16,0.0027814446449595,317,True,5.0387796573200024e-05
2019/04/17,0.0028318324415327,326,True,-4.9647326741899915e-05
2019/04/18,0.0027821851147908,378,True,0.0001770548272517999
2019/04/19,0.0029592399420426,294,True,-7.20691357883e-05
2019/04/20,0.0028871708062543,300,True,1.660865105339998e-05
2019/04/21,0.0029037794573077,239,True,-0.0001392055947183001
2019/04/22,0.0027645738625894,303,True,4.450585277090014e-05
2019/04/23,0.0028090797153603,309,True,-2.7561100692500076e-05
2019/04/24,0.0027815186146678,295,True,-0.00019376920517909972
2019/04/25,0.0025877494094887,282,True,-0.00011398034123770006
2019/04/26,0.002473769068251,246,True,7.247962263440006e-05
2019/04/27,0.0025462486908854,226,True,-1.0450416783100176e-05
2019/04/28,0.0025357982741023,237,True,-1.6678968369300117e-05
2019/04/29,0.002519119305733,262,True,-5.09965742499e-05
2019/04/30,0.0024681227314831,434,True,7.465551497530011e-05
2020/01/01,0.0020310603733523,130,True,-5.407455816900091e-06
2020/01/02,0.0020256529175354,32,True,-1.7260148636399908e-05
2020/01/03,0.002008392768899,175,True,4.0481886762100145e-05
2020/01/04,0.0020488746556611,252,True,0.0001404612254005998
2020/01/05,0.0021893358810617,240,True,-0.00011892987903469989
2020/01/06,0.002070406002027,290,True,5.960606343699982e-05
2020/01/07,0.002130012065464,201,True,0.00010476892323850028
2020/01/08,0.0022347809887025,231,True,-6.49571682956999e-05
2020/01/09,0.0021698238204068,233,True,0.00012007537680879974
2020/01/10,0.0022898991972156,298,True,-2.9481644196300075e-05
2020/01/11,0.0022604175530193,162,True,-4.2010986813499716e-05
2020/01/12,0.0022184065662058,171,True,4.6915377436799934e-05
2020/01/13,0.0022653219436426,196,True,-0.0001150315292277001
2020/01/14,0.0021502904144149,206,True,0.00018292662447180015
2020/01/15,0.0023332170388867,191,True,6.568244548819978e-05
2020/01/16,0.0023988994843749,159,True,-6.330469546720003e-05
2020/01/17,0.0023355947889077,251,True,9.106316309410003e-05
2020/01/18,0.0024266579520018,273,True,7.123953214780007e-05
2020/01/19,0.0024978974841496,216,True,-8.976359266459977e-05
2020/01/20,0.002408133891485,199,True,-1.7084026118100414e-05
2020/01/21,0.0023910498653669,180,True,-1.7968381160399834e-05
2020/01/22,0.0023730814842065,157,True,-5.747743166899938e-06
2020/01/23,0.0023673337410396,189,True,-0.00012719316545599987
2020/01/24,0.0022401405755836,177,True,3.244654858009996e-05
2020/01/25,0.0022725871241637,173,True,-2.7477907051900313e-05
2020/01/26,0.0022451092171118,150,True,6.133882087460026e-05
2020/01/27,0.0023064480379864,139,True,5.935699402170001e-05
2020/01/28,0.0023658050320081,196,True,7.942188938300006e-05
2020/01/29,0.0024452269213911,213,True,-5.52741321567002e-05
2020/01/30,0.0023899527892344,163,True,4.18647030695999e-05
2020/01/31,0.002431817492304,178,True,-4.504024815359976e-05
2020/02/01,0.0023867772441504,171,True,1.8468644588899834e-05
2020/02/02,0.0024052458887393,180,True,6.354992936510005e-05
2020/02/03,0.0024687958181044,180,True,-2.887065339259986e-05
2020/02/04,0.0024399251647118,223,True,3.7060333998199975e-05
2020/02/05,0.00247698549871,122,True,0.0001031357344133
2020/02/06,0.0025801212331233,220,True,8.125680273360011e-05
2020/02/07,0.0026613780358569,6,True,0.00011197883980429988
2020/02/08,0.0027733568756612,590,True,0.00037926638217349994
2020/02/09,0.0031526232578347,434,True,6.789885181350021e-05
2020/02/10,0.0032205221096482,340,True,-0.00020473672044950004
2020/02/11,0.0030157853891987,220,True,3.6915496210299624e-05
2020/02/12,0.003052700885409,274,True,-1.7213201399996804e-06
2020/02/13,0.003050979565269,239,True,-1.817991236229997e-05
2020/02/14,0.0030327996529067,211,True,6.922278985059972e-05
2020/02/15,0.0031020224427573,217,True,-0.0001415623417058997
2020/02/16,0.0029604601010514,186,True,-0.00012097996569470021
2020/02/17,0.0028394801353567,179,True,-0.00011776129085829977
2020/02/18,0.0027217188444984,253,True,0.00012319964782479993
2020/02/19,0.0028449184923232,166,True,-0.00018590175320360022
2020/02/20,0.0026590167391196,158,True,-1.8915991022700092e-05
2020/02/21,0.0026401007480969,198,True,2.0375408490900387e-05
2020/02/22,0.0026604761565878,119,True,-4.35271308133001e-05
2020/02/23,0.0026169490257745,162,True,6.688484554380003e-05
2020/02/24,0.0026838338713183,202,True,-8.561245920080032e-05
2020/02/25,0.0025982214121175,162,True,-0.00011052939622069975
2020/02/26,0.0024876920158968,173,True,-0.0001600116355967001
2020/02/27,0.0023276803803001,186,True,2.059955986399853e-06
2020/02/28,0.0023297403362865,129,True,-2.1643053331799923e-05
2020/02/29,0.0023080972829547,152,True,-6.433714604239978e-05
2020/03/01,0.0022437601369123,162,True,-9.420455276002229e-07
2020/03/02,0.0022428180913847,158,True,0.0001256040098649002
2020/03/03,0.0023684221012496,507,True,4.3237625435399874e-05
2020/03/04,0.002411659726685,337,True,5.220015445050021e-05
2020/03/05,0.0024638598811355,211,True,1.4310141885699821e-05
2020/03/06,0.0024781700230212,166,True,9.030975343099837e-06
2020/03/07,0.0024872009983643,156,True,-6.100666553769977e-05
2020/03/08,0.0024261943328266,163,True,-0.00025242695889610015
2020/03/09,0.0021737673739305,194,True,2.2309349908800156e-05
2020/03/10,0.0021960767238393,163,True,7.65910356980001e-06
2020/03/11,0.0022037358274091,135,True,-1.2360045430400216e-05
2020/03/12,0.0021913757819787,282,True,-0.0007079074921115998
2020/03/13,0.0014834682898671,197,True,0.0002358098142183
2020/03/14,0.0017192781040854,144,True,-6.381330689920008e-05
2020/03/15,0.0016554647971862,123,True,4.0838321358099925e-05
2020/03/16,0.0016963031185443,144,True,-0.00010328249245999998
2020/03/17,0.0015930206260843,160,True,4.0106180042500045e-05
2020/03/18,0.0016331268061268,119,True,-1.8710073745799955e-05
2020/03/19,0.001614416732381,198,True,0.00015706865286449988
2020/03/20,0.0017714853852455,147,True,4.245181806000102e-06
2020/03/21,0.0017757305670515,102,True,5.659455619899971e-06
2020/03/22,0.0017813900226714,140,True,-4.885763615540008e-05
2020/03/23,0.001732532386516,152,True,8.444127283970004e-05
2020/03/24,0.0018169736593557,131,True,5.472309461959993e-05
2020/03/25,0.0018716967539753,140,True,-3.686655139539981e-05
2020/03/26,0.0018348302025799,144,True,2.3457357109399942e-05
2020/03/27,0.0018582875596893,142,True,-7.428505005909998e-05
2020/03/28,0.0017840025096302,100,True,2.609868024899993e-06
2020/03/29,0.0017866123776551,145,True,-6.650302927229995e-05
2020/03/30,0.0017201093483828,187,True,8.65615022999e-05
2020/03/31,0.0018066708506827,3,True,1.827286648599857e-06
2020/04/01,0.0018084981373313,232,True,5.277691325730012e-05
2020/04/02,0.0018612750505886,169,True,2.9079310341599855e-05
2020/04/03,0.0018903543609302,129,True,-4.208613413529986e-05
2020/04/04,0.0018482682267949,150,True,2.4463461777899948e-05
2020/04/05,0.0018727316885728,112,True,-1.3492744446400072e-05
2020/04/06,0.0018592389441264,140,True,0.00013603923733479994
2020/04/07,0.0019952781814612,170,True,5.124770659200098e-06
2020/04/08,0.0020004029521204,122,True,1.2993578443200229e-05
2020/04/09,0.0020133965305636,125,True,1.024574616789991e-05
2020/04/10,0.0020236422767315,151,True,-6.831894633340004e-05
2020/04/11,0.0019553233303981,154,True,3.922324035179978e-05
2020/04/12,0.0019945465707499,135,True,-1.8965573236899916e-05
2020/04/13,0.001975580997513,133,True,-1.6032852809299766e-05
2020/04/14,0.0019595481447037,181,True,7.217000050499869e-06
2020/04/15,0.0019667651447542,135,True,-2.113194013240007e-05
2020/04/16,0.0019456332046218,150,True,7.721404761539983e-05
2020/04/17,0.0020228472522372,146,True,-2.3245259463999628e-05
2020/04/18,0.0019996019927732,129,True,6.130433552929996e-05
2020/04/19,0.0020609063283025,125,True,-2.345441346560031e-05
2020/04/20,0.0020374519148369,186,True,-6.285152538299974e-05
2020/04/21,0.0019746003894539,160,True,-1.4344385919000217e-05
2020/04/22,0.0019602560035349,153,True,4.7144344206200266e-05
2020/04/23,0.0020074003477411,159,True,4.39789871942999e-05
2020/04/24,0.0020513793349354,124,True,1.7744231523299757e-05
2020/04/25,0.0020691235664587,176,True,4.924896927560032e-05
2020/04/26,0.0021183725357343,357,True,0.00020439310745259997
2020/04/27,0.0023227656431869,276,True,6.571958307699998e-05
2020/04/28,0.0023884852262639,180,True,-6.404202657649995e-05
2020/04/29,0.0023244431996874,203,True,0.00023351638718599986
2020/04/30,0.0025579595868734,205,True,-0.00011564797078360018
2021/03/01,0.0482356725784136,5207,True,0.0027849533662568995
2021/03/02,0.0510206259446705,877,True,-0.00045308580746779986
2021/03/03,0.0505675401372027,2969,True,0.00018509277188959866
2021/03/04,0.0507526329090923,4324,True,-0.0006096263369139987
2021/03/05,0.0501430065721783,3750,True,-0.00022073850276110168
2021/03/06,0.0499222680694172,125,True,0.0009601157831990031
2021/03/07,0.0508823838526162,0,False,0.0009588745523867945
2021/03/08,0.051841258405003,0,False,0.009843015787680605
2021/03/09,0.0616842741926836,113,True,-0.0038170242556432032
2021/03/10,0.0578672499370404,172,True,-0.0016697767805421981
2021/03/11,0.0561974731564982,43,True,-0.0002478385664487978
2021/03/12,0.0559496345900494,71,True,-0.0008390465153191029
2021/03/13,0.0551105880747303,1003,True,0.0068171429401363
2021/03/14,0.0619277310148666,0,False,-0.003099733235665203
2021/03/15,0.0588279977792014,3377,True,-0.0019459651908334957
2021/03/16,0.0568820325883679,2974,True,0.0017922868864624006
2021/03/17,0.0586743194748303,3124,True,-0.00030560057532279944
2021/03/18,0.0583687188995075,4322,True,-0.0007251301841461055
2021/03/19,0.0576435887153614,3982,True,0.0007958851678201012
2021/03/20,0.0584394738831815,3818,True,0.0007158775978772999
2021/03/21,0.0591553514810588,3074,True,-0.0017731732610526962
2021/03/22,0.0573821782200061,3430,True,-0.0017958757851915044
2021/03/23,0.0555863024348146,3850,True,-0.0018199375682892982
2021/03/24,0.0537663648665253,4750,True,-0.0019678395337165006
2021/03/25,0.0517985253328088,3806,True,-0.0007904034250073022
2021/03/26,0.0510081219078015,2929,True,0.002825490306404506
2021/03/27,0.053833612214206,2430,True,0.0009536896235652001
2021/03/28,0.0547873018377712,2552,True,-0.0003835597213922015
2021/03/29,0.054403742116379,2553,True,0.0004938747536438956
2021/03/30,0.0548976168700229,2997,True,-0.00024872798907039917
2021/03/31,0.0546488888809525,2606,True,-0.0002672004700245978
2021/04/01,0.0543816884109279,7963,True,0.007211173686738001
2021/04/02,0.0615928620976659,3797,True,-0.0037258535821220046
2021/04/03,0.0578670085155439,636,True,-0.001676275460884294
2021/04/04,0.0561907330546596,2601,True,0.0017068271269914947
2021/04/05,0.0578975601816511,2754,True,0.001917883712089001
2021/04/06,0.0598154438937401,3838,True,0.004817112817976595
2021/04/07,0.0646325567117167,3862,True,-0.005671528412461296
2021/04/08,0.0589610282992554,2662,True,0.0027187262821452007
2021/04/09,0.0616797545814006,3063,True,-0.00014083215885089817
2021/04/10,0.0615389224225497,3491,True,0.0023439666735386028
2021/04/11,0.0638828890960883,8579,True,0.010763413152825793
2021/04/12,0.0746463022489141,2836,True,-0.0036219321914270908
2021/04/13,0.071024370057487,11790,True,0.0227541556769027
2021/04/14,0.0937785257343897,18598,True,0.02639370752755199
2021/04/15,0.1201722332619417,20520,True,0.0596895593002026
2021/04/16,0.1798617925621443,9252,True,0.1942984204568775
2021/04/17,0.3741602130190218,348,True,-0.08905082568604983
2021/04/18,0.285109387332972,16031,True,0.03492083596558754
2021/04/19,0.3200302232985595,3969,True,0.0893801199014389
2021/04/20,0.4094103431999984,28639,True,-0.08371509734551291
2021/04/21,0.3256952458544855,2160,True,-0.017281139608195106
2021/04/22,0.3084141062462904,2993,True,-0.044628717242112814
2021/04/23,0.2637853890041776,3542,True,-0.014525458719482492
2021/04/24,0.2492599302846951,4589,True,0.02122926196517058
2021/04/25,0.2704891922498657,8496,True,-0.01794788719009155
2021/04/26,0.2525413050597741,5898,True,0.01929067929628009
2021/04/27,0.2718319843560542,8332,True,-0.00010149593357283715
2021/04/28,0.2717304884224814,474,True,0.05092594409047252
2021/04/29,0.3226564325129539,7558,True,-0.016402013817208683
2021/04/30,0.3062544186957452,9370,True,0.032522387257556795
2021/05/01,0.338776805953302,7595,True,0.05462660338953429
2021/05/02,0.3934034093428363,9468,True,-0.014715563672195509
2021/05/03,0.3786878456706408,18089,True,0.0627241048059497
2021/05/04,0.4414119504765905,39164,True,0.1025031258508457
2021/05/05,0.5439150763274362,17970,True,0.11141810107874761
2021/05/06,0.6553331774061838,11084,True,-0.07420541850676476
2021/05/07,0.581127758899419,18285,True,0.10071387788022168
2021/05/08,0.6818416367796407,23770,True,-0.04822649169033166
2021/05/09,0.633615145089309,69729,True,-0.060479175154390274
2021/05/10,0.5731359699349188,17331,True,-0.1220070667892586
2021/05/11,0.4511289031456602,32760,True,0.0456019411558119
2021/05/12,0.4967308443014721,32529,True,-0.08153910972404987
2021/05/13,0.4151917345774222,14949,True,0.07374453251325408
2021/05/14,0.4889362670906763,11080,True,0.07591450934132982
2021/05/15,0.5648507764320061,19447,True,-0.05805840486395464
2021/05/16,0.5067923715680515,35038,True,0.008523092944737853
2021/05/17,0.5153154645127893,31715,True,-0.030168065823274193
2021/05/18,0.4851473986895151,17850,True,-0.006171367423690011
2021/05/19,0.4789760312658251,24515,True,-0.14023590544708353
2021/05/20,0.3387401258187416,20825,True,0.05905952954753252
2021/05/21,0.3977996553662741,14700,True,-0.04546901549611271
2021/05/22,0.3523306398701614,2940,True,-0.009243897400433687
2021/05/23,0.3430867424697277,12775,True,-0.0338534631116979
2021/05/24,0.3092332793580298,16537,True,0.053835484115717314
2021/05/25,0.3630687634737471,30117,True,-0.0181730364410585
2021/05/26,0.3448957270326886,14551,True,0.009259679532003906
2021/05/27,0.3541554065646925,18225,True,-0.020343085946698036
2021/05/28,0.3338123206179945,9220,True,-0.022357151557074406
2021/05/29,0.3114551690609201,8004,True,-0.008750732341248568
2021/05/30,0.3027044367196715,7627,True,-0.001275720207272013
2021/05/31,0.3014287165123995,7982,True,0.025101995908612396
2021/06/01,0.3265307124210119,12255,True,0.0467060979868793
2021/06/02,0.3732368104078912,18759,True,0.05415107380154199
2021/06/03,0.4273878842094332,14188,True,-0.02938061416115889
2021/06/04,0.3980072700482743,14522,True,-0.020294569511331517
2021/06/05,0.3777127005369428,12857,True,-0.004806586926724865
2021/06/06,0.3729061136102179,1981,True,-0.0004068053078126188
2021/06/07,0.3724993083024053,9932,True,-0.03942251116527212
2021/06/08,0.3330767971371332,8973,True,-0.005634760630071289
2021/06/09,0.3274420365070619,9216,True,0.017060264698574024
2021/06/10,0.3445023012056359,7611,True,-0.015072216005670103
2021/06/11,0.3294300851999658,9566,True,-0.012370784809353108
2021/06/12,0.3170593003906127,1004,True,-0.003988150278931624
2021/06/13,0.3130711501116811,4789,True,0.01196929079176684
2021/06/14,0.3250404409034479,5521,True,0.0029630492987126056
2021/06/15,0.3280034902021605,122,True,-0.0064027273130980444
2021/06/16,0.3216007628890625,1513,True,-0.014340092616869193
2021/06/17,0.3072606702721933,151,True,0.0003877938238013301
2021/06/18,0.3076484640959946,5020,True,-0.014411022508601212
2021/06/19,0.2932374415873934,6946,True,-0.005402526960307297
2021/06/20,0.2878349146270861,614,True,-0.005288330252325502
2021/06/21,0.2825465843747606,7995,True,-0.1053877495090842
2021/06/22,0.1771588348656764,7472,True,0.012298173446475796
2021/06/23,0.1894570083121522,9508,True,0.047306393706390504
2021/06/24,0.2367634020185427,5452,True,0.02724944203884208
2021/06/25,0.2640128440573848,2031,True,-0.020600160073310086
2021/06/26,0.2434126839840747,6576,True,-0.0016235284995314014
2021/06/27,0.2417891554845433,3959,True,0.02008896309734151
2021/06/28,0.2618781185818848,4534,True,-0.004311136276902605
2021/06/29,0.2575669823049822,4517,True,0.005915460823545382
2021/06/30,0.2634824431285276,1847,True,-0.009852116559092072
2021/07/01,0.2536303265694355,8912,True,-0.007872102286437227
2021/07/02,0.2457582242829983,8325,True,-0.00020797670033478877
2021/07/03,0.2455502475826635,5257,True,0.0016409013111491066
2021/07/04,0.2471911488938126,5903,True,-0.0003953575129234943
2021/07/05,0.2467957913808891,2505,True,-0.013978255691487501
2021/07/06,0.2328175356894016,4149,True,0.0011425844686284992
2021/07/07,0.2339601201580301,3783,True,-0.008945015815068319
2021/07/08,0.2250151043429618,3657,True,-0.01893056161872278
2021/07/09,0.206084542724239,1403,True,0.012889534946436798
2021/07/10,0.2189740776706758,4328,True,-0.007206257121211923
2021/07/11,0.2117678205494639,1607,True,0.00224196617990291
2021/07/12,0.2140097867293668,1739,True,-0.006245970895664088
2021/07/13,0.2077638158337027,2665,True,-0.010008938689958308
2021/07/14,0.1977548771437444,2345,True,-0.0006156980504858078
2021/07/15,0.1971391790932586,4304,True,-0.01437735071423149
2021/07/16,0.1827618283790271,5150,True,-0.007928256950062496
2021/07/17,0.1748335714289646,5205,True,0.008841650762415193
2021/07/18,0.1836752221913798,1131,True,0.0006143487433556138
2021/07/19,0.1842895709347354,2527,True,-0.011401890231316408
2021/07/20,0.172887680703419,6791,True,7.880658086359404e-05
2021/07/21,0.1729664872842826,4871,True,0.018621454861467907
2021/07/22,0.1915879421457505,1206,True,5.90470365088025e-05
2021/07/23,0.1916469891822593,1204,True,0.0019657729940413815
2021/07/24,0.1936127621763007,452,True,0.0046336964933218205
2021/07/25,0.1982464586696225,853,True,0.004079871431945797
2021/07/26,0.2023263301015683,7442,True,0.003703883418393006
2021/07/27,0.2060302135199613,3432,True,-0.001490846151132208
2021/07/28,0.2045393673688291,1518,True,0.003886072394261697
2021/07/29,0.2084254397630908,1714,True,0.00018675059587600074
2021/07/30,0.2086121903589668,560,True,-0.0023824675461311118
2021/07/31,0.2062297228128357,172,True,0.006857194213803208
2021/08/01,0.2130869170266389,96,True,-0.006284471694918109
2021/08/02,0.2068024453317208,214,True,-0.002935310447467393
2021/08/03,0.2038671348842534,3041,True,-0.007362789024234789
2021/08/04,0.1965043458600186,593,True,0.005145354374036293
2021/08/05,0.2016497002340549,304,True,-0.0010433277984203126
2021/08/06,0.2006063724356346,1411,True,0.004542089990142106
2021/08/07,0.2051484624257767,1577,True,0.0516881515946129
2021/08/08,0.2568366140203896,1408,True,-0.017959265300921595
2021/08/09,0.238877348719468,1541,True,0.01678062032794811
2021/08/10,0.2556579690474161,919,True,0.001790790897699568
2021/08/11,0.2574487599451157,2784,True,0.008479360692205506
2021/08/12,0.2659281206373212,322,True,-0.0006765089095115973
2021/08/13,0.2652516117278096,2095,True,0.021245860868212618
2021/08/14,0.2864974725960222,2406,True,0.005956953856980807
2021/08/15,0.292454426453003,6231,True,0.0457465507360042
2021/08/16,0.3382009771890072,4119,True,-0.017565389661831632
2021/08/17,0.3206355875271756,3150,True,-0.022783959392275066
2021/08/18,0.2978516281349005,5177,True,0.007125480860351807
2021/08/19,0.3049771089952523,806,True,0.008932152761843892
2021/08/20,0.3139092617570962,42,True,0.013250877209509682
2021/08/21,0.3271601389666059,5,True,-0.010309361584800392
2021/08/22,0.3168507773818055,535,True,-0.002724215844759903
2021/08/23,0.3141265615370456,2425,True,0.003925252614969288
2021/08/24,0.3180518141520149,1435,True,-0.028550189289777594
2021/08/25,0.2895016248622373,564,True,0.0035717330981627216
2021/08/26,0.2930733579604,1811,True,-0.020040961455853712
2021/08/27,0.2730323965045463,436,True,0.02068838707482762
2021/08/28,0.2937207835793739,1787,True,-0.007797215384646838
2021/08/29,0.2859235681947271,1331,True,-0.004158244233168962
2021/08/30,0.2817653239615581,2080,True,-0.009348281145966642
2021/08/31,0.2724170428155915,1351,True,0.006620868834117832
2021/09/01,0.2790379116497093,242,True,0.014397164279209174
2021/09/02,0.2934350759289185,2233,True,0.0027662299662046252
2021/09/03,0.2962013058951231,460,True,-0.0001669873794890031
2021/09/04,0.2960343185156341,3030,True,0.004123923991863898
2021/09/05,0.300158242507498,1815,True,0.012730790976568984
2021/09/06,0.312889033484067,555,True,-0.0031762602358232916
2021/09/07,0.3097127732482437,4682,True,-0.054376030053719826
2021/09/08,0.2553367431945239,4782,True,0.0012325877248226536
2021/09/09,0.2565693309193465,2562,True,-0.0037617083921869243
2021/09/10,0.2528076225271596,879,True,-0.012628297003340394
2021/09/11,0.2401793255238192,98,True,0.0010214886809550017
2021/09/12,0.2412008142047742,1207,True,0.010207936471483187
2021/09/13,0.2514087506762574,649,True,-0.014327773400895694
2021/09/14,0.2370809772753617,218,True,0.003990982052493097
2021/09/15,0.2410719593278548,600,True,0.006258231220254512
2021/09/16,0.2473301905481093,412,True,-0.004749338669232717
2021/09/17,0.2425808518788766,682,True,-0.0016429068239444955
2021/09/18,0.2409379450549321,1331,True,0.0009569195199420066
2021/09/19,0.2418948645748741,592,True,-0.007393838908106215
2021/09/20,0.2345010256667679,4047,True,-0.026818705876061805
2021/09/21,0.2076823197907061,2588,True,-0.0080661932367172
2021/09/22,0.1996161265539889,2348,True,0.025044985110116408
2021/09/23,0.2246611116641053,5511,True,0.0008760414109471037
2021/09/24,0.2255371530750524,4723,True,-0.016416525618190597
2021/09/25,0.2091206274568618,2048,True,0.0012469745012521072
2021/09/26,0.2103676019581139,798,True,-0.004646115871218215
2021/09/27,0.2057214860868957,333,True,-0.005410770728147107
2021/09/28,0.2003107153587486,2707,True,-0.0036591928876907875
2021/09/29,0.1966515224710578,540,True,0.0029474433879206063
2021/09/30,0.1995989658589784,96,True,0.005068058013029092
2021/10/01,0.2046670238720075,754,True,0.018038280020236913
2021/10/02,0.2227053038922444,565,True,-0.003433515913962598
2021/10/03,0.2192717879782818,685,True,0.00290441786526649
2021/10/04,0.2221762058435483,4386,True,0.021043092879444086
2021/10/05,0.2432192987229924,5073,True,0.008474836519902912
2021/10/06,0.2516941352428953,818,True,0.0008565846485594775
2021/10/07,0.2525507198914548,1309,True,-0.009111676070609975
2021/10/08,0.2434390438208448,3740,True,-0.0004711112448773924
2021/10/09,0.2429679325759674,1995,True,0.004195628486607983
2021/10/10,0.2471635610625754,3346,True,-0.017865038920654386
2021/10/11,0.229298522141921,5387,True,0.002662775590955485
2021/10/12,0.2319612977328765,3931,True,-0.005609767582735792
2021/10/13,0.2263515301501407,799,True,0.006411382333776305
2021/10/14,0.232762912483917,569,True,0.00021866541959358887
2021/10/15,0.2329815779035106,2640,True,0.002056586282600803
2021/10/16,0.2350381641861114,693,True,0.0035200611861521958
2021/10/17,0.2385582253722636,1272,True,-0.0006218829591737862
2021/10/18,0.2379363424130898,286,True,0.00818590772256278
2021/10/19,0.2461222501356526,230,True,0.0004262589657547111
2021/10/20,0.2465485091014073,3261,True,0.007969000150491512
2021/10/21,0.2545175092518988,1455,True,-0.010990872141336122
2021/10/22,0.2435266371105627,718,True,0.0028998387987970997
2021/10/23,0.2464264759093598,853,True,0.005073586237969385
2021/10/24,0.2515000621473292,8288,True,0.02679648852761002
2021/10/25,0.2782965506749392,986,True,-0.013285274741422604
2021/10/26,0.2650112759335166,737,True,-0.008230016736728185
2021/10/27,0.2567812591967884,10772,True,-0.01761473273341449
2021/10/28,0.2391665264633739,11955,True,0.06041244163699758
2021/10/29,0.2995789681003715,2521,True,-0.010764894514085799
2021/10/30,0.2888140735862857,83,True,-0.020515992251123882
2021/10/31,0.2682980813351618,778,True,0.011469213262136402
2021/11/01,0.2797672945972982,5689,True,-0.0076852991511038304
2021/11/02,0.2720819954461944,3353,True,0.001798008324205902
2021/11/03,0.2738800037704003,1583,True,-0.004191720641134988
2021/11/04,0.2696882831292653,46,True,-0.006079029929738078
2021/11/05,0.2636092531995272,1151,True,-0.0018019768268824343
2021/11/06,0.2618072763726448,2606,True,0.0007056122825518929
2021/11/07,0.2625128886551967,806,True,0.004077974868831102
2021/11/08,0.2665908635240278,1091,True,0.015680759248951237
2021/11/09,0.282271622772979,2842,True,-0.008109905533165096
2021/11/10,0.2741617172398139,865,True,-0.018427467151162613
2021/11/11,0.2557342500886513,1422,True,0.0056660130234802986
2021/11/12,0.2614002631121316,293,True,-0.002050183169990727
2021/11/13,0.2593500799421409,1435,True,0.003085833609522748
2021/11/14,0.2624359135516636,429,True,0.0020320443224672857
2021/11/15,0.2644679578741309,1298,True,-0.0064714663195156175
2021/11/16,0.2579964915546153,276,True,-0.019215326991284587
2021/11/17,0.2387811645633307,1570,True,9.175626498009182e-05
2021/11/18,0.2388729208283108,11,True,-0.017192712346150496
2021/11/19,0.2216802084821603,250,True,0.012579373626612489
2021/11/20,0.2342595821087728,4,True,0.00040145431580781987
2021/11/21,0.2346610364245806,382,True,-0.00599218513585692
2021/11/22,0.2286688512887237,7,True,-0.008445895913502283
2021/11/23,0.2202229553752214,409,True,0.006333020750932589
2021/11/24,0.226555976126154,676,True,-0.00827559187629931
2021/11/25,0.2182803842498547,528,True,0.0033272623914307187
2021/11/26,0.2216076466412854,636,True,-0.01918507620642179
2021/11/27,0.2024225704348636,42,True,0.0019599117480387784
2021/11/28,0.2043824821829024,2745,True,0.0031514006147022045
2021/11/29,0.2075338827976046,97,True,0.0077068495413328
2021/11/30,0.2152407323389374,1001,True,-0.00025817937129490875
2021/12/01,0.2149825529676425,230,True,-0.005496032590810385
2021/12/02,0.2094865203768321,1578,True,0.0002454739510472925
2021/12/03,0.2097319943278794,2585,True,-0.008470484414120905
2021/12/04,0.2012615099137585,263,True,-0.022274954593406393
2021/12/05,0.1789865553203521,600,True,-0.007621272146135394
2021/12/06,0.1713652831742167,228,True,0.006915325809914996
2021/12/07,0.1782806089841317,189,True,-0.0011195440231805964
2021/12/08,0.1771610649609511,146,True,0.0019775958229794055
2021/12/09,0.1791386607839305,115,True,-0.008436915838348213
2021/12/10,0.1707017449455823,91,True,-0.005371223253545082
2021/12/11,0.1653305216920372,147,True,0.003586659566820777
2021/12/12,0.168917181258858,99,True,0.0009934539218157123
2021/12/13,0.1699106351806737,235,True,-0.012195453775782211
2021/12/14,0.1577151814048915,159,True,0.033505513685959304
2021/12/15,0.1912206950908508,154,True,-0.009590271717402982
2021/12/16,0.1816304233734478,209,True,-0.0074444366196183
2021/12/17,0.1741859867538295,157,True,-0.004534179304347324
2021/12/18,0.1696518074494822,68,True,0.002835839424675718
2021/12/19,0.1724876468741579,251,True,-0.0024875585072718087
2021/12/20,0.1700000883668861,483,True,-0.0014524427979221988
2021/12/21,0.1685476455689639,517,True,0.00362361801864039
2021/12/22,0.1721712635876043,153,True,0.0017829051823998188
2021/12/23,0.1739541687700041,759,True,0.010095207201824191
2021/12/24,0.1840493759718283,360,True,0.003994622469584208
2021/12/25,0.1880439984414125,765,True,0.004323011963287382
2021/12/26,0.1923670104046999,83,True,-0.0016535839809051767
2021/12/27,0.1907134264237947,14,True,-0.0024379249225485178
2021/12/28,0.1882755015012462,200,True,-0.013423020188889495
2021/12/29,0.1748524813123567,632,True,-0.006639911489126599
2021/12/30,0.1682125698232301,60,True,0.0033659963461563913
2021/12/31,0.1715785661693865,207,True,-0.0010463189674976003
2022/01/01,0.1705322472018889,24,True,0.003088190014221004
2022/01/02,0.1736204372161099,429,True,0.0009444168569195943
2022/01/03,0.1745648540730295,26,True,-0.004123432138897182
2022/01/04,0.1704414219341323,777,True,-0.0018557179923142098
2022/01/05,0.1685857039418181,440,True,-0.008585969520969794
2022/01/06,0.1599997344208483,14,True,0.0004870092484189903
2022/01/07,0.1604867436692673,350,True,-0.005223010340767192
2022/01/08,0.1552637333285001,291,True,-0.003919974122521402
2022/01/09,0.1513437592059787,250,True,-0.0008078486576341137
2022/01/10,0.1505359105483446,1326,True,-0.007229050126322578
2022/01/11,0.143306860422022,534,True,0.010345368427534585
2022/01/12,0.1536522288495566,512,True,0.007844381705282899
2022/01/13,0.1614966105548395,374,True,0.011181853148121396
2022/01/14,0.1726784637029609,31,True,0.01092499626335322
2022/01/15,0.1836034599663141,83,True,0.0014045783369026899
2022/01/16,0.1850080383032168,1161,True,-0.007360356252237993
2022/01/17,0.1776476820509788,77,True,-0.006189015001076215
2022/01/18,0.1714586670499026,245,True,-0.006089331408184295
2022/01/19,0.1653693356417183,516,True,-0.002915437921857583
2022/01/20,0.1624538977198607,733,True,-0.007271837888633115
2022/01/21,0.1551820598312276,592,True,-0.013079923815859595
2022/01/22,0.142102136015368,668,True,-0.008691524805048395
2022/01/23,0.1334106112103196,863,True,0.008254436252229685
2022/01/24,0.1416650474625493,58,True,-0.003803204828381479
2022/01/25,0.1378618426341678,3761,True,0.005914944574064274
2022/01/26,0.1437767872082321,248,True,0.00020053965351352065
2022/01/27,0.1439773268617456,96,True,-0.0020374773721719974
2022/01/28,0.1419398494895736,190,True,7.757820109338676e-05
2022/01/29,0.142017427690667,187,True,0.001514685893812595
2022/01/30,0.1435321135844796,52,True,-0.003807723370377797
2022/01/31,0.1397243902141018,242,True,0.002450336280411608
2022/02/01,0.1421747264945134,84,True,0.0006700246588297876
2022/02/02,0.1428447511533432,395,True,-0.0052593559303087956
2022/02/03,0.1375853952230344,45,True,0.00027330009600110006
2022/02/04,0.1378586953190355,230,True,0.0102684447688563
2022/02/05,0.1481271400878918,198,True,-0.0007611021317215083
2022/02/06,0.1473660379561703,108,True,0.0066214248779496165
2022/02/07,0.1539874628341199,208,True,0.01178221061410481
2022/02/08,0.1657696734482247,111,True,-0.007107181810265012
2022/02/09,0.1586624916379597,39,True,0.0007408634278809889
2022/02/10,0.1594033550658407,147,True,-0.007335644767478999
2022/02/11,0.1520677102983617,98,True,-0.007050486172076292
2022/02/12,0.1450172241262854,66,True,-0.0005397975883540962
2022/02/13,0.1444774265379313,2943,True,0.004498663319858293
2022/02/14,0.1489760898577896,40,True,-0.0029014920719140913
2022/02/15,0.1460745977858755,1030,True,0.0056977462765765985
2022/02/16,0.1517723440624521,194,True,-0.0025822636358185103
2022/02/17,0.1491900804266336,1109,True,-0.010190070483036384
2022/02/18,0.1390000099435972,513,True,-6.713290773721625e-05
2022/02/19,0.13893287703586,432,True,0.002521802407109308
2022/02/20,0.1414546794429693,336,True,-0.004195353263651114
2022/02/21,0.1372593261793182,68,True,-0.008733271203594295
2022/02/22,0.1285260549757239,337,True,0.003211920518746997
2022/02/23,0.1317379754944709,200,True,-0.003550003028734483
2022/02/24,0.1281879724657364,1301,True,-0.004212244636290011
2022/02/25,0.1239757278294464,604,True,0.003939154321416907
2022/02/26,0.1279148821508633,446,True,-0.00021011386503089202
2022/02/27,0.1277047682858324,90,True,-0.004036233811740314
2022/02/28,0.1236685344740921,629,True,0.009581663171814608
2022/03/01,0.1332501976459067,255,True,0.0010277680909649978
2022/03/02,0.1342779657368717,519,True,-0.0010829182174657004
2022/03/03,0.133195047519406,10,True,-0.0033832349820475116
2022/03/04,0.1298118125373585,321,True,-0.007172339613327985
2022/03/05,0.1226394729240305,55,True,0.0027688392769667086
2022/03/06,0.1254083122009972,147,True,-0.004493561070374019
2022/03/07,0.1209147511306232,138,True,-0.003697142142498999
2022/03/08,0.1172176089881242,194,True,-0.00026546416951739316
2022/03/09,0.1169521448186068,325,True,0.004535281872816294
2022/03/10,0.1214874266914231,71,True,-0.004564022486622993
2022/03/11,0.1169234042048001,394,True,-0.0013583005383379088
2022/03/12,0.1155651036664622,0,False,-0.0004843021079365961
2022/03/13,0.1150808015585256,173,True,-0.0033050883603212983
2022/03/14,0.1117757131982043,196,True,0.002071281765667704
2022/03/15,0.113846994963872,319,True,-0.0010966233229103978
2022/03/16,0.1127503716409616,283,True,0.004173295325446094
2022/03/17,0.1169236669664077,256,True,-0.0004296273920715993
2022/03/18,0.1164940395743361,182,True,0.0029003547996513945
2022/03/19,0.1193943943739875,457,True,0.004069827129013409
2022/03/20,0.1234642215030009,321,True,-0.0043002418609504045
2022/03/21,0.1191639796420505,343,True,8.191345368330216e-05
2022/03/22,0.1192458930957338,17,True,0.0031308793524247036
2022/03/23,0.1223767724481585,40,True,0.007184257441177094
2022/03/24,0.1295610298893356,1425,True,0.006665428172153598
2022/03/25,0.1362264580614892,378,True,-0.005313903941819492
2022/03/26,0.1309125541196697,22,True,0.005042201653426004
2022/03/27,0.1359547557730957,572,True,0.008363777579159293
2022/03/28,0.144318533352255,78,True,-0.0017695216320491036
2022/03/29,0.1425490117202059,339,True,0.0018437911111298944
2022/03/30,0.1443928028313358,293,True,-0.0010317415677127961
2022/03/31,0.143361061263623,523,True,-0.005538505773008184
2022/04/01,0.1378225554906148,11,True,0.0034019526244743747
2022/04/02,0.1412245081150892,49,True,-0.002272396914024394
2022/04/03,0.1389521112010648,1193,True,0.007160867826154105
2022/04/04,0.1461129790272189,141,True,0.002377734044876595
2022/04/05,0.1484907130720955,5491,True,0.023674703193047597
2022/04/06,0.1721654162651431,312,True,-0.028750618990756677
2022/04/07,0.1434147972743864,348,True,0.0026930829376780874
2022/04/08,0.1461078802120645,158,True,-0.0035775930715913062
2022/04/09,0.1425302871404732,351,True,0.0019270192862743951
2022/04/10,0.1444573064267476,793,True,0.005771418603362499
2022/04/11,0.1502287250301101,585,True,-0.015910067071119888
2022/04/12,0.1343186579589902,488,True,0.004116648321885796
2022/04/13,0.138435306280876,573,True,0.0018612838110116103
2022/04/14,0.1402965900918876,1074,True,0.003815126053464596
2022/04/15,0.1441117161453522,5,True,0.002111643792873097
2022/04/16,0.1462233599382253,663,True,-0.0022017459215858126
2022/04/17,0.1440216140166395,1453,True,-0.004638246021691078
2022/04/18,0.1393833679949484,2232,True,0.0008378476322438988
2022/04/19,0.1402212156271923,1201,True,0.0024730956878395993
2022/04/20,0.1426943113150319,1666,True,-0.0018560880143654035
2022/04/21,0.1408382233006665,429,True,-0.004401963065619602
2022/04/22,0.1364362602350469,2607,True,0.00010249017196320431
2022/04/23,0.1365387504070101,976,True,-0.0023053576156531197
2022/04/24,0.134233392791357,1471,True,-0.002332102290650895
2022/04/25,0.1319012905007061,8797,True,0.025554798134809598
2022/04/26,0.1574560886355157,8020,True,-0.019423967363908085
2022/04/27,0.1380321212716076,1275,True,0.002214092070680407
2022/04/28,0.140246213342288,2337,True,-0.0030317849592646218
2022/04/29,0.1372144283830234,2418,True,-0.002134285750375997
2022/04/30,0.1350801426326474,547,True,-0.007325290788988192
2022/05/01,0.1277548518436592,625,True,0.005279552746480093
2022/05/02,0.1330344045901393,312,True,-0.0018875756267020816
2022/05/03,0.1311468289634372,399,True,-0.0012858887532070096
2022/05/04,0.1298609402102302,1964,True,0.006133583871922588
2022/05/05,0.1359945240821528,285,True,-0.007437477511180096
2022/05/06,0.1285570465709727,937,True,-0.0004669093777295852
2022/05/07,0.1280901371932431,1309,True,-0.0002973586687398111
2022/05/08,0.1277927785245033,859,True,-0.003568824655879696
2022/05/09,0.1242239538686236,1638,True,-0.019147198055773
2022/05/10,0.1050767558128506,1492,True,0.0031551326004563007
2022/05/11,0.1082318884133069,952,True,-0.023977620766500396
2022/05/12,0.0842542676468065,3288,True,-0.0012235181333321021
2022/05/13,0.0830307495134744,4150,True,0.0054315149599303
2022/05/14,0.0884622644734047,3419,True,0.0015639436723309946
2022/05/15,0.0900262081457357,1848,True,0.0031465619400333072
2022/05/16,0.093172770085769,1670,True,-0.0051768225841993115
2022/05/17,0.0879959475015697,962,True,0.0024231868656253014
2022/05/18,0.090419134367195,1180,True,-0.006431728668936099
2022/05/19,0.0839874056982589,41,True,0.0030866468169208072
2022/05/20,0.0870740525151797,87,True,-0.0025546399668945063
2022/05/21,0.0845194125482852,125,True,1.4973350366209726e-05
2022/05/22,0.0845343858986514,1088,True,0.0018026941654551987
2022/05/23,0.0863370800641066,1382,True,-0.002459470261959612
2022/05/24,0.083877609802147,105,True,-0.000132128958580488
2022/05/25,0.0837454808435665,1052,True,-7.092096011400428e-05
2022/05/26,0.0836745598834525,1073,True,-0.0048586693415993
2022/05/27,0.0788158905418532,2343,True,0.0026323058423206036
2022/05/28,0.0814481963841738,241,True,0.0007425774313152
2022/05/29,0.082190773815489,105,True,0.001345026122311993
2022/05/30,0.083535799937801,88,True,0.004390478621135299
2022/05/31,0.0879262785589363,114,True,-0.0018772386738699909
2024/02/01,0.0786938827044989,8,True,0.0005861987066056035
2024/02/02,0.0792800814111045,2266,True,-9.481584842693791e-06
2024/02/03,0.0792705998262618,1728,True,-0.0005621926977550096
2024/02/04,0.0787084071285068,3,True,-0.00046393162774549523
2024/02/05,0.0782444755007613,214,True,-6.0990868816099275e-05
2024/02/06,0.0781834846319452,6,True,0.0002616306597337942
2024/02/07,0.078445115291679,48,True,0.0016055051866978032
2024/02/08,0.0800506204783768,48,True,-0.00018842227575109616
2024/02/09,0.0798621982026257,9,True,0.001686446528758101
2024/02/10,0.0815486447313838,113,True,-0.00018346079838300888
2024/02/11,0.0813651839330008,9,True,-0.00027177062585879985
2024/02/12,0.081093413307142,10,True,0.0012763364336810107
2024/02/13,0.082369749740823,0,False,-0.0012211929657624104
2024/02/14,0.0811485567750606,20,True,0.004328989438130107
2024/02/15,0.0854775462131907,9,True,-8.135523883359697e-05
2024/02/16,0.0853961909743571,11,True,0.0005880009342338899
2024/02/17,0.085984191908591,7,True,-0.002380442495546295
2024/02/18,0.0836037494130447,85,True,0.001582737498664999
2024/02/19,0.0851864869117097,610,True,0.004184567124651206
2024/02/20,0.0893710540363609,1344,True,-0.0032267840199853015
2024/02/21,0.0861442700163756,70,True,-0.001503823608631702
2024/02/22,0.0846404464077439,11,True,-0.00047285078586349616
2024/02/23,0.0841675956218804,25,True,0.00029651742319170005
2024/02/24,0.0844641130450721,150,True,0.0016395894333782884
2024/02/25,0.0861037024784504,664,True,3.615722847905012e-06
2024/02/26,0.0861073182012983,659,True,0.0032411772440995995
2024/02/27,0.0893484954453979,1828,True,0.008878558534206007
2024/02/28,0.0982270539796039,2122,True,0.018402839995039
2024/02/29,0.1166298939746429,2810,True,0.0013947521695834991
2024/03/01,0.1180246461442264,2250,True,0.0210002840406361
2024/03/02,0.1390249301848625,1916,True,0.0037395102729460006
2024/03/03,0.1427644404578085,1916,True,0.0111480650634668
2024/03/04,0.1539125055212753,596,True,0.028572292166912483
2024/03/05,0.1824847976881878,993,True,-0.0267102336923907
2024/03/06,0.1557745639957971,16,True,0.0024921673118181997
2024/03/07,0.1582667313076153,1,True,-0.00043292771746447634
2024/03/08,0.1578338035901508,74,True,0.007077126589705579
2024/03/09,0.1649109301798564,90,True,0.01469875135766191
2024/03/10,0.1796096815375183,213,True,-0.01014028711175291
2024/03/11,0.1694693944257654,69,True,0.012871030750261608
2024/03/12,0.182340425176027,80,True,-0.01415779825652469
2024/03/13,0.1681826269195023,1004,True,0.0008935448651836986
2024/03/14,0.169076171784686,788,True,0.008290914368369595
2024/03/15,0.1773670861530556,17,True,-0.014082958238944315
2024/03/16,0.1632841279141113,737,True,-0.021246529529643177
2024/03/17,0.1420375983844681,579,True,0.012093227370068682
2024/03/18,0.1541308257545368,196,True,-0.010069468473118903
2024/03/19,0.1440613572814179,777,True,-0.015590585932642093
2024/03/20,0.1284707713487758,24,True,0.022826761113780014
2024/03/21,0.1512975324625558,17,True,0.004300958551191475
2024/03/22,0.1555984910137473,100,True,-0.0035047939702823883
2024/03/23,0.1520936970434649,2366,True,0.010356781554251404
2024/03/24,0.1624504785977163,2038,True,0.014202992935432701
2024/03/25,0.176653471533149,572,True,-0.0015914341815720934
2024/03/26,0.1750620373515769,508,True,0.007466813993588395
2024/03/27,0.1825288513451653,70,True,0.007134424129116496
2024/03/28,0.1896632754742818,6726,True,0.030239360432795986
2024/03/29,0.2199026359070778,2018,True,-0.006779669613139194
2024/03/30,0.2131229662939386,2588,True,-0.013232519092995998
2024/03/31,0.1998904472009426,758,True,0.020364517251703518
2024/04/01,0.2202549644526461,135,True,-0.014484459080007117
2024/04/02,0.205770505372639,73,True,-0.023235142361205496
2024/04/03,0.1825353630114335,285,True,-0.006930834069140301
2024/04/04,0.1756045289422932,83,True,0.0042414022706530885
2024/04/05,0.1798459312129463,3,True,-0.0018206007561188953
2024/04/06,0.1780253304568274,20,True,0.007667618959174505
2024/04/07,0.1856929494160019,28,True,0.013805311136939391
2024/04/08,0.1994982605529413,20,True,0.0032292382870890146
2024/04/09,0.2027274988400303,77,True,-0.01380124945246819
2024/04/10,0.1889262493875621,70,True,0.010683927475408389
2024/04/11,0.1996101768629705,43,True,-0.005498213103368205
2024/04/12,0.1941119637596023,45,True,-0.019308646060788887
2024/04/13,0.1748033176988134,35,True,-0.020931445964676998
2024/04/14,0.1538718717341364,29,True,0.008627648850228986
2024/04/15,0.1624995205843654,0,False,-0.000790946836874501
2024/04/16,0.1617085737474909,1694,True,-0.005796529592989902
2024/04/17,0.155912044154501,307,True,-0.008022151535785088
2024/04/18,0.1478898926187159,1053,True,0.004070355227527606
2024/04/19,0.1519602478462435,70,True,0.004083749793119179
2024/04/20,0.1560439976393627,1251,True,0.006542497859015506
2024/04/21,0.1625864954983782,9,True,-0.004453076174125797
2024/04/22,0.1581334193242524,1649,True,0.0030236854921550094
2024/04/23,0.1611571048164074,83,True,-0.00123397955456081
2024/04/24,0.1599231252618466,446,True,-0.0086102632543745
2024/04/25,0.1513128620074721,2047,True,0.0002319226950787956
2024/04/26,0.1515447847025509,122,True,-0.0037160610556404017
2024/04/27,0.1478287236469105,103,True,0.0001424789789364056
2024/04/28,0.1479712026258469,1076,True,-0.0013017828831732026
2024/04/29,0.1466694197426737,9,True,-0.003205403838859089
2024/04/30,0.1434640159038146,721,True,-0.010062605132280605
2024/05/01,0.133401410771534,32,True,-0.003211759851008106
2024/05/02,0.1301896509205259,406,True,0.0020388564279925914
2024/05/03,0.1322285073485185,173,True,0.013756866881535906
2024/05/04,0.1459853742300544,334,True,0.013969390098147905
2024/05/05,0.1599547643282023,96,True,0.0009198920193594085
2024/05/06,0.1608746563475617,506,True,-0.004338176313104708
2024/05/07,0.156536480034457,379,True,-0.0062809344197398975
2024/05/08,0.1502555456147171,373,True,-0.00675399201818741
2024/05/09,0.1435015535965297,85,True,0.008583045707895809
2024/05/10,0.1520845993044255,6,True,-0.008030943042967004
2024/05/11,0.1440536562614585,30,True,-0.0012442536753604905
2024/05/12,0.142809402586098,94,True,-0.001651869702276404
2024/05/13,0.1411575328838216,587,True,0.007260515313703586
2024/05/14,0.1484180481975252,2974,True,-0.0029962478063788878
2024/05/15,0.1454218003911463,385,True,0.010288045724168499
2024/05/16,0.1557098461153148,3,True,-0.005998771614428605
2024/05/17,0.1497110745008862,163,True,0.005960322498980902
2024/05/18,0.1556713969998671,447,True,-0.0026866297613448997
2024/05/19,0.1529847672385222,124,True,-0.0039320540560746076
2024/05/20,0.1490527131824476,15,True,0.016182429168220713
2024/05/21,0.1652351423506683,0,False,0.0055353921505992
2024/05/22,0.1707705345012675,29,True,-0.004663440838240496
2024/05/23,0.166107093663027,0,False,-0.006489309313716912
2024/05/24,0.1596177843493101,35,True,0.003923187281939994
2024/05/25,0.1635409716312501,20,True,0.00935810099151041
2024/05/26,0.1728990726227605,18,True,-0.0066898114043763
2024/05/27,0.1662092612183842,106,True,0.002917648719643201
2024/05/28,0.1691269099380274,28,True,-0.00411197974729291
2024/05/29,0.1650149301907345,146,True,-0.0013209994355369847
2024/05/30,0.1636939307551975,174,True,-0.004183004122664008
2024/05/31,0.1595109266325335,95,True,-0.00039540074213578746
2024/06/01,0.1591155258903977,1003,True,0.0010375538379439053
2024/06/02,0.1601530797283416,0,False,-0.003136703309544603
2024/06/03,0.157016376418797,188,True,0.0012029419426497767
2024/06/04,0.1582193183614468,3,True,0.003323552137179109
2024/06/05,0.1615428704986259,184,True,0.0019651083953320936
2024/06/06,0.163507978893958,1,True,-0.0033400323541854793
2024/06/07,0.1601679465397725,45,True,-0.011861008407047013
2024/06/08,0.1483069381327255,268,True,-0.002197786913691102
2024/06/09,0.1461091512190344,241,True,0.0006685049689814926
2024/06/10,0.1467776561880159,746,True,-0.0019434708256747812
2024/06/11,0.1448341853623411,1381,True,-0.006783550972972119
2024/06/12,0.138050634389369,2474,True,0.00803485453696201
2024/06/13,0.146085488926331,98,True,-0.005095702575446004
2024/06/14,0.140989786350885,384,True,-0.006038623841667506
2024/06/15,0.1349511625092175,729,True,0.0016077741839404247
2024/06/16,0.1365589366931579,119,True,0.0002738244286622782
2024/06/17,0.1368327611218202,0,False,-0.007951610304066492
2024/06/18,0.1288811508177537,43,True,-0.006735444877868604
2024/06/19,0.1221457059398851,2,True,6.378608814031073e-05
2024/06/20,0.1222094920280254,259,True,0.0021876333395743908
2024/06/21,0.1243971253675998,33,True,-0.00037110127479919597
2024/06/22,0.1240260240928006,0,False,-0.00026167017538179793
2024/06/23,0.1237643539174188,123,True,-0.0016957905774802051
2024/06/24,0.1220685633399386,862,True,-0.002922021776706793
2024/06/25,0.1191465415632318,137,True,0.006975035739533883
2024/06/26,0.1261215773027657,8,True,-0.0035036061516438843
2024/06/27,0.1226179711511218,1877,True,0.0042886444191233
2024/06/28,0.1269066155702451,1059,True,-0.004083824445812095
2024/06/29,0.122822791124433,1047,True,-0.0011888491197995094
2024/06/30,0.1216339420046335,1160,True,0.002792342289388308
2024/07/01,0.1244262842940218,75,True,-0.0010700328193739006
2024/07/02,0.1233562514746479,690,True,0.0016255568599493897
2024/07/03,0.1249818083345973,118,True,-0.0064803337694012975
2024/07/04,0.118501474565196,210,True,-0.013656719869065595
2024/07/05,0.1048447546961304,208,True,0.0009907680982373934
2024/07/06,0.1058355227943678,176,True,0.0075236477409931085
2024/07/07,0.1133591705353609,32,True,-0.009352306038626898
2024/07/08,0.104006864496734,242,True,0.0034893819402923992
2024/07/09,0.1074962464370264,4,True,1.0799141915901478e-05
2024/07/10,0.1075070455789423,109,True,0.0004369531507921881
2024/07/11,0.1079439987297345,279,True,-0.0012766070910543992
2024/07/12,0.1066673916386801,78,True,0.0009376866767920045
2024/07/13,0.1076050783154721,1,True,0.0045702656333102
2024/07/14,0.1121753439487823,13,True,0.0034874759631789987
2024/07/15,0.1156628199119613,6,True,0.009566826788988111
2024/07/16,0.1252296467009494,912,True,-0.00018733796885350706
2024/07/17,0.1250423087320959,1597,True,-0.0032234034107787024
2024/07/18,0.1218189053213172,402,True,-0.0023526934121493037
2024/07/19,0.1194662119091679,161,True,0.005991759701044097
2024/07/20,0.125457971610212,347,True,0.009074702723566697
2024/07/21,0.1345326743337787,2320,True,0.005588115287522399
2024/07/22,0.1401207896213011,997,True,-0.0020708611779418906
2024/07/23,0.1380499284433592,1004,True,-0.0074945163862772946
2024/07/24,0.1305554120570819,947,True,-0.002536608391832812
2024/07/25,0.1280188036652491,887,True,-0.0028473176651181986
2024/07/26,0.1251714860001309,1158,True,0.00917573908244132
2024/07/27,0.1343472250825722,1213,True,-0.0022732000071874203
2024/07/28,0.1320740250753848,983,True,-0.0020724391852670054
2024/07/29,0.1300015858901178,6,True,-0.0016356653648229857
2024/07/30,0.1283659205252948,646,True,-0.0028916986580775073
2024/07/31,0.1254742218672173,1054,True,-0.0033968967760013985
2024/08/01,0.1220773250912159,12,True,-0.002757480347066299
2024/08/02,0.1193198447441496,17,True,-0.008109556379018404
2024/08/03,0.1112102883651312,37,True,-0.0029346380279504924
2024/08/04,0.1082756503371807,65,True,-0.004639679213381806
2024/08/05,0.1036359711237989,53,True,-0.009191747000441092
2024/08/06,0.0944442241233578,30,True,0.0018573851935406033
2024/08/07,0.0963016093168984,15,True,-0.0006597704700374019
2024/08/08,0.095641838846861,13,True,0.011802091599096495
2024/08/09,0.1074439304459575,24,True,-0.0034788900164374054
2024/08/10,0.1039650404295201,18,True,0.0012085158496955017
2024/08/11,0.1051735562792156,0,False,-0.0046033197928744
2024/08/12,0.1005702364863412,14,True,0.007076559191062204
2024/08/13,0.1076467956774034,0,False,-0.0011779172702909013
2024/08/14,0.1064688784071125,14,True,-0.003939825529837099
2024/08/15,0.1025290528772754,0,False,-0.0022537795809104005
2024/08/16,0.100275273296365,634,True,5.7158433453496915e-05
2024/08/17,0.1003324317298185,89,True,0.0023672072946629985
2024/08/18,0.1026996390244815,397,True,-0.0026076961664918963
2024/08/19,0.1000919428579896,546,True,0.001504048741605396
2024/08/20,0.101595991599595,343,True,0.0014685957512312053
2024/08/21,0.1030645873508262,17,True,0.003018915504185496
2024/08/22,0.1060835028550117,483,True,-0.0007329573906259962
2024/08/23,0.1053505454643857,64,True,0.007501593632061904
2024/08/24,0.1128521390964476,32,True,-0.000189324598047505
2024/08/25,0.1126628144984001,32,True,-0.003039619021045492
2024/08/26,0.1096231954773546,27,True,-0.004400435547442905
2024/08/27,0.1052227599299117,187,True,-0.006291241420071508
2024/08/28,0.0989315185098402,556,True,0.0006006891289121047
2024/08/29,0.0995322076387523,279,True,0.0008583996634000945
2024/08/30,0.1003906073021524,0,False,0.001826601365819705
2024/08/31,0.1022172086679721,69,True,-0.0009057898203276016
2024/09/01,0.1013114188476445,147,True,-0.005873625503804894
2024/09/02,0.0954377933438396,26,True,0.0036636938122710933
2024/09/03,0.0991014871561107,11,True,-0.002403228947009492
2024/09/04,0.0966982582091012,55,True,0.0013033910636841006
2024/09/05,0.0980016492727853,283,True,0.00036830940965069947
2024/09/06,0.098369958682436,29,True,-0.005873905398393206
2024/09/07,0.0924960532840428,14,True,0.002717104971948006
2024/09/08,0.0952131582559908,8,True,0.0007807996763632974
2024/09/09,0.0959939579323541,23,True,0.007861144491966093
2024/09/10,0.1038551024243202,28,True,-0.001156122503273696
2024/09/11,0.1026989799210465,0,False,-0.0013183930542712968
2024/09/12,0.1013805868667752,24,True,0.001373061552919802
2024/09/13,0.102753648419695,8,True,0.004257505417780194
2024/09/14,0.1070111538374752,38,True,-0.0015382568792133011
2024/09/15,0.1054728969582619,0,False,-0.00248864629392459
2024/09/16,0.1029842506643373,51,True,-0.0032869123098473035
2024/09/17,0.09969733835449,0,False,0.0014652459802553947
2024/09/18,0.1011625843347454,9,True,0.0023463970089750014
2024/09/19,0.1035089813437204,121,True,0.001571323784994097
2024/09/20,0.1050803051287145,116,True,0.0003019617218329024
2024/09/21,0.1053822668505474,73,True,0.004776364773887501
2024/09/22,0.1101586316244349,23,True,-0.0038428511357347928
2024/09/23,0.1063157804887001,173,True,0.0019017560558088897
2024/09/24,0.108217536544509,0,False,0.0015629791084548067
2024/09/25,0.1097805156529638,8,True,-0.0012662826708451091
2024/09/26,0.1085142329821187,19,True,0.0096309082971021
2024/09/27,0.1181451412792208,7,True,0.005677627605097005
2024/09/28,0.1238227688843178,15,True,0.005013634939579695
2024/09/29,0.1288364038238975,9,True,-0.004076733497960394
2024/09/30,0.1247596703259371,79,True,-0.010665939089586005
2024/10/01,0.1140937312363511,2647,True,-0.006948823580375102
2024/10/02,0.107144907655976,1492,True,-0.002488488801542496
2024/10/03,0.1046564188544335,53,True,0.0003759860232699086
2024/10/04,0.1050324048777034,45,True,0.0042564881262874
2024/10/05,0.1092888930039908,110,True,0.00026618175099279995
2024/10/06,0.1095550747549836,66,True,0.001877246110589495
2024/10/07,0.1114323208655731,165,True,-0.002542894226129494
2024/10/08,0.1088894266394436,521,True,-0.001774598723052509
2024/10/09,0.1071148279163911,139,True,0.0008259039948202013
2024/10/10,0.1079407319112113,387,True,-0.001988021024474096
2024/10/11,0.1059527108867372,12,True,0.004807020321655794
2024/10/12,0.110759731208393,64,True,0.0006281837118348038
2024/10/13,0.1113879149202278,98,True,-4.973617481139614e-05
2024/10/14,0.1113381787454164,77,True,0.005208181310446397
2024/10/15,0.1165463600558628,40,True,0.000603375715849494
2024/10/16,0.1171497357717123,288,True,0.008540135176731398
2024/10/17,0.1256898709484437,55,True,0.003342016971430495
2024/10/18,0.1290318879198742,0,False,0.008350978450052005
2024/10/19,0.1373828663699262,65,True,0.007433971746079598
2024/10/20,0.1448168381160058,8,True,-0.0030212784380734825
2024/10/21,0.1417955596779323,0,False,0.0018838247666431995
2024/10/22,0.1436793844445755,52,True,-0.0041727483480618055
2024/10/23,0.1395066360965137,34,True,0.000393240559015684
2024/10/24,0.1398998766555294,71,True,0.0022234458833131077
2024/10/25,0.1421233225388425,39,True,-0.011601654742716988
2024/10/26,0.1305216677961255,56,True,0.006916626701561596
2024/10/27,0.1374382944976871,167,True,0.006825875947430088
2024/10/28,0.1442641704451172,32,True,0.016810839156805618
2024/10/29,0.1610750096019228,60,True,0.015143389517184996
2024/10/30,0.1762183991191078,0,False,-0.007804869516123414
2024/10/31,0.1684135296029844,12,True,-0.006801955739061699
2024/11/01,0.1616115738639227,46,True,-0.0023186161283856033
2024/11/02,0.1592929577355371,356,True,2.1468875454899727e-05
2024/11/03,0.159314426610992,25,True,-0.007341725796601389
2024/11/04,0.1519727008143906,0,False,0.0061788093577180014
2024/11/05,0.1581515101721086,111,True,0.012012386987820589
2024/11/06,0.1701638971599292,6064,True,0.025890575820409212
2024/11/07,0.1960544729803384,5401,True,-0.002867113367539198
2024/11/08,0.1931873596127992,4040,True,0.008828793357136294
2024/11/09,0.2020161529699355,4759,True,0.015796016830436105
2024/11/10,0.2178121698003716,5895,True,0.0600317949490764
2024/11/11,0.277843964749448,7250,True,0.07029039377221957
2024/11/12,0.3481343585216676,9804,True,0.03821769050620594
2024/11/13,0.3863520490278735,12192,True,0.01312489500648406
2024/11/14,0.3994769440343576,8391,True,-0.03727054720101658
2024/11/15,0.362206396833341,6266,True,0.016104191188675787
2024/11/16,0.3783105880220168,4901,True,-0.014255047806649879
2024/11/17,0.3640555402153669,468,True,0.003021200861366813
2024/11/18,0.3670767410767337,8929,True,0.005242604390121086
2024/11/19,0.3723193454668548,1224,True,0.019237977649096294
2024/11/20,0.3915573231159511,482,True,-0.012731328644475515
2024/11/21,0.3788259944714756,269,True,0.008679763648541505
2024/11/22,0.3875057581200171,293,True,0.0232092024080236
2024/11/23,0.4107149605280407,148,True,0.01887346769701581
2024/11/24,0.4295884282250565,25,True,0.00027296247602420776
2024/11/25,0.4298613907010807,261,True,-0.037073648708264795
2024/11/26,0.3927877419928159,215,True,-0.007081672774611025
2024/11/27,0.3857060692182049,0,False,0.0163999222881252
2024/11/28,0.4021059915063301,7,True,6.784282750871284e-05
2024/11/29,0.4021738343338388,12,True,0.023725099694963614
2024/11/30,0.4258989340288024,332,True,-0.003996268033192585
2024/12/01,0.4219026659956098,4330,True,0.01918514704085278
2024/12/02,0.4410878130364626,7114,True,-0.017037355470319204
2024/12/03,0.4240504575661434,2835,True,-0.014903991530707095
2024/12/04,0.4091464660354363,611,True,0.02028549694815307
2024/12/05,0.4294319629835894,179,True,-0.00030018372641510416
2024/12/06,0.4291317792571743,242,True,0.0065625181803457
2024/12/07,0.43569429743752,194,True,0.018510034033604128
2024/12/08,0.4542043314711241,65,True,0.012298759920663316
2024/12/09,0.4665030913917874,243,True,-0.052471544958113125
2024/12/10,0.4140315464336743,105,True,-0.020647837938397418
2024/12/11,0.3933837084952769,101,True,0.020524838370650944
2024/12/12,0.4139085468659278,268,True,-0.007828897829629422
2024/12/13,0.4060796490362984,107,True,0.001483550798713984
2024/12/14,0.4075631998350124,14,True,-0.009778687314904999
2024/12/15,0.3977845125201074,503,True,0.00941943407163831
2024/12/16,0.4072039465917457,36,True,-0.0049037210883676186
2024/12/17,0.4023002255033781,283,True,-0.008629226999789297
2024/12/18,0.3936709985035888,408,True,-0.03543250248533436
2024/12/19,0.3582384960182544,139,True,-0.042016745457628124
2024/12/20,0.3162217505606263,44,True,0.00118055741887102
2024/12/21,0.3174023079794973,344,True,0.003032953320253995
2024/12/22,0.3204352612997513,476,True,-0.00852429803610838
2024/12/23,0.3119109632636429,260,True,0.01149057325066688
2024/12/24,0.3234015365143098,497,True,0.013920469614028985
2024/12/25,0.3373220061283388,422,True,-0.0028444568171818174
2024/12/26,0.334477549311157,379,True,-0.02255543354147177
2024/12/27,0.3119221157696852,164,True,-0.0007610453223881319
2024/12/28,0.3111610704472971,307,True,0.012674145169951023
2024/12/29,0.3238352156172481,960,True,-0.008851503860075105
2024/12/30,0.314983711757173,4255,True,-0.0015494361526794953
2024/12/31,0.3134342756044935,5528,True,0.0027231015688296
2025/01/01,0.3161573771733231,5098,True,0.007932749025085117
2025/01/02,0.3240901261984082,5166,True,0.014930898820594785
2025/01/03,0.339021025019003,6128,True,0.04022088468278329
2025/01/04,0.3792419097017863,6117,True,0.015471692296512796
2025/01/05,0.3947136019982991,4851,True,-0.012060770221813066
2025/01/06,0.382652831776486,5379,True,0.005145594525841679
2025/01/07,0.3877984263023277,4962,True,-0.03879421249713111
2025/01/08,0.3490042138051966,4507,True,-0.006544610503241677
2025/01/09,0.3424596033019549,4817,True,-0.02122804291167163
2025/01/10,0.3212315603902833,1893,True,0.012955798944033814
2025/01/11,0.3341873593343171,4071,True,0.0072857662892028
2025/01/12,0.3414731256235199,4104,True,-0.005649681057131095
2025/01/13,0.3358234445663888,4182,True,0.00238746222746411
2025/01/14,0.3382109067938529,4638,True,0.018183783525050068
2025/01/15,0.356394690318903,841,True,0.0305797898530884
2025/01/16,0.3869744801719914,3731,True,-0.00932206568303745
2025/01/17,0.3776524144889539,5278,True,0.03726184486447537
2025/01/18,0.4149142593534293,5910,True,-0.01849198454942741
2025/01/19,0.3964222748040019,6762,True,-0.03856131293911941
2025/01/20,0.3578609618648825,5573,True,-0.004276889231617398
2025/01/21,0.3535840726332651,9374,True,0.017928341099940737
2025/01/22,0.3715124137332058,6143,True,-0.008310933444263702
2025/01/23,0.3632014802889421,1363,True,-0.010931281621064715
2025/01/24,0.3522701986678774,4239,True,-0.0016957230035444248
2025/01/25,0.350574475664333,3416,True,0.003755176789239534
2025/01/26,0.3543296524535725,4098,True,-0.018405871027073195
2025/01/27,0.3359237814264993,3601,True,-0.0024609700407847157
2025/01/28,0.3334628113857146,1887,True,-0.014416684063756124
2025/01/29,0.3190461273219585,25,True,0.005398176808211308
2025/01/30,0.3244443041301698,112,True,0.006785014569097192
2025/01/31,0.331229318699267,571,True,-0.0026281304205467704
2025/02/01,0.3286011882787202,3693,True,-0.020324455228608818
2025/02/02,0.3082767330501114,2329,True,-0.04332159813560127
2025/02/03,0.2649551349145101,3349,True,0.01978941595705358
2025/02/04,0.2847445508715637,3073,True,-0.02008325441843617
2025/02/05,0.2646612964531275,2751,True,-0.008351983269488605
2025/02/06,0.2563093131836389,2769,True,-0.008609910490309125
2025/02/07,0.2476994026933298,2991,True,-0.0010876885823492832
2025/02/08,0.2466117141109805,2319,True,0.006546184378289993
2025/02/09,0.2531578984892705,2477,True,-0.0038086050232523927
2025/02/10,0.2493492934660181,1808,True,0.005504294793225811
2025/02/11,0.2548535882592439,2362,True,-0.0017068435232552304
2025/02/12,0.2531467447359887,2466,True,0.010896807103760398
2025/02/13,0.2640435518397491,2561,True,-0.0017282129835075044
2025/02/14,0.2623153388562416,2543,True,0.009670038878867526
2025/02/15,0.2719853777351091,2273,True,-0.0003442080404504333
2025/02/16,0.2716411696946587,2064,True,-0.0061838242533570065
2025/02/17,0.2654573454413017,2314,True,-0.0073705868311373934
2025/02/18,0.2580867586101643,2474,True,-0.007237143499389698
2025/02/19,0.2508496151107746,3648,True,0.003686996798167419
2025/02/20,0.254536611908942,1404,True,0.0003612198969470959
2025/02/21,0.2548978318058891,2554,True,-0.015453241964531489
2025/02/22,0.2394445898413576,2397,True,0.007337101288701298
2025/02/23,0.2467816911300589,2112,True,-0.0036718517507557114
2025/02/24,0.2431098393793032,2514,True,-0.03292277694895049
2025/02/25,0.2101870624303527,2431,True,0.0011367019674194956
2025/02/26,0.2113237643977722,398,True,-0.008755999614417309
2025/02/27,0.2025677647833549,1918,True,0.0043065867004749014
2025/02/28,0.2068743514838298,2153,True,-0.00478364831864278
2025/03/01,0.202090703165187,322,True,0.004273628659759887
2025/03/02,0.2063643318249469,3081,True,0.03348393087633489
2025/03/03,0.2398482627012818,3184,True,-0.040640242464373894
2025/03/04,0.1992080202369079,591,True,2.1979606270039476e-06
2025/03/05,0.1992102181975349,2586,True,0.005515217907419601
2025/03/06,0.2047254361049545,2594,True,-0.002929997399884393
2025/03/07,0.2017954387050701,2577,True,-0.003606441164508617
2025/03/08,0.1981889975405615,1865,True,-0.006180441023251798
2025/03/09,0.1920085565173097,2385,True,-0.024189752541570797
2025/03/10,0.1678188039757389,2218,True,-0.013080780564124483
2025/03/11,0.1547380234116144,2296,True,0.009800604016310083
2025/03/12,0.1645386274279245,2175,True,0.007898306888741519
2025/03/13,0.172436934316666,327,True,-0.00748806576920541
2025/03/14,0.1649488685474606,1103,True,0.006870687552545607
2025/03/15,0.1718195561000062,2259,True,0.004326422353989695
2025/03/16,0.1761459784539959,1809,True,-0.007844024481215017
2025/03/17,0.1683019539727809,1886,True,0.0053184647021189135
2025/03/18,0.1736204186748998,1662,True,-0.005344308720615615
2025/03/19,0.1682761099542842,1480,True,0.009727374615108614
2025/03/20,0.1780034845693928,1884,True,-0.008441335042586207
2025/03/21,0.1695621495268066,952,True,-0.0025563981689097903
2025/03/22,0.1670057513578968,47,True,0.00020665544125639257
2025/03/23,0.1672124067991532,1233,True,0.004965285506009304
2025/03/24,0.1721776923051625,3299,True,0.010438560014428194
2025/03/25,0.1826162523195907,3428,True,0.008365819563534299
2025/03/26,0.190982071883125,2172,True,0.003950176533533412
2025/03/27,0.1949322484166584,3499,True,-0.004191177439562599
2025/03/28,0.1907410709770958,2435,True,-0.010464186296817612
2025/03/29,0.1802768846802782,2035,True,-0.010720589074606907
2025/03/30,0.1695562956056713,896,True,-0.0031313700461355898
2025/03/31,0.1664249255595357,3259,True,0.00015923723794739053
2025/04/01,0.1665841627974831,3418,True,0.007684741843780124
2025/04/02,0.1742689046412632,2848,True,-0.010027452510503104
2025/04/03,0.1642414521307601,2522,True,-0.0022219838783782975
2025/04/04,0.1620194682523818,2841,True,0.009036607498168203
2025/04/05,0.17105607575055,2374,True,-0.001687729144691924
2025/04/06,0.1693683466058581,2386,True,-0.02042509232260148
2025/04/07,0.1489432542832566,2542,True,0.00024171592117830376
2025/04/08,0.1491849702044349,2406,True,-0.007203455474994402
2025/04/09,0.1419815147294405,3163,True,0.018577430316386895
2025/04/10,0.1605589450458274,3392,True,-0.006655956550036202
2025/04/11,0.1539029884957912,2830,True,0.006086009888379401
2025/04/12,0.1599889983841706,2378,True,0.007675979429779184
2025/04/13,0.1676649778139498,2220,True,-0.004995600673068895
2025/04/14,0.1626693771408809,2572,True,-0.004069884598337098
2025/04/15,0.1585994925425438,2911,True,-0.005133393418517707
2025/04/16,0.1534660991240261,2290,True,0.0012514567098535212
2025/04/17,0.1547175558338796,2101,True,0.0011539820414282753
2025/04/18,0.1558715378753079,2120,True,0.0017451622995309224
2025/04/19,0.1576167001748388,1855,True,-0.0003054797415990018
2025/04/20,0.1573112204332398,2630,True,-0.002281425554219507
2025/04/21,0.1550297948790203,3195,True,0.0040545673926750125
2025/04/22,0.1590843622716953,2787,True,0.01938392075085099
2025/04/23,0.1784682830225463,3424,True,-6.72746951622949e-05
2025/04/24,0.178401008327384,2619,True,0.004365746931360381
2025/04/25,0.1827667552587444,2785,True,-0.0007357155719917852
2025/04/26,0.1820310396867526,2334,True,-0.00014906774518419486
2025/04/27,0.1818819719415684,2244,True,-0.002263700750481712
2025/04/28,0.1796182711910867,1636,True,-0.0005492547897877897
2025/04/29,0.1790690164012989,3216,True,-0.004669559198302309
2025/04/30,0.1743994572029966,3034,True,-0.0019891086832491967
2025/05/01,0.1724103485197474,3091,True,0.00829339257072681
2025/05/02,0.1807037410904742,2766,True,0.0006843460657677825
2025/05/03,0.181388087156242,1627,True,-0.00562023553922239
2025/05/04,0.1757678516170196,2718,True,-0.0050555250472457125
2025/05/05,0.1707123265697739,503,True,-5.742035860320516e-05
2025/05/06,0.1706549062111707,784,True,0.0016698715851091173
2025/05/07,0.1723247777962798,2850,True,-0.00020915106802760208
2025/05/08,0.1721156267282522,3232,True,0.025070799851236197
2025/05/09,0.1971864265794884,3903,True,0.007996728241964901
2025/05/10,0.2051831548214533,4491,True,0.042903025288201
2025/05/11,0.2480861801096543,872,True,-0.016524075478384803
2025/05/12,0.2315621046312695,955,True,-0.00014396698970459143
2025/05/13,0.2314181376415649,4767,True,0.009218017408088502
2025/05/14,0.2406361550496534,4274,True,-0.007948087245813001
2025/05/15,0.2326880678038404,3508,True,-0.013868676505942201
2025/05/16,0.2188193912978982,3065,True,0.003758658278295385
2025/05/17,0.2225780495761936,663,True,-0.007694933670092996
2025/05/18,0.2148831159061006,3045,True,0.015763639969463394
2025/05/19,0.230646755875564,636,True,-0.0061416125405542865
2025/05/20,0.2245051433350097,971,True,0.001747288760282989
2025/05/21,0.2262524320952927,3209,True,0.007891797976399495
2025/05/22,0.2341442300716922,3445,True,0.010724559279487511
2025/05/23,0.2448687893511797,3293,True,-0.01926372121225811
2025/05/24,0.2256050681389216,2223,True,-0.00033901042826947614
2025/05/25,0.2252660577106521,815,True,-0.0011655391233354184
2025/05/26,0.2241005185873167,3180,True,0.0016229941254604086
2025/05/27,0.2257235127127771,2183,True,0.0004134981779523039
2025/05/28,0.2261370108907294,1374,True,-0.005072573163858007
2025/05/29,0.2210644377268714,2795,True,-0.005227904544716888
2025/05/30,0.2158365331821545,2920,True,-0.022897549560999403
2025/05/31,0.1929389836211551,1584,True,1.8089746962990372e-05
2025/06/01,0.1929570733681181,1215,True,0.0010045917458955944
2025/06/02,0.1939616651140137,1483,True,0.0016529639570780075
2025/06/03,0.1956146290710917,3353,True,-0.0024130466217608115
2025/06/04,0.1932015824493309,3956,True,-0.0048032834159711935
2025/06/05,0.1883982990333597,1747,True,-0.016527086590300194
2025/06/06,0.1718712124430595,1183,True,0.007431815165152705
2025/06/07,0.1793030276082122,3094,True,0.00571361280247068
2025/06/08,0.1850166404106829,1530,True,-0.0007939364510160807
2025/06/09,0.1842227039596668,2511,True,0.010597084568351484
2025/06/10,0.1948197885280183,2864,True,0.003039922402160916
2025/06/11,0.1978597109301792,6,True,-0.004826167831908701
2025/06/12,0.1930335430982705,495,True,-0.011336096883206415
2025/06/13,0.1816974462150641,2172,True,-0.0015606587445660958
2025/06/14,0.180136787470498,920,True,-0.0017205163487822028
2025/06/15,0.1784162711217158,2398,True,-0.0026372038749385984
2025/06/16,0.1757790672467772,2532,True,-0.0019930679011127828
2025/06/17,0.1737859993456644,355,True,-0.0038486598465889144
2025/06/18,0.1699373394990755,680,True,0.0004423799603701928
2025/06/19,0.1703797194594457,361,True,0.0005412612485787005
2025/06/20,0.1709209807080244,1666,True,-0.008589047371859782
2025/06/21,0.1623319333361646,204,True,-0.009251911184977396
2025/06/22,0.1530800221511872,454,True,-0.0019322042614455248
2025/06/23,0.1511478178897417,1079,True,0.013324749053330726
2025/06/24,0.1644725669430724,2430,True,0.0011425941066132983
2025/06/25,0.1656151610496857,974,True,-0.0011312544342560182
2025/06/26,0.1644839066154297,1475,True,-0.004441577434327798
2025/06/27,0.1600423291811019,617,True,0.0009662694667097182
2025/06/28,0.1610085986478116,485,True,0.002722730156598796
2025/06/29,0.1637313288044104,558,True,0.005816280896265902
2025/06/30,0.1695476097006763,1428,True,-0.004411130108479211
2025/07/01,0.1651364795921971,1223,True,-0.007541236998008488
2025/07/02,0.1575952425941886,792,True,0.011330567419369386
2025/07/03,0.168925810013558,432,True,0.003044648213218204
2025/07/04,0.1719704582267762,124,True,-0.009092533492093297
2025/07/05,0.1628779247346829,315,True,0.001436414971722505
2025/07/06,0.1643143397064054,949,True,0.007531968060801281
2025/07/07,0.1718463077672067,263,True,-0.0039827417610178995
2025/07/08,0.1678635660061888,320,True,0.003121396436180701
2025/07/09,0.1709849624423695,2817,True,0.009840516763944013
2025/07/10,0.1808254792063135,85,True,0.013108355901589291
2025/07/11,0.1939338351079028,163,True,0.007113489627429304
2025/07/12,0.2010473247353321,1071,True,-0.004115638383654613
2025/07/13,0.1969316863516775,1957,True,0.0012513566333712256
2025/07/14,0.1981830429850487,3163,True,-0.000981447332756319
2025/07/15,0.1972015956522924,2870,True,0.0016057909237943147
2025/07/16,0.1988073865760867,4329,True,0.014362812117707097
2025/07/17,0.2131701986937938,4495,True,0.005878346131554996
2025/07/18,0.2190485448253488,3390,True,0.017184559917158504
2025/07/19,0.2362331047425073,4728,True,0.005129628971468292
2025/07/20,0.2413627337139756,5162,True,0.03158360829437501
2025/07/21,0.2729463420083506,5165,True,-0.0016786763445597042
2025/07/22,0.2712676656637909,1918,True,-0.0016146069770794913
2025/07/23,0.2696530586867114,2657,True,-0.028998506271803115
2025/07/24,0.2406545524149083,5147,True,-0.008898427301321288
2025/07/25,0.231756125113587,4369,True,0.0047263432260973015
2025/07/26,0.2364824683396843,2423,True,-0.0006778934923087065
2025/07/27,0.2358045748473756,486,True,0.004711913233847398
2025/07/28,0.240516488081223,6379,True,-0.015376731180853809
2025/07/29,0.2251397569003692,1461,True,-0.0017080825132675947
2025/07/30,0.2234316743871016,3097,True,-0.0031142245821748904
2025/07/31,0.2203174498049267,2368,True,-0.010671135384281799
